experiment,case,data_seed,m_constraints,family,selection,strictly_reliable,reliability_code,normalizer_reliable,reference_reliable,reference_method,reference_rhat_max,reference_ess_min,vi_converged,vi_failure_reason,selected_validation_elbo,selected_normalized_gradient,method,reverse_kl,reverse_kl_se,forward_kl,forward_kl_se,tv,tv_se,validation_elbo,normalized_gradient,converged,wall_time_seconds,jacobian_log_q01,jacobian_log_q50,jacobian_log_q99,minimum_derivative,average_marginal_w1,sliced_w1,mean_relative_error,covariance_relative_error,normalized_reverse_kl
capacity_extended,log,0,10,diag,best_converged_validation_elbo,True,OK,True,True,rejection,1.0,30000.0,True,,-27.454139780513223,3.867724722030913e-05,CTVGP,27.354798834581,0.019030515331326818,62246.72631035229,343.3713252402352,0.9999999992103927,1.3417419582935034e-10,-27.454139780513223,3.867724722030913e-05,True,14.5399299999699,-2.4170620956090336,-1.1521444795022528,-0.3879415528962927,0.08884279866115334,0.04162253790664762,0.0384233129447247,0.00788356974197374,0.9952294708403477,2.7354798834581002
capacity_extended,log,0,10,rank2,best_unconverged_validation_elbo,False,U_VI,True,True,rejection,1.0,30000.0,False,normalized_gradient,-17.939392786890153,0.024955570739343208,CTVGP,17.833406365908235,0.014674160501494782,16300.640833592952,114.10150765106944,0.999997189686404,4.371169682856402e-07,-17.939392786890153,0.024955570739343208,False,19.64908569981344,-2.4875021137411713,-1.2093835360140632,-0.377553123533171,0.05370717681708848,0.02438475982768456,0.023333407479003396,0.007793337762162779,0.7947408179579308,1.7833406365908235
capacity_extended,log,0,10,rank4,best_unconverged_validation_elbo,False,U_VI,True,True,rejection,1.0,30000.0,False,normalized_gradient,-11.178411416521358,0.4356179683225066,CTVGP,11.087591170335058,0.0113662553717105,3969.627324300956,32.95493462576104,0.9992973057501098,7.081553901177195e-05,-11.178411416521358,0.4356179683225066,False,17.51116059999913,-2.709924655330073,-1.1709833800236824,-0.37696729660322553,0.030175060486048285,0.021565195767485335,0.021639457538922338,0.00858017188845759,0.8003435084983651,1.1087591170335058
capacity_extended,log,0,10,full,best_unconverged_validation_elbo,False,U_VI,True,True,rejection,1.0,30000.0,False,normalized_gradient,-4.166997568404774,0.09536851341857018,CTVGP,4.070245386759344,0.006517016981224137,421.3293087959236,12.684873344555152,0.9408302240518096,0.0007038853380845751,-4.166997568404774,0.09536851341857018,False,13.681648700032383,-2.497542069434737,-1.158179230769612,-0.3655948922825857,0.04414595160717802,0.023250070485742215,0.020893346126729516,0.013901506667687549,0.8347115532391562,0.40702453867593447
capacity_extended,log,0,20,diag,best_unconverged_validation_elbo,False,U_VI,True,True,rejection,1.0,30000.0,False,normalized_gradient,-67.90566202375331,0.25702527497402616,CTVGP,65.9677749695086,0.008270425599158221,144983247.94411832,659791.948955532,1.0,0.0,-67.90566202375331,0.25702527497402616,False,53.69161940016784,-5.5570469938562095,-1.1668148397593447,-0.38889657225924507,0.003805262582183688,0.05557908397694263,0.05175651870256015,0.0939321807441381,0.9999992728296145,3.2983887484754297
capacity_extended,log,0,20,rank2,best_unconverged_validation_elbo,False,U_VI,True,True,rejection,1.0,30000.0,False,"validation_plateau,normalized_gradient",-57.65773732422588,8.464624134872825,CTVGP,55.80060057629063,0.012074708072981931,95569988.84561309,515792.9854349828,1.0,0.0,-57.65773732422588,8.464624134872825,False,53.89195839990862,-2.514427633852661,-1.2969653148411504,-0.35117135118223614,0.06850289088643334,0.046455164318680596,0.047045572421348866,0.09160512164103696,0.9633955297460248,2.7900300288145314
capacity_extended,log,0,20,rank4,best_unconverged_validation_elbo,False,U_VI,True,True,rejection,1.0,30000.0,False,"validation_plateau,normalized_gradient",-54.15547391774753,10.971390499973731,CTVGP,47.45864844420249,0.02283871124966448,40732224.16716631,245316.8142303047,1.0,1.890282398456263e-17,-54.15547391774753,10.971390499973731,False,54.4266825998202,-2.8564609362085203,-1.2336488702193664,-0.36899363029114335,0.03021150681339083,0.03731046991082519,0.034194471813107585,0.06128042518401072,0.9089026684660849,2.3729324222101242
capacity_extended,log,0,20,full,best_unconverged_validation_elbo,False,U_VI,True,True,rejection,1.0,30000.0,False,"validation_plateau,normalized_gradient",-43.66330778496703,55.43177788497129,CTVGP,32.49661552202156,0.07112727840983632,942664.5555994668,55156.877109351764,0.9999628215525801,7.341107683586958e-06,-43.66330778496703,55.43177788497129,False,30.7537016000133,-2.8261482536695395,-1.1715798061668243,-0.3617043603687645,0.024206118162777422,0.02383397865246607,0.020753273400089988,0.015003616794190254,0.8245325347006802,1.6248307761010778
capacity_extended,log,0,5,diag,best_converged_validation_elbo,True,OK,True,True,rejection,1.0,30000.0,True,,-1.4531579204473815,0.00013833235745863907,CTVGP,1.413771712795425,0.005225852080346227,4.006443685221839,0.04693716119897977,0.6084967594891914,0.0015222881413767997,-1.4531579204473815,0.00013833235745863907,True,1.1824578000232577,-2.734173678909387,-1.3080648046098449,-0.35484414103290396,0.019338022297804486,0.016917962194432146,0.014964552463790406,0.0005527687909078373,0.706973280358744,0.282754342559085
capacity_extended,log,0,5,rank2,best_converged_validation_elbo,True,OK,True,True,rejection,1.0,30000.0,True,,-0.40945146825992307,0.0003310672531344813,CTVGP,0.370715949514415,0.0027099741444141837,1.1628671731877485,0.03462836331136901,0.2993183953652279,0.001278196294439902,-0.40945146825992307,0.0003310672531344813,True,3.7034190001431853,-2.806572225719856,-1.285297425484424,-0.345674131072876,0.02209426836908773,0.0059030349726050535,0.005105126274133261,0.0012925519527842986,0.21526810791914647,0.074143189902883
capacity_extended,log,0,5,rank4,best_converged_validation_elbo,True,OK,True,True,rejection,1.0,30000.0,True,,-0.2541685008401551,0.0005320914969600726,CTVGP,0.20898625344676272,0.0019356903541955979,0.9392520061120815,0.03333130972465944,0.21787353462325418,0.0010974961978743574,-0.2541685008401551,0.0005320914969600726,True,5.293345300015062,-2.8341495664337795,-1.284210652620041,-0.34195426677532204,0.01943198828923046,0.004886752635256402,0.003278435675207345,0.002169419622089765,0.16166013494504877,0.04179725068935254
capacity_extended,log,0,5,full,best_converged_validation_elbo,True,OK,True,True,rejection,1.0,30000.0,True,,-0.25464871659687915,0.0014295017411493926,CTVGP,0.21394946308170892,0.0019974029201360994,0.9530118892924293,0.033811732989230826,0.21868469128563592,0.0011063763637915126,-0.25464871659687915,0.0014295017411493926,True,1.3939169999212027,-2.829889420094683,-1.2864979340761997,-0.3425007982448858,0.01655364672491059,0.005008443976633418,0.00412900711796746,0.0025439682859927522,0.1702958845938239,0.042789892616341786
capacity_extended,log,1,10,diag,best_converged_validation_elbo,True,OK,True,True,rejection,1.0,30000.0,True,,-38.013731668296224,2.957312826609325e-06,CTVGP,36.70359032137648,0.007295711070746698,10966901.887590582,63731.8966811521,0.9999999999999823,1.075219667300896e-14,-38.013731668296224,2.957312826609325e-06,True,18.008375300094485,-1.6716540117214864,-1.3852413304323274,-0.5077939530192881,0.20810464525830963,0.031667509581119496,0.03140447743546451,0.0005617317196601009,0.9999916873315366,3.670359032137648
capacity_extended,log,1,10,rank2,best_unconverged_validation_elbo,False,U_VI,True,True,rejection,1.0,30000.0,False,normalized_gradient,-23.859176714324015,0.1267541142115004,CTVGP,22.983030183816677,0.006015504261951539,2237059.572044535,13931.117617013868,0.9999999977833982,3.2584040318379477e-10,-23.859176714324015,0.1267541142115004,False,21.59619230008684,-1.7870718577964968,-1.3486827690112615,-0.48183354438160053,0.14899480668422418,0.015181299053396399,0.015714282225798765,0.010385451563579715,0.8234595396252256,2.2983030183816675
capacity_extended,log,1,10,rank4,best_unconverged_validation_elbo,False,U_VI,True,True,rejection,1.0,30000.0,False,normalized_gradient,-12.550536321494732,1.2484855336199712,CTVGP,12.039303929188614,0.004624921753929564,194286.07609878213,1875.7768537047498,0.9999470935952349,1.440971004181376e-05,-12.550536321494732,1.2484855336199712,False,13.901864000130445,-1.8088228785356155,-1.3304032906617338,-0.46616134761925887,0.11761245113851947,0.012468077027320537,0.012091564169941157,0.009707424315670897,0.6980887601414653,1.2039303929188614
capacity_extended,log,1,10,full,best_unconverged_validation_elbo,False,U_VI,True,True,rejection,1.0,30000.0,False,"validation_plateau,normalized_gradient",-5.17161302541426,4.5363941052924215,CTVGP,4.965451607374471,0.00840441639024957,3077.738475387702,142.44283237430736,0.9664452632610566,0.0005197303598478812,-5.17161302541426,4.5363941052924215,False,11.473241900093853,-1.8358062298330242,-1.3194088353602287,-0.46520172124276876,0.10382760299753316,0.012399342169664651,0.010880581366895183,0.005933824124246106,0.5849848844157732,0.49654516073744714
capacity_extended,log,1,20,diag,best_converged_validation_elbo,True,OK,True,True,rejection,1.0,30000.0,True,,-47.18559884103881,1.9285618888883795e-05,CTVGP,46.41297248260624,0.00666416361821422,73479362.80345424,375548.85079508385,1.0,3.598970391193842e-19,-47.18559884103881,1.9285618888883795e-05,True,49.60297359991819,-1.6792762965103873,-1.396103468129918,-0.5080251210437543,0.20638146102919935,0.03012983103024583,0.029358156099308523,0.00015656863674248138,0.9999999113299212,2.320648624130312
capacity_extended,log,1,20,rank2,best_unconverged_validation_elbo,False,U_VI,True,True,rejection,1.0,30000.0,False,normalized_gradient,-31.2235062704967,0.603036120463085,CTVGP,30.945338081521008,0.006118997457479795,37020840.79339356,233906.83059900795,0.9999999999984169,3.5174615556429104e-13,-31.2235062704967,0.603036120463085,False,34.10539479996078,-1.7754191064476437,-1.3803952077997819,-0.48587600387061713,0.15742567128638993,0.013758833391981706,0.014348957379620265,0.0026104545881833682,0.8352892418308154,1.5472669040760505
capacity_extended,log,1,20,rank4,best_unconverged_validation_elbo,False,U_VI,True,True,rejection,1.0,30000.0,False,normalized_gradient,-17.22943016933199,0.5384262329868034,CTVGP,17.31557528046237,0.005703607897076678,2739322.2230291166,23236.957160124486,0.9999995201182797,5.985298063896311e-08,-17.22943016933199,0.5384262329868034,False,33.2002111999318,-1.7870076467996399,-1.3668239559270312,-0.48079210873816786,0.12842498037700784,0.01324045630266731,0.011848714414694194,0.0016840463170700872,0.7305561448285288,0.8657787640231185
capacity_extended,log,1,20,full,best_unconverged_validation_elbo,False,U_VI,True,True,rejection,1.0,30000.0,False,"validation_plateau,normalized_gradient",-13.965598154329058,4.481347714478716,CTVGP,15.571472883246091,0.007111390431809665,12285.211250475548,544.9017734147837,0.9999642032565109,2.00710919979027e-05,-13.965598154329058,4.481347714478716,False,30.24404520005919,-1.691915571663539,-1.3806023961254978,-0.5077094613893943,0.19628091177363025,0.028472507149473802,0.02726514038036916,0.0017627206639212437,0.9967525832627828,0.7785736441623046
capacity_extended,log,1,5,diag,best_converged_validation_elbo,True,OK,True,True,rejection,1.0,30000.0,True,,-1.9980448211248172,3.111731928294092e-05,CTVGP,1.9885430266739998,0.006526919598634651,5.795542708520933,0.050173243694224226,0.7007474970640742,0.001468330511029659,-1.9980448211248172,3.111731928294092e-05,True,1.377515299944207,-1.8109999376027586,-1.381746781214428,-0.4644411067550126,0.13059445720844226,0.015977697068585175,0.015470705547066288,0.0005355120919522563,0.6976185615637743,0.39770860533479996
capacity_extended,log,1,5,rank2,best_converged_validation_elbo,True,OK,True,True,rejection,1.0,30000.0,True,,-0.46681851689712595,0.00014520114714099277,CTVGP,0.46137825321388953,0.003159492341627944,0.7772934795132491,0.02093596537820129,0.33915302381309503,0.00131489653790103,-0.46681851689712595,0.00014520114714099277,True,3.6631849000696093,-1.923780125972319,-1.3570615870839893,-0.45007296640844013,0.09740893308284854,0.004896921836070943,0.005540760516258794,0.0006627139995368487,0.31927664927349053,0.0922756506427779
capacity_extended,log,1,5,rank4,best_converged_validation_elbo,True,OK,True,True,rejection,1.0,30000.0,True,,-0.11075222895928949,0.00018597033710554499,CTVGP,0.10730643578559229,0.0014801908377429407,0.2635869055613216,0.017030804740475223,0.15021732393451756,0.0008394866131407864,-0.11075222895928949,0.00018597033710554499,True,7.946816100040451,-1.9530715089021993,-1.3538866690462312,-0.4424588745457756,0.08268324710013143,0.002740882860749623,0.0023508224164199057,0.0007135571007740601,0.1309482254051979,0.02146128715711846
capacity_extended,log,1,5,full,best_converged_validation_elbo,True,OK,True,True,rejection,1.0,30000.0,True,,-0.11168674833163372,0.0002426192411688179,CTVGP,0.10913038794260982,0.0014260907536880864,0.2595244394518926,0.01702356904521962,0.15069157116495552,0.0008391149171970916,-0.11168674833163372,0.0002426192411688179,True,1.4134802999906242,-1.9520066385197414,-1.3528121380286635,-0.4420080376235083,0.08464364021175266,0.0028197156643770364,0.0025093994552537933,0.0007568573036182232,0.1320735794802143,0.021826077588521963
capacity_extended,log,2,10,diag,best_converged_validation_elbo,True,OK,True,True,rejection,1.0,30000.0,True,,-40.18142742528481,0.00011634898093416094,CTVGP,38.35847971386442,0.014531275417231062,4782055.921133944,30344.253735943275,0.9999999999999823,1.0432424768098812e-14,-40.18142742528481,0.00011634898093416094,True,22.547341600060463,-4.651549385653771,-1.2933496312700024,-0.4148412376371799,0.006085571621875325,0.04506312648695509,0.045368943733071716,0.037714511925733524,0.9998705839931292,3.8358479713864417
capacity_extended,log,2,10,rank2,best_unconverged_validation_elbo,False,U_VI,True,True,rejection,1.0,30000.0,False,normalized_gradient,-27.151911791070546,0.22732052558068794,CTVGP,25.588120811526935,0.01161030523972582,1478616.7675976274,12301.849994142347,0.999999999127592,2.882431449052716e-10,-27.151911791070546,0.22732052558068794,False,18.052288100123405,-5.063077424384962,-1.270540084527311,-0.39821045085938844,0.0026224734728506503,0.02984901231050189,0.031514658191568755,0.04563578864545427,0.8472207513064738,2.5588120811526935
capacity_extended,log,2,10,rank4,best_unconverged_validation_elbo,False,U_VI,True,True,rejection,1.0,30000.0,False,normalized_gradient,-17.196387284254236,1.6780560916362632,CTVGP,15.868698779619185,0.008556524013028009,228473.3586752725,2641.1556977719138,0.9999908128890688,4.250842016133148e-06,-17.196387284254236,1.6780560916362632,False,16.79472119989805,-4.9691112443053465,-1.2737504227789507,-0.3847066233942985,0.002351745329785647,0.02520334943254273,0.025251346035588627,0.03992902136936694,0.7657853982035909,1.5868698779619186
capacity_extended,log,2,10,full,best_unconverged_validation_elbo,False,U_VI,True,True,rejection,1.0,30000.0,False,"validation_plateau,normalized_gradient",-7.290986327831298,1.9198115451593474,CTVGP,6.365039609129512,0.0052405725027113124,5864.123757544961,185.23480595204063,0.9912466196308803,0.00025204461479171183,-7.290986327831298,1.9198115451593474,False,13.583484800066799,-5.025131702108992,-1.2732139904859492,-0.3810341744272994,0.0017835983148243343,0.028804272471800497,0.028736549984889927,0.0403220672645193,0.839167335105487,0.6365039609129511
capacity_extended,log,2,20,diag,best_unconverged_validation_elbo,False,U_VI,True,True,rejection,1.0,30000.0,False,normalized_gradient,-60.22444368800757,0.5625982728416001,CTVGP,58.03377104265397,0.00755159538937552,141460277.81103942,780038.298763358,1.0,0.0,-60.22444368800757,0.5625982728416001,False,54.647692900151014,-7.476117140608462,-1.275924688900298,-0.41709169409342794,0.0003202385789845418,0.04510294447472853,0.043480522494749964,0.04264666818687972,0.9999998192713901,2.9016885521326983
capacity_extended,log,2,20,rank2,best_unconverged_validation_elbo,False,U_VI,True,True,rejection,1.0,30000.0,False,normalized_gradient,-47.95563560710039,3.5931703475609553,CTVGP,46.33874623749403,0.0072899652410003376,118284310.55644424,485469.5800385332,1.0,9.367366863496451e-20,-47.95563560710039,3.5931703475609553,False,55.512823400087655,-4.260079597765674,-1.3760367592004246,-0.3627660032448798,0.005766265579618518,0.04128428719246916,0.040551240969451285,0.07286539475573932,0.88166198916452,2.3169373118747014
capacity_extended,log,2,20,rank4,best_unconverged_validation_elbo,False,U_VI,True,True,rejection,1.0,30000.0,False,"validation_plateau,normalized_gradient",-61.95939264460599,17.827249239465715,CTVGP,44.24988414530336,0.03813081757363241,6672214.5381582575,47753.22626082031,0.9999999995845544,4.1453421496918507e-10,-61.95939264460599,17.827249239465715,False,44.01087750005536,-4.823287346890781,-1.3155634384788604,-0.38224817267035854,0.003891159123243065,0.03160759879183176,0.03028738966132963,0.05268374543728714,0.8203820462276917,2.212494207265168
capacity_extended,log,2,20,full,best_unconverged_validation_elbo,False,U_VI,True,True,rejection,1.0,30000.0,False,"validation_plateau,normalized_gradient",-49.45295820932783,23.975551899843094,CTVGP,32.84770956936516,0.07693287585942174,111365.1398591279,12444.241530873347,0.9998015702126304,4.536315411781102e-05,-49.45295820932783,23.975551899843094,False,30.956096299923956,-4.7696004133596634,-1.285166167062271,-0.3883117333869449,0.0025752091177956046,0.02859593218719588,0.02688547224729997,0.03847675567654867,0.8194583657886473,1.6423854784682579
capacity_extended,log,2,5,diag,best_converged_validation_elbo,True,OK,True,True,rejection,1.0,30000.0,True,,-1.6519017121667119,9.3335691871592e-05,CTVGP,0.8826389557846155,0.004644755892262775,1.5804006466767724,0.019894532960562136,0.4667115938302375,0.0015104579699648129,-1.6519017121667119,9.3335691871592e-05,True,5.042408799985424,-4.231969024237431,-1.2926904538795823,-0.36424069385887053,0.0018444490964440788,0.01152688226826245,0.010261306202031615,0.0036635892599195252,0.5502229098307981,0.1765277911569231
capacity_extended,log,2,5,rank2,best_converged_validation_elbo,True,OK,True,True,rejection,1.0,30000.0,True,,-1.0565847560552366,0.0002668177327454937,CTVGP,0.2756971423372352,0.0026347938758496466,0.6445148035835496,0.015555862194153943,0.2581052867046818,0.0011473562941149804,-1.0565847560552366,0.0002668177327454937,True,12.24746510013938,-4.228907907199665,-1.276416104305575,-0.3531957974213872,0.0027102735416841563,0.004447999561236651,0.0037160822881213804,0.003416559990704887,0.14307477103675934,0.05513942846744704
capacity_extended,log,2,5,rank4,best_converged_validation_elbo,True,OK,True,True,rejection,1.0,30000.0,True,,-0.9732416641538119,0.0006923434647383832,CTVGP,0.19491915781480218,0.0023853634224379225,0.5317934368733475,0.015094209242116893,0.216482455912317,0.000995977678747077,-0.9732416641538119,0.0006923434647383832,True,2.6333896999713033,-4.252525862506605,-1.2752129835538775,-0.3520881777834578,0.00255638403742777,0.003802120479234126,0.0023343343390496794,0.0016104097575688244,0.06305930584405221,0.03898383156296044
capacity_extended,log,2,5,full,best_converged_validation_elbo,True,OK,True,True,rejection,1.0,30000.0,True,,-0.9779470979240594,0.0007799874771711813,CTVGP,0.20612430080903332,0.002429900266322397,0.5351690311422419,0.015396736910502402,0.21736670695061588,0.0010019606033152518,-0.9779470979240594,0.0007799874771711813,True,1.341622699983418,-4.249200453384187,-1.2763356305502302,-0.3527669409178342,0.0025211912151698475,0.003992235085383882,0.0023665163262524313,0.0016177700553363715,0.06501357373770426,0.04122486016180667
capacity_extended,log,3,10,diag,best_converged_validation_elbo,True,OK,True,True,rejection,1.0,30000.0,True,,-40.51400307706011,8.752879556379958e-05,CTVGP,39.2295117327217,0.009311548527741074,13296645.250611434,81841.35042773094,0.9999999999999988,4.514087709354481e-16,-40.51400307706011,8.752879556379958e-05,True,19.75541270012036,-1.594717062159921,-1.2650342195215745,-0.5261519395911105,0.2251524426217672,0.043579747090373204,0.04421095909257697,0.0006841068979563126,0.9999814590876182,3.92295117327217
capacity_extended,log,3,10,rank2,best_unconverged_validation_elbo,False,U_VI,True,True,rejection,1.0,30000.0,False,normalized_gradient,-26.167137448250784,0.32477349478961764,CTVGP,25.292299864212115,0.007834313520977323,2033873.0383717585,13617.747268733432,0.9999999986529523,6.539322968364912e-10,-26.167137448250784,0.32477349478961764,False,14.433707299875095,-1.7501640558018579,-1.2316759821463825,-0.5009451854555633,0.1380377588218082,0.023218581232230296,0.02315927427616985,0.017493592321878464,0.8261879004898508,2.5292299864212113
capacity_extended,log,3,10,rank4,best_unconverged_validation_elbo,False,U_VI,True,True,rejection,1.0,30000.0,False,normalized_gradient,-14.848335558149323,1.1109641228770382,CTVGP,14.310025935106662,0.006015575369360979,272649.48442805815,2737.3306403958545,0.9999887872337382,2.3542120975696775e-06,-14.848335558149323,1.1109641228770382,False,13.12246199999936,-1.84702700200499,-1.234748973388219,-0.46796037789651485,0.085226201355965,0.01716517036298548,0.01571591154703184,0.00958439507202006,0.6823657674781537,1.4310025935106663
capacity_extended,log,3,10,full,best_unconverged_validation_elbo,False,U_VI,True,True,rejection,1.0,30000.0,False,"validation_plateau,normalized_gradient",-5.626761015176413,2.887760740289508,CTVGP,5.454097525664449,0.007039263054603501,5154.023330552032,311.5797924190575,0.9780578872509108,0.00042183907660449675,-5.626761015176413,2.887760740289508,False,13.413506999844685,-1.8629938743576433,-1.223485642691097,-0.46873474608452576,0.07734991370576351,0.018130123336213038,0.01776166178285119,0.01614479038551081,0.639130016617505,0.5454097525664449
capacity_extended,log,3,20,diag,best_converged_validation_elbo,True,OK,True,True,rejection,1.0,30000.0,True,,-53.30332685745017,0.00029849820760814255,CTVGP,52.228781217839966,0.0070600788574373035,129268523.24626079,666729.1619946827,1.0,0.0,-53.30332685745017,0.00029849820760814255,True,50.982914299936965,-1.5946281575915733,-1.271421596709959,-0.5270111580048075,0.22661768032433394,0.0416101157869732,0.041762271669920706,0.0015222713803094094,0.9999999071989739,2.6114390608919984
capacity_extended,log,3,20,rank2,best_unconverged_validation_elbo,False,U_VI,True,True,rejection,1.0,30000.0,False,normalized_gradient,-36.87104355228183,0.3254444567706255,CTVGP,36.3090482453131,0.006325695824338089,55386720.665032126,342245.5510935383,0.9999999999999837,5.7806378197306036e-15,-36.87104355228183,0.3254444567706255,False,33.056193500058725,-1.7038706182320529,-1.2631201771633163,-0.48832519555246184,0.11856792091904814,0.020096408017757156,0.01819344061686946,0.006451917953848943,0.7523291709911918,1.815452412265655
capacity_extended,log,3,20,rank4,best_unconverged_validation_elbo,False,U_VI,True,True,rejection,1.0,30000.0,False,normalized_gradient,-22.859937647387383,0.8599714443354527,CTVGP,22.582090650365966,0.006762169321697517,7558064.7007759875,62807.10164266946,0.9999999940273517,1.2175315329410618e-09,-22.859937647387383,0.8599714443354527,False,32.25630089989863,-1.690444800374423,-1.2672296510535372,-0.4987536105609196,0.14003603364598266,0.024455120227235224,0.02456930594395006,0.0015041398257324824,0.8659643570626668,1.1291045325182982
capacity_extended,log,3,20,full,best_unconverged_validation_elbo,False,U_VI,True,True,rejection,1.0,30000.0,False,"validation_plateau,normalized_gradient",-22.312516049736928,6.682158140300187,CTVGP,24.66998127713355,0.008156548915456153,187129.9260839433,7116.761657163965,0.9999999949932502,1.6021459520296804e-09,-22.312516049736928,6.682158140300187,False,29.604914699913934,-1.6223597312758802,-1.268958419137651,-0.5268261344497724,0.20215211908490066,0.04036854488871481,0.0401684889615079,0.002463466000408582,0.9989916500040393,1.2334990638566776
capacity_extended,log,3,5,diag,best_converged_validation_elbo,True,OK,True,True,rejection,1.0,30000.0,True,,-0.9886084577121017,5.996235713616971e-05,CTVGP,0.9839083161019417,0.004071115723855596,2.357656322518856,0.04032221007513168,0.520052897445398,0.0015204031091126551,-0.9886084577121017,5.996235713616971e-05,True,0.9606246999464929,-2.029424540594597,-1.2621531877692025,-0.45676976293611005,0.06607209954850687,0.014340224712243199,0.013660329784357396,0.0011843582575938002,0.5721634854781141,0.19678166322038834
capacity_extended,log,3,5,rank2,best_converged_validation_elbo,True,OK,True,True,rejection,1.0,30000.0,True,,-0.19919039938928806,0.00014354133158316784,CTVGP,0.18992432000771112,0.001908811022627192,0.6017550727100955,0.031987356414266956,0.21333285475130434,0.001034303660568136,-0.19919039938928806,0.00014354133158316784,True,4.041020199889317,-2.111951759839187,-1.24308325344309,-0.440491879051341,0.05462552727415909,0.0047560045589010195,0.004591086308249041,0.0033401828134677785,0.20601199237000983,0.037984864001542225
capacity_extended,log,3,5,rank4,best_converged_validation_elbo,True,OK,True,True,rejection,1.0,30000.0,True,,-0.13511139154355378,0.0006177990365077877,CTVGP,0.1265460141504037,0.0015031628660261507,0.4962317814003542,0.030947549447101295,0.16514875365388262,0.0009087192910548106,-0.13511139154355378,0.0006177990365077877,True,2.423153300071135,-2.1283040936547555,-1.2427259555550698,-0.43659927460414155,0.051728905763679965,0.004374320296135556,0.0036129693486872502,0.0021847757650978526,0.1063782776394018,0.02530920283008074
capacity_extended,log,3,5,full,best_converged_validation_elbo,True,OK,True,True,rejection,1.0,30000.0,True,,-0.13581521970411625,0.000346019211098656,CTVGP,0.12937132753064065,0.00149991221606234,0.49280658081234285,0.031025406276996466,0.16569734828702887,0.0009123319785701182,-0.13581521970411625,0.000346019211098656,True,2.1129403999075294,-2.1290207185121064,-1.2421671155964948,-0.43774638081563544,0.06202233039265202,0.004438800597988357,0.0034572186947593357,0.0028282491562143137,0.10436247345606048,0.02587426550612813
capacity_extended,log,4,10,diag,best_converged_validation_elbo,True,OK,True,True,rejection,1.0,30000.0,True,,-40.782997778359444,3.5766777434384796e-06,CTVGP,39.37437677620069,0.009008817609377386,16674723.06447456,105478.68136658258,0.9999999999999992,1.3256375631669794e-16,-40.782997778359444,3.5766777434384796e-06,True,16.623799200169742,-1.9161793524564252,-1.3283265832086193,-0.5154961563408045,0.15806105876388005,0.04430958531481612,0.044432174206160975,0.005946244542637437,0.9999887319187465,3.937437677620069
capacity_extended,log,4,10,rank2,best_unconverged_validation_elbo,False,U_VI,True,True,rejection,1.0,30000.0,False,normalized_gradient,-26.229425171572423,0.47481629115220475,CTVGP,25.239380830244396,0.007564398509576814,2783608.279166016,19623.317939251865,0.9999999968945907,2.5555158324069125e-09,-26.229425171572423,0.47481629115220475,False,17.26905840006657,-2.167558709904743,-1.2864542364283569,-0.4904148285776365,0.08152740376383903,0.023988217159477642,0.02385226652592839,0.025090074643061937,0.822539184338311,2.5239380830244396
capacity_extended,log,4,10,rank4,best_unconverged_validation_elbo,False,U_VI,True,True,rejection,1.0,30000.0,False,normalized_gradient,-14.8358527084509,2.764449680539054,CTVGP,14.206888127699816,0.0060606594729924555,350711.7421861056,4496.27078871101,0.9999819143690302,5.179671383796444e-06,-14.8358527084509,2.764449680539054,False,16.963259800104424,-2.2277511596743964,-1.3005816062332263,-0.45798357425260816,0.06189274025885692,0.01880394857218965,0.018564615611989264,0.012328564404343288,0.6953463781256624,1.4206888127699817
capacity_extended,log,4,10,full,best_unconverged_validation_elbo,False,U_VI,True,True,rejection,1.0,30000.0,False,normalized_gradient,-6.297556461792759,2.097923664645538,CTVGP,6.068650361584511,0.00859030695886789,14368.366684713805,862.3337083821501,0.984485992687608,0.0003463265981231526,-6.297556461792759,2.097923664645538,False,14.242518900195137,-2.261267447005292,-1.2925926205851934,-0.4554942861164823,0.034737786073011735,0.01721958014630242,0.01777755126370284,0.01618566693600612,0.6171373448763471,0.6068650361584511
capacity_extended,log,4,20,diag,best_unconverged_validation_elbo,False,U_VI,True,True,rejection,1.0,30000.0,False,normalized_gradient,-52.241576490847024,2.7029726940641567,CTVGP,51.22003629533055,0.006888824937750247,144014558.80479196,827008.5899818983,1.0,0.0,-52.241576490847024,2.7029726940641567,False,52.38701059995219,-1.9729443307598502,-1.3228898249553864,-0.5152023294173979,0.14942847086203856,0.042605482656377654,0.04125844284562442,0.014434675510469274,0.9999999264120772,2.5610018147665277
capacity_extended,log,4,20,rank2,best_unconverged_validation_elbo,False,U_VI,True,True,rejection,1.0,30000.0,False,normalized_gradient,-36.16951132127494,1.1825028585944029,CTVGP,35.71774911482541,0.006408377175997734,52599668.814051725,343250.02219335444,0.9999999999999889,2.3941924839367385e-15,-36.16951132127494,1.1825028585944029,False,55.842394299805164,-1.9765470678773949,-1.3768648708709021,-0.4587490827660242,0.07468127161672392,0.02323198206160856,0.02277204680192951,0.03093111766734292,0.7132112884399512,1.7858874557412705
capacity_extended,log,4,20,rank4,best_unconverged_validation_elbo,False,U_VI,True,True,rejection,1.0,30000.0,False,normalized_gradient,-27.490620719256725,2.8751507166522017,CTVGP,24.35909837029768,0.010518398308718629,11845786.079503266,90758.04479817918,0.9999999315413414,6.066923503266448e-08,-27.490620719256725,2.8751507166522017,False,47.52603060007095,-2.176113436134848,-1.3593388917419102,-0.47301868226640464,0.0535637929577187,0.02442502316785298,0.021978747428083593,0.035360169435718236,0.7332668281468389,1.217954918514884
capacity_extended,log,4,20,full,best_unconverged_validation_elbo,False,U_VI,True,True,rejection,1.0,30000.0,False,"validation_plateau,normalized_gradient",-27.40050911662715,17.47999982925334,CTVGP,20.65175345909517,0.06768637857011832,179763.27053035673,11157.028311346148,0.9970731064600165,0.00016966125624379678,-27.40050911662715,17.47999982925334,False,33.45047940011136,-2.1911396214057386,-1.3191493103961531,-0.4694118392686853,0.03555687351306689,0.016539978004323087,0.014361229212762856,0.009276819679225725,0.5947480459419578,1.0325876729547585
capacity_extended,log,4,5,diag,best_converged_validation_elbo,True,OK,True,True,rejection,1.0,30000.0,True,,-1.376972362665761,8.058528413608954e-05,CTVGP,1.3375527464462527,0.005062445198741263,3.725743601253062,0.04740704631415295,0.5922389083127289,0.001537097839736026,-1.376972362665761,8.058528413608954e-05,True,1.0918576999101788,-2.4777354386371706,-1.3370241455881198,-0.4473569599881498,0.027772212560585985,0.017476915677488374,0.016239259664225562,0.0005199427603769856,0.6144932544091697,0.26751054928925055
capacity_extended,log,4,5,rank2,best_converged_validation_elbo,True,OK,True,True,rejection,1.0,30000.0,True,,-0.3899072893551869,0.00015706965622469524,CTVGP,0.34547380999429134,0.0026044749045041385,1.202061307333907,0.03663773707914967,0.29219137337977963,0.0012365899003958262,-0.3899072893551869,0.00015706965622469524,True,3.0063686999492347,-2.554743297959092,-1.3275173133775073,-0.42841527583626554,0.026865443782795456,0.006456297654016334,0.006208469556557441,0.0024853336163278956,0.2482103942961342,0.06909476199885826
capacity_extended,log,4,5,rank4,best_converged_validation_elbo,True,OK,True,True,rejection,1.0,30000.0,True,,-0.2512623757889092,0.0007955968917424843,CTVGP,0.21426992776231135,0.002007359944870235,0.9630454875538925,0.03476971236594463,0.2173235739035279,0.0010912878501842971,-0.2512623757889092,0.0007955968917424843,True,5.662279799813405,-2.6015912395937715,-1.326435268672478,-0.4255993455529404,0.02586322905612248,0.005468172861609525,0.0038202177691099523,0.004688754802156836,0.14436916439125888,0.04285398555246227
capacity_extended,log,4,5,full,best_converged_validation_elbo,True,OK,True,True,rejection,1.0,30000.0,True,,-0.25290749604474905,0.0007374919872230959,CTVGP,0.21735778305611414,0.002008478356402538,0.9713298437711793,0.03499262015634487,0.2176730740182867,0.0010897419046083385,-0.25290749604474905,0.0007374919872230959,True,1.4889108000788838,-2.593798685417838,-1.3261245872339542,-0.42598113269774435,0.02825112851013296,0.005362449980878993,0.0042274013286600085,0.0037673381676966797,0.14498067147128701,0.04347155661122283
capacity_extended,sigmoid,0,10,diag,best_converged_validation_elbo,True,OK,True,True,coordinate_gibbs,1.0001038977957988,25924.62546324774,True,,-24.46113965737012,0.0019695559620934327,CTVGP,1.337005406970345,0.007080918069368862,3.535195540389188,0.03223427675054804,0.5987973876848152,0.0015874036221026444,-24.46113965737012,0.0019695559620934327,True,7.609024400124326,-5.790791908698829,-3.4054642216556377,-0.09560367018643398,0.0004066906912325968,0.011671540799594256,0.01284402965453586,0.005306967999521015,0.6596266095398069,0.1337005406970345
capacity_extended,sigmoid,0,10,rank2,best_converged_validation_elbo,True,OK,True,True,coordinate_gibbs,1.0001038977957988,25924.62546324774,True,,-24.05593502920351,0.0014751226343899515,CTVGP,0.9044421106371168,0.006182195155360961,2.8147899774050162,0.030235075343906032,0.5064530668063261,0.0016181536512111464,-24.05593502920351,0.0014751226343899515,True,6.636746300151572,-5.803525015992976,-3.4004478279713597,-0.08965593680640155,0.00028814113756070887,0.0058191932127162095,0.00321203838366581,0.004456345202158637,0.048089489594132256,0.09044421106371167
capacity_extended,sigmoid,0,10,rank4,best_converged_validation_elbo,True,OK,True,True,coordinate_gibbs,1.0001038977957988,25924.62546324774,True,,-23.944123896788668,0.006525923661859849,CTVGP,0.8036307561941101,0.006163405741902534,2.604772234476405,0.029598312132687096,0.4854057913749769,0.0015737718641109799,-23.944123896788668,0.006525923661859849,True,8.845877000130713,-5.809940975143169,-3.4038767273478974,-0.08969670428146571,0.00034024075964581653,0.0056523065084107624,0.003147634980560384,0.004144359896399173,0.03989343763583399,0.080363075619411
capacity_extended,sigmoid,0,10,full,best_converged_validation_elbo,True,OK,True,True,coordinate_gibbs,1.0001038977957988,25924.62546324774,True,,-23.904762958800127,0.004264766260806801,CTVGP,0.7634681013294937,0.005637685064690617,2.7312060964706335,0.03186676395886207,0.4826041980961777,0.0015545846783822303,-23.904762958800127,0.004264766260806801,True,8.626571499975398,-5.815985228638983,-3.3908466112589073,-0.08979475779142435,0.0002102564350308658,0.0054078029152339275,0.003526258307445434,0.0032886352748768386,0.04231909724658426,0.07634681013294937
capacity_extended,sigmoid,0,20,diag,best_unconverged_validation_elbo,False,U_REF+U_VI,True,False,coordinate_gibbs,6.113604854205781,175.8822289808474,False,normalized_gradient,-88.03209036042036,0.1427176333425657,CTVGP,48.81327153544974,0.03078882929395154,600989.8897710561,1082.5759327587355,1.0,4.601622643402484e-17,-88.03209036042036,0.1427176333425657,False,49.62078449991532,-6.912746365502224,-4.511479473070334,-0.11565608877240242,0.000665596913933063,0.06859443676067399,0.0795323979229445,0.13704484457101077,0.9936853073392541,2.4406635767724874
capacity_extended,sigmoid,0,20,rank2,best_unconverged_validation_elbo,False,U_REF+U_VI,True,False,coordinate_gibbs,6.113604854205781,175.8822289808474,False,normalized_gradient,-78.93995833190738,0.3162130177120219,CTVGP,39.78756635784944,0.027517553384754794,100797.62116464993,556.5995450078359,0.9999999999996647,1.8710880028479493e-13,-78.93995833190738,0.3162130177120219,False,53.60866539995186,-7.751493630418176,-4.6383953602603345,-0.11199241297702471,0.00018831501310393473,0.06203898206443111,0.07074686516889737,0.12391057344828024,0.8466870118299725,1.9893783178924722
capacity_extended,sigmoid,0,20,rank4,best_unconverged_validation_elbo,False,U_REF+U_VI,True,False,coordinate_gibbs,6.113604854205781,175.8822289808474,False,normalized_gradient,-72.4612348856715,0.9717727252007611,CTVGP,33.315587052534696,0.025696060198791202,14038.715440442316,260.115094953966,0.9999999999081088,2.671711715396748e-11,-72.4612348856715,0.9717727252007611,False,47.79909290000796,-7.22315382081199,-4.414170021244098,-0.10658982125706472,0.00039104020307126894,0.0602425614048208,0.06546493126035768,0.12285690286798143,0.6430434550013657,1.6657793526267348
capacity_extended,sigmoid,0,20,full,best_unconverged_validation_elbo,False,U_REF+U_VI,True,False,coordinate_gibbs,6.113604854205781,175.8822289808474,False,"validation_plateau,normalized_gradient",-53.08584768176736,2.97248426659138,CTVGP,14.128251368620951,0.013224549350634838,94226.45509577882,1317.458217688248,0.9996960163619546,4.3082521855944564e-05,-53.08584768176736,2.97248426659138,False,37.2386374999769,-5.494238668546366,-3.777325180648954,-0.09565045220429566,0.0009002746737307102,0.05981275200499113,0.07555162213190922,0.13222681040542245,0.6318444508576379,0.7064125684310476
capacity_extended,sigmoid,0,5,diag,best_converged_validation_elbo,True,OK,True,True,coordinate_gibbs,1.0002214742553885,27727.55330492367,True,,-9.034592056413528,0.0004964206682039607,CTVGP,0.44300822579152843,0.003279373773638508,1.1990191748648849,0.022305048374299696,0.334818148992894,0.001304419191433379,-9.034592056413528,0.0004964206682039607,True,3.6438017999753356,-5.077529675662458,-2.2512963230682566,-0.07686628641872251,0.000748535748482167,0.011178663515124485,0.005931186636562971,0.0021308858285008026,0.07506407014576663,0.08860164515830568
capacity_extended,sigmoid,0,5,rank2,best_converged_validation_elbo,True,OK,True,True,coordinate_gibbs,1.0002214742553885,27727.55330492367,True,,-8.962171149820566,0.0016478367853599934,CTVGP,0.2884940540282024,0.0032407539229384855,1.396589902952617,0.022773341432029248,0.3295566102091864,0.0013394903840415957,-8.962171149820566,0.0016478367853599934,True,8.234254000009969,-5.109177433614072,-2.251252780728848,-0.07691683405555239,0.0007028225078220682,0.010857183634280567,0.0059647896490772605,0.002028576284914336,0.07028374545489724,0.057698810805640474
capacity_extended,sigmoid,0,5,rank4,best_converged_validation_elbo,True,OK,True,True,coordinate_gibbs,1.0002214742553885,27727.55330492367,True,,-8.805154194069004,0.005175703260481617,CTVGP,0.1291720243674721,0.003299798772247404,1.5551483520082436,0.02289642674773145,0.3279690830171606,0.0013683419806870673,-8.805154194069004,0.005175703260481617,True,1.6237260999623686,-5.103003560324289,-2.2531943375356907,-0.0770556047633031,0.0004501295746829277,0.011280135794778389,0.006569775678124759,0.0018432262681329719,0.08634590059021575,0.02583440487349442
capacity_extended,sigmoid,0,5,full,best_converged_validation_elbo,True,OK,True,True,coordinate_gibbs,1.0002214742553885,27727.55330492367,True,,-9.025602202813332,0.0011488937338644482,CTVGP,0.43442648680565377,0.0032412992844670124,1.1909554395421729,0.02221276243179596,0.328278613009858,0.001315507402875184,-9.025602202813332,0.0011488937338644482,True,3.46816819999367,-5.0822146059684,-2.24690810830025,-0.07672986367402174,0.0005745357772837825,0.010760286177476819,0.006260050797291557,0.0021108762851066274,0.06203243344911232,0.08688529736113075
capacity_extended,sigmoid,1,10,diag,best_converged_validation_elbo,True,OK,True,True,coordinate_gibbs,1.0001819675154209,24329.513905576503,True,,-21.918267984781245,0.0013509724108161268,CTVGP,1.0652708306234295,0.006090819661765811,2.844576282994044,0.026471953886967162,0.555011944415547,0.001581211842034135,-21.918267984781245,0.0013509724108161268,True,5.305021400097758,-5.91923067378119,-3.43385260736785,-0.105802137367728,0.0003644959628478579,0.01293827921081649,0.015914802649347425,0.004994018464326651,0.6467027017984962,0.10652708306234296
capacity_extended,sigmoid,1,10,rank2,best_converged_validation_elbo,True,OK,True,True,coordinate_gibbs,1.0001819675154209,24329.513905576503,True,,-21.53203045190187,0.0007869398981417963,CTVGP,0.6783868163783389,0.005496293339222938,2.197818602170977,0.024468358440634243,0.4557341466207362,0.0015566295228115123,-21.53203045190187,0.0007869398981417963,True,6.656569699989632,-5.927692770235252,-3.425954934787007,-0.0986715008562202,0.00031707227959395205,0.005694173095447034,0.00334696623478552,0.003454362938984397,0.044809033321863964,0.06783868163783388
capacity_extended,sigmoid,1,10,rank4,best_converged_validation_elbo,True,OK,True,True,coordinate_gibbs,1.0001819675154209,24329.513905576503,True,,-21.508504680410837,0.007064347969492865,CTVGP,0.3367432671156507,0.005618342634423119,2.597400635333265,0.025826406786093502,0.46926772369276776,0.0015598999997231532,-21.508504680410837,0.007064347969492865,True,7.963778899982572,-5.934847172653948,-3.420025295368453,-0.09843390758027566,0.0003725980269166476,0.005877014379725666,0.0036851639318300983,0.0036131081294262938,0.04786280578194068,0.033674326711565075
capacity_extended,sigmoid,1,10,full,best_converged_validation_elbo,True,OK,True,True,coordinate_gibbs,1.0001819675154209,24329.513905576503,True,,-21.481279775034412,0.0030074300177768457,CTVGP,0.6313446713054418,0.005602909636178902,2.1841949577505515,0.02515147463411862,0.45167555559872996,0.0015134305425199281,-21.481279775034412,0.0030074300177768457,True,7.254231799859554,-5.9301680342840095,-3.416870584506803,-0.09897816295561374,0.0003512937387935784,0.005716141999737393,0.002890285639158532,0.0033261477274708607,0.04750323693348099,0.06313446713054419
capacity_extended,sigmoid,1,20,diag,best_converged_validation_elbo,False,U_NORM+U_REF,False,False,coordinate_gibbs,4.1382480428281525,175.70293149016146,True,,-80.43383270038824,0.0014619625118959768,CTVGP,51.04002114489067,0.0315544451932845,17024.2937133217,63.04356065191877,1.0,3.819006064063464e-17,-80.43383270038824,0.0014619625118959768,True,44.58348340005614,-6.600403369448904,-5.1797399903390735,-0.12438773904385107,0.0009448686478956805,0.06736361276342467,0.07288784145378495,0.11041730618489375,0.9921723864995503,2.5520010572445337
capacity_extended,sigmoid,1,20,rank2,best_unconverged_validation_elbo,False,U_NORM+U_REF+U_VI,False,False,coordinate_gibbs,4.1382480428281525,175.70293149016146,False,normalized_gradient,-73.49719588694649,0.030929768330775632,CTVGP,44.13419008083655,0.029722263027400532,11103.53424018594,38.27625453004512,0.9999999999999847,5.509256727433383e-15,-73.49719588694649,0.030929768330775632,False,50.63057629996911,-6.682505114661571,-4.456009550136525,-0.12152007439573047,0.0007433488212396211,0.057725373338625076,0.05920723376073959,0.09700146113546704,0.8056596375949436,2.2067095040418274
capacity_extended,sigmoid,1,20,rank4,best_unconverged_validation_elbo,False,U_NORM+U_REF+U_VI,False,False,coordinate_gibbs,4.1382480428281525,175.70293149016146,False,normalized_gradient,-66.3279845277871,0.323871093286,CTVGP,36.933662272849574,0.026615790740880486,26534.139031882285,176.38333890580407,0.9999999999778482,1.1848405583267752e-11,-66.3279845277871,0.323871093286,False,39.577352799940854,-6.502387218975805,-3.750107220693825,-0.12159972895801403,0.0010115934419107975,0.049632910935053856,0.054441512181568,0.08982638255217759,0.6481922244862015,1.8466831136424786
capacity_extended,sigmoid,1,20,full,best_unconverged_validation_elbo,False,U_NORM+U_REF+U_VI,False,False,coordinate_gibbs,4.1382480428281525,175.70293149016146,False,normalized_gradient,-44.333522608127275,0.7178157681088527,CTVGP,14.991355887705168,0.01683695262062848,28961.235231179242,336.80555596352593,0.9998352118710336,2.8958450280185364e-05,-44.333522608127275,0.7178157681088527,False,34.76254849997349,-4.147446979399031,-3.2249460496210807,-0.12183588219801801,0.007238328646342035,0.033767266042241464,0.03740070840266225,0.06065902337302954,0.5509497275818516,0.7495677943852584
capacity_extended,sigmoid,1,5,diag,best_converged_validation_elbo,True,OK,True,True,rejection,1.0,30000.0,True,,-2.528850578049526,9.524515173512686e-05,CTVGP,0.42108124752503917,0.002991279797216579,1.3336806991862211,0.027052063957024402,0.327679196339478,0.0013160947788108265,-2.528850578049526,9.524515173512686e-05,True,2.6488485999871045,-4.020438431742735,-1.4321245315142463,-0.08784009988257385,0.00247264019290945,0.017599673392861385,0.011208299000237912,0.006931107515432062,0.10001222107116957,0.08421624950500783
capacity_extended,sigmoid,1,5,rank2,best_converged_validation_elbo,True,OK,True,True,rejection,1.0,30000.0,True,,-2.516480461769108,0.0005448593935891408,CTVGP,0.4144118040425293,0.0029750149736626095,1.306134152797689,0.026767254845034744,0.31911401595873967,0.0013238586633367167,-2.516480461769108,0.0005448593935891408,True,4.361459200037643,-4.00213158563626,-1.4294170497069572,-0.0875151485515373,0.0019986307753142637,0.017220573381444833,0.009550422732752157,0.006547951003670001,0.05211108148661004,0.08288236080850586
capacity_extended,sigmoid,1,5,rank4,best_converged_validation_elbo,True,OK,True,True,rejection,1.0,30000.0,True,,-2.513846777534832,0.0003074214313718013,CTVGP,0.3214564667049453,0.0028243304838122237,1.4819077945697108,0.028182674089541036,0.3196048434812848,0.0013471162474128179,-2.513846777534832,0.0003074214313718013,True,8.579906100174412,-4.032426141023192,-1.4267622295721465,-0.08736821598921846,0.0021209145887840816,0.017797018669604155,0.010442916461747654,0.006005134920353599,0.051481506963369936,0.06429129334098907
capacity_extended,sigmoid,1,5,full,best_converged_validation_elbo,True,OK,True,True,rejection,1.0,30000.0,True,,-2.5162028398090968,0.000597345071161103,CTVGP,0.4059152468840117,0.002848130560713775,1.3088298988856697,0.026798860262523934,0.32037455027967904,0.0013258452759811845,-2.5162028398090968,0.000597345071161103,True,1.2493798001669347,-4.0218911436865445,-1.435235793648081,-0.08721038095692116,0.0027562233911435224,0.01772883725643981,0.009774712393585546,0.005377157885235117,0.04541638689052911,0.08118304937680235
capacity_extended,sigmoid,2,10,diag,best_converged_validation_elbo,True,OK,True,True,coordinate_gibbs,1.0001323561410402,27185.967327529434,True,,-17.495688473212258,0.0019812867318369245,CTVGP,1.3515290951704024,0.006145976636968528,2.716428478416841,0.028691662115656557,0.5738060348515642,0.001559271420939405,-17.495688473212258,0.0019812867318369245,True,5.366610599914566,-5.428564538847094,-3.1031447116070203,-0.07471527685250147,0.0004882836640401248,0.016172593585798836,0.019813618115089405,0.006681226205556752,0.6408337032936356,0.13515290951704023
capacity_extended,sigmoid,2,10,rank2,best_converged_validation_elbo,True,OK,True,True,coordinate_gibbs,1.0001323561410402,27185.967327529434,True,,-17.11226695489568,0.0009745112206250135,CTVGP,0.9411643393321398,0.005414599328287442,2.052871846445012,0.025456913009778218,0.48206064152793615,0.0015606357874759355,-17.11226695489568,0.0009745112206250135,True,6.024047899991274,-5.426959236684226,-3.097405268308675,-0.06866739566346183,0.0005082070229609107,0.00777660831672144,0.005965715880566181,0.005808225337490539,0.05330615216239996,0.09411643393321398
capacity_extended,sigmoid,2,10,rank4,best_converged_validation_elbo,True,OK,True,True,coordinate_gibbs,1.0001323561410402,27185.967327529434,True,,-17.086976241253705,0.003453109775415851,CTVGP,0.9027563147982036,0.005312979581048721,2.063886981882442,0.02585369389908886,0.47712983035594436,0.0015427977670753217,-17.086976241253705,0.003453109775415851,True,7.217185599962249,-5.437403406675244,-3.092224565750515,-0.0687803881046669,0.0006799482850103053,0.007423265284932219,0.0040089520017944,0.0037854243767104366,0.059692417702385876,0.09027563147982036
capacity_extended,sigmoid,2,10,full,best_converged_validation_elbo,True,OK,True,True,coordinate_gibbs,1.0001323561410402,27185.967327529434,True,,-17.03650756327346,0.0035532580592586237,CTVGP,0.8836322257214313,0.0049489172198173195,2.0223402101990544,0.02645794752014277,0.47394546217951256,0.001501629246234796,-17.03650756327346,0.0035532580592586237,True,7.531012099934742,-5.4470315383959,-3.089697629450316,-0.06851314554121363,0.0005331116942904014,0.0075221265283560036,0.003998286661895545,0.0032339093429949407,0.06555068923334334,0.08836322257214313
capacity_extended,sigmoid,2,20,diag,best_converged_validation_elbo,False,U_REF,True,False,coordinate_gibbs,2.987579741992887,176.5108865352489,True,,-74.45461700515162,0.00043767850409961144,CTVGP,52.967287295020455,0.031814418360351704,18290.404964852143,215.8421146287781,1.0,1.4277313104915562e-18,-74.45461700515162,0.00043767850409961144,True,52.367172199999914,-5.969329437113653,-4.6936935403236735,-0.09833613976032143,0.001763513738635423,0.0723158996641329,0.08238103680725131,0.09565413969017209,0.9928787582912457,2.6483643647510227
capacity_extended,sigmoid,2,20,rank2,best_unconverged_validation_elbo,False,U_REF+U_VI,True,False,coordinate_gibbs,2.987579741992887,176.5108865352489,False,normalized_gradient,-68.07465182083104,0.12403839214975684,CTVGP,46.59214938492717,0.028719173847137125,14411.2633937999,130.012717290637,0.9999999999999989,4.036202517217399e-16,-68.07465182083104,0.12403839214975684,False,30.22686839988455,-5.966884326936534,-4.20790813629867,-0.09349863194025582,0.0016637879496328642,0.06230706933876895,0.060804532297948924,0.0904136043734011,0.7277544721961474,2.3296074692463584
capacity_extended,sigmoid,2,20,rank4,best_unconverged_validation_elbo,False,U_REF+U_VI,True,False,coordinate_gibbs,2.987579741992887,176.5108865352489,False,normalized_gradient,-62.21425744114764,0.23492870716680997,CTVGP,40.69618610693199,0.026715262855181894,21332.430152128294,169.65384407367384,0.9999999999999485,9.57471159236569e-15,-62.21425744114764,0.23492870716680997,False,32.38379790005274,-6.210735382873733,-3.5019265550286516,-0.0948134160277623,0.0011456877897700328,0.04890039686502817,0.052558279230715245,0.0668364060997905,0.7425305345020459,2.0348093053465997
capacity_extended,sigmoid,2,20,full,best_unconverged_validation_elbo,False,U_REF+U_VI,True,False,coordinate_gibbs,2.987579741992887,176.5108865352489,False,normalized_gradient,-39.02179714173302,0.9698469884953143,CTVGP,17.591151089711555,0.01674222117991131,22264.984047248563,258.18012603842595,0.9999890209802162,2.1225720549606136e-06,-39.02179714173302,0.9698469884953143,False,34.25703929993324,-3.8803729414342016,-2.8838616205089704,-0.09543575091620324,0.0019908824302087903,0.030315585608782537,0.028418636523335344,0.01603652621472879,0.6760038754594194,0.8795575544855778
capacity_extended,sigmoid,2,5,diag,best_converged_validation_elbo,True,OK,True,True,rejection,1.0,30000.0,True,,-4.850653409789136,0.00020358163203709528,CTVGP,0.4014636616746783,0.0029929911705204744,1.037807432171812,0.019243659254534806,0.32012100225028856,0.00128847359465599,-4.850653409789136,0.00020358163203709528,True,2.4794830998871475,-4.185797095973157,-1.787272289763838,-0.05846834761362542,0.0011059461017367683,0.01720566297472588,0.009207044986090413,0.0018150532505872097,0.08205030720253866,0.08029273233493565
capacity_extended,sigmoid,2,5,rank2,best_converged_validation_elbo,True,OK,True,True,rejection,1.0,30000.0,True,,-4.847421229600807,0.0007974219491038124,CTVGP,0.39722668895691715,0.0029832477249977668,1.0301292729782887,0.019142847401326574,0.3172670467884426,0.0012954292526159228,-4.847421229600807,0.0007974219491038124,True,5.0080158999189734,-4.191033631078839,-1.791046775333084,-0.05844311466321568,0.0016475046766222187,0.01744234509850979,0.00888510058823561,0.0017380804784697256,0.083955431558067,0.07944533779138344
capacity_extended,sigmoid,2,5,rank4,best_converged_validation_elbo,True,OK,True,True,rejection,1.0,30000.0,True,,-4.8447766114380855,0.0023716779956858463,CTVGP,0.4026857486519937,0.002995569654019909,1.029921389079869,0.01916609848961713,0.31475017628875973,0.0012947766805048938,-4.8447766114380855,0.0023716779956858463,True,7.743492200039327,-4.20004106395254,-1.7848845630593075,-0.05869118024902504,0.002382541014460574,0.01808807129458379,0.011471027682979546,0.0023393180355130256,0.08361665459452367,0.08053714973039874
capacity_extended,sigmoid,2,5,full,best_converged_validation_elbo,True,OK,True,True,rejection,1.0,30000.0,True,,-4.846106459807366,0.0013739418838743336,CTVGP,0.39649925033767275,0.0029345233276170967,1.0384748010980005,0.019282669250430248,0.3156367445084694,0.0012942712093192063,-4.846106459807366,0.0013739418838743336,True,1.4368753000162542,-4.194033939413319,-1.7854404644943833,-0.058706212660038636,0.0014730297392069637,0.017683012865548645,0.009551640513354234,0.0024038089844486423,0.07073067047880519,0.07929985006753455
capacity_extended,sigmoid,3,10,diag,best_converged_validation_elbo,True,OK,True,True,coordinate_gibbs,1.0001961497422849,21932.18905356257,True,,-12.823386157817954,0.0011218976075590757,CTVGP,2.3435330151239455,0.008194907238060167,7.335529826476328,0.0800251540408423,0.7312449528215106,0.0014552686932238755,-12.823386157817954,0.0011218976075590757,True,7.874579499941319,-5.074403106455028,-2.7801173863479676,-0.190129748961995,0.0008501498214356371,0.017382837561888458,0.016716633154650645,0.011774580429160504,0.6233734263294076,0.23435330151239456
capacity_extended,sigmoid,3,10,rank2,best_converged_validation_elbo,True,OK,True,True,coordinate_gibbs,1.0001961497422849,21932.18905356257,True,,-12.24583914672478,0.002731617838494409,CTVGP,1.7380893069097088,0.007066590356536109,5.497567437059472,0.06426980932992862,0.6581745306620986,0.0015232663716557603,-12.24583914672478,0.002731617838494409,True,7.6508929000701755,-5.060984719494648,-2.777291211135659,-0.1841592200792997,0.0008517336540005363,0.012420865888412916,0.009591701931554108,0.013505318200128279,0.23036693733214525,0.17380893069097086
capacity_extended,sigmoid,3,10,rank4,best_unconverged_validation_elbo,False,U_VI,True,True,coordinate_gibbs,1.0001961497422849,21932.18905356257,False,normalized_gradient,-11.988360564113535,0.0200808858566292,CTVGP,1.490869218609701,0.006865172072062841,5.187553342487218,0.06674945946901864,0.6111984483894345,0.001559975336923531,-11.988360564113535,0.0200808858566292,False,7.94533080002293,-5.037262575762959,-2.7412710158186857,-0.18239826062140554,0.0008401512252619888,0.010828887615743701,0.00819014015719051,0.00926785015829856,0.2070614872834501,0.1490869218609701
capacity_extended,sigmoid,3,10,full,best_converged_validation_elbo,True,OK,True,True,coordinate_gibbs,1.0001961497422849,21932.18905356257,True,,-11.834348644707253,0.004416818395319481,CTVGP,1.3421425664402236,0.006222422776752631,5.190656587343657,0.06908313035530389,0.5915145174190579,0.001557667343382348,-11.834348644707253,0.004416818395319481,True,8.220440099947155,-5.064994901846692,-2.72851075156525,-0.18223114775711508,0.0005640833902105332,0.01005194995983289,0.00720941806161616,0.0076811689106154645,0.20106849738386032,0.13421425664402237
capacity_extended,sigmoid,3,20,diag,best_unconverged_validation_elbo,False,U_REF+U_VI,True,False,coordinate_gibbs,30.768604265916146,173.4867943733119,False,normalized_gradient,-98.42300971024815,0.7250297318846031,CTVGP,80.22894717209971,0.013195583295941058,52635737.13095393,47261.74292143964,1.0,0.0,-98.42300971024815,0.7250297318846031,False,46.18819190002978,-8.857812195859772,-4.376404320731904,-0.1636195732179433,9.56290976672222e-05,0.14500026394968207,0.2130452072840902,0.4197750351411254,0.9999521515517203,4.011447358604985
capacity_extended,sigmoid,3,20,rank2,best_unconverged_validation_elbo,False,U_REF+U_VI,True,False,coordinate_gibbs,30.768604265916146,173.4867943733119,False,normalized_gradient,-91.7940950935882,0.33103164131569773,CTVGP,73.98376306425739,0.012070788575443608,5188469.5896540005,10678.255496550613,1.0,0.0,-91.7940950935882,0.33103164131569773,False,51.89630879997276,-9.375410913809548,-4.928143470035764,-0.14838047596375362,3.894029782168745e-05,0.1676250263923235,0.24837035685247993,0.48736764092121826,0.9421837091908883,3.6991881532128694
capacity_extended,sigmoid,3,20,rank4,best_unconverged_validation_elbo,False,U_REF+U_VI,True,False,coordinate_gibbs,30.768604265916146,173.4867943733119,False,"validation_plateau,normalized_gradient",-91.72436773922148,5.683091422584526,CTVGP,72.978471836387,0.06384747961596621,422150.83581482247,1269.3545373468573,1.0,0.0,-91.72436773922148,5.683091422584526,False,41.138839799910784,-8.069421634784932,-4.885473472306958,-0.11535247578183137,8.409507089887346e-05,0.1506958458997854,0.2574753270934933,0.46104877151452045,0.774146938893599,3.64892359181935
capacity_extended,sigmoid,3,20,full,best_unconverged_validation_elbo,False,U_REF+U_VI,True,False,coordinate_gibbs,30.768604265916146,173.4867943733119,False,"validation_plateau,normalized_gradient",-78.14367088572652,14.615346357940254,CTVGP,59.48498880513924,0.06872246216816173,18024821.473945025,125977.40165497307,1.0,6.329506736355995e-19,-78.14367088572652,14.615346357940254,False,40.42961320001632,-5.376266468093669,-3.6412129872123375,-0.11598654088397073,0.0007378578818499945,0.131526871131255,0.23018644868638058,0.43917875761582104,0.9342378086856,2.974249440256962
capacity_extended,sigmoid,3,5,diag,best_converged_validation_elbo,True,OK,True,True,rejection,1.0,30000.0,True,,-4.270798499828116,0.0004892702125614937,CTVGP,0.7597530906941512,0.004585805968402116,1.8234714236424587,0.026099613299381444,0.43349909619898896,0.0015179991375270316,-4.270798499828116,0.0004892702125614937,True,3.8647396999876946,-4.683650087740124,-2.6821375351635806,-0.19250715067149404,0.001922401171547243,0.011791613737355822,0.011032885134841483,0.00912458877341696,0.3221016056283823,0.15195061813883023
capacity_extended,sigmoid,3,5,rank2,best_converged_validation_elbo,True,OK,True,True,rejection,1.0,30000.0,True,,-4.10529588476016,0.0009757020489309283,CTVGP,0.5219036868901274,0.004171030924736284,1.7769905396889332,0.027250589640625978,0.3792043163376359,0.0014777698940233693,-4.10529588476016,0.0009757020489309283,True,3.954358500195667,-4.735652498020275,-2.663215482254362,-0.18741951568352416,0.00132159695278494,0.008973725894235082,0.006071471818180838,0.003911210632728259,0.07430069515071985,0.10438073737802549
capacity_extended,sigmoid,3,5,rank4,best_converged_validation_elbo,True,OK,True,True,rejection,1.0,30000.0,True,,-4.075531139984445,0.004454633916342029,CTVGP,0.5674293675470259,0.0040870756879045865,1.5889026948779819,0.026172226076635576,0.375111135578244,0.0014187135276689104,-4.075531139984445,0.004454633916342029,True,12.169826299883425,-4.743167017443201,-2.6659140096772838,-0.18813206130871962,0.0013766462207646898,0.009030512103467983,0.005371384840298613,0.003604593420618092,0.07228750932298367,0.11348587350940517
capacity_extended,sigmoid,3,5,full,best_converged_validation_elbo,True,OK,True,True,rejection,1.0,30000.0,True,,-4.076685273433135,0.002182855363548559,CTVGP,0.5656286460794528,0.004127846310520022,1.6323159239248406,0.026846096486020005,0.3747137896033557,0.001420515315039885,-4.076685273433135,0.002182855363548559,True,5.109280799981207,-4.7264545653300996,-2.6637334354612614,-0.1882242702302449,0.0016223811674472015,0.009147656842327817,0.005445191960911615,0.003962897209869106,0.06694336142654081,0.11312572921589056
capacity_extended,sigmoid,4,10,diag,best_converged_validation_elbo,False,U_REF,True,False,coordinate_gibbs,1.0395042962998686,349.5798020862971,True,,-24.38348647546404,0.0004469803927133997,CTVGP,13.371409592754619,0.01620708264011905,385.9747106546376,2.7682004190954492,0.999419763256242,7.539830267154988e-05,-24.38348647546404,0.0004469803927133997,True,15.560419199988246,-5.8211895236986,-3.531422209035691,-0.2537899857766162,0.0011236591058702012,0.034504383661819946,0.03643008577273501,0.048641460892459354,0.9414371382096679,1.337140959275462
capacity_extended,sigmoid,4,10,rank2,best_converged_validation_elbo,False,U_REF,True,False,coordinate_gibbs,1.0395042962998686,349.5798020862971,True,,-20.37349533887522,0.006820304983562885,CTVGP,9.353769021222279,0.013239992947441328,225.40569007359295,1.8622033198032881,0.995281720875843,0.00020593298575585076,-20.37349533887522,0.006820304983562885,True,15.66982279997319,-5.519801493760941,-3.508037974424112,-0.2568586415076062,0.0014343822291918054,0.0246224890867365,0.026867593849728717,0.03886215169821196,0.7607506709700178,0.9353769021222279
capacity_extended,sigmoid,4,10,rank4,best_unconverged_validation_elbo,False,U_REF+U_VI,True,False,coordinate_gibbs,1.0395042962998686,349.5798020862971,False,normalized_gradient,-17.89958665568508,0.11288326547999372,CTVGP,6.851836910446851,0.011833049960387209,216.04612245313848,2.073294323250639,0.9817227690837966,0.00041148597257604217,-17.89958665568508,0.11288326547999372,False,15.581399000016972,-5.261057146022352,-3.3849219662846473,-0.2454632455815347,0.0013596707339753149,0.018345405564386862,0.017651774499859902,0.028977933517604637,0.4967371216701354,0.6851836910446851
capacity_extended,sigmoid,4,10,full,best_unconverged_validation_elbo,False,U_REF+U_VI,True,False,coordinate_gibbs,1.0395042962998686,349.5798020862971,False,normalized_gradient,-15.438469295588316,0.03541554200797452,CTVGP,4.4231807641022325,0.008826897039931824,188.4065951839387,2.8786894276663233,0.9430661186418369,0.0007119277474600806,-15.438469295588316,0.03541554200797452,False,6.853535899892449,-4.799777014313443,-3.252978626770611,-0.24404349950714566,0.0016998717547358532,0.014285422727671132,0.013092577847230228,0.015728977949843913,0.46067216681112766,0.44231807641022325
capacity_extended,sigmoid,4,20,diag,best_unconverged_validation_elbo,False,U_REF+U_VI,True,False,coordinate_gibbs,15.553727803256638,173.08890719868273,False,normalized_gradient,-85.69919373091105,0.05262631648141516,CTVGP,62.04082021517989,0.009489050135850791,272930759.6334993,121844.62640430167,1.0,0.0,-85.69919373091105,0.05262631648141516,False,42.02272220002487,-10.20689614948648,-6.972846202648119,-0.22131825048114367,1.5981297518516962e-05,0.09227724774191773,0.1397507585161558,0.32353290467167123,0.9999908455084967,3.1020410107589944
capacity_extended,sigmoid,4,20,rank2,best_unconverged_validation_elbo,False,U_REF+U_VI,True,False,coordinate_gibbs,15.553727803256638,173.08890719868273,False,"validation_plateau,normalized_gradient",-90.33280932645383,3.570219233612368,CTVGP,66.95180741717887,0.012152217201066785,3689398.0317104366,10802.054105294827,1.0,0.0,-90.33280932645383,3.570219233612368,False,37.455335499951616,-9.609696007316984,-6.2030821431566014,-0.16725195880204552,1.4220445134093098e-05,0.11844587273006998,0.17335959672015616,0.436453137030022,0.807287848205516,3.3475903708589434
capacity_extended,sigmoid,4,20,rank4,best_unconverged_validation_elbo,False,U_REF+U_VI,True,False,coordinate_gibbs,15.553727803256638,173.08890719868273,False,"validation_plateau,normalized_gradient",-213.27263844934942,111.07012214327877,CTVGP,160.925968231962,1.3305531962387236,2431283.973339556,11040.326820181228,1.0,0.0,-213.27263844934942,111.07012214327877,False,44.2743542001117,-8.463083524058339,-4.760641552722134,-0.25276260295446523,8.25327116791988e-07,0.06278184399714666,0.07574712982026421,0.20054626798830122,0.7261689863773048,8.0462984115981
capacity_extended,sigmoid,4,20,full,best_unconverged_validation_elbo,False,U_REF+U_VI,True,False,coordinate_gibbs,15.553727803256638,173.08890719868273,False,"validation_plateau,normalized_gradient",-71.84703527969691,27.634933420667586,CTVGP,44.175764411939824,0.20832712608065185,2392681.0144450576,23237.778632041987,0.9999999734958083,1.700797518972661e-08,-71.84703527969691,27.634933420667586,False,32.68414349993691,-6.787738280495081,-4.198181049217822,-0.24670443088812036,1.365456845849513e-05,0.04238386229375211,0.06929966953506707,0.170848954169296,0.6177067292292849,2.208788220596991
capacity_extended,sigmoid,4,5,diag,best_converged_validation_elbo,True,OK,True,True,coordinate_gibbs,1.000073831374621,29716.719576181848,True,,-7.633575821948117,0.000829868321887544,CTVGP,0.7944350007628636,0.0047963828705697535,2.496346001519716,0.04342061073324436,0.45492420524593097,0.0015110751532789563,-7.633575821948117,0.000829868321887544,True,4.5649999000597745,-5.813353792409578,-3.07836636522899,-0.20936436519755353,0.0003912585169614303,0.010859498952821515,0.011670775308969704,0.002623794127203449,0.5690768242730974,0.1588870001525727
capacity_extended,sigmoid,4,5,rank2,best_converged_validation_elbo,True,OK,True,True,coordinate_gibbs,1.000073831374621,29716.719576181848,True,,-7.357008794412062,0.0010398000420425942,CTVGP,0.4643309462906222,0.003871946834931562,1.9372699343684707,0.03974148242480256,0.3571109328667272,0.0014128320843843337,-7.357008794412062,0.0010398000420425942,True,15.461520799901336,-5.832699176346215,-3.0797605102768415,-0.20229352704363887,0.0003918868801608861,0.006610637242023411,0.00532477599928625,0.0045923307570407195,0.14660000942469414,0.09286618925812444
capacity_extended,sigmoid,4,5,rank4,best_converged_validation_elbo,True,OK,True,True,coordinate_gibbs,1.000073831374621,29716.719576181848,True,,-7.341175113855606,0.0017420911053325097,CTVGP,0.45807574962181086,0.003917203913494031,1.8654400761162333,0.039355944203387304,0.3523926396101116,0.0013870037030289093,-7.341175113855606,0.0017420911053325097,True,14.99727790011093,-5.847014731783839,-3.077238450973937,-0.20213435080240957,0.00035008606368135077,0.006731133121969511,0.00522154090211426,0.005309459306127622,0.141710630242752,0.09161514992436218
capacity_extended,sigmoid,4,5,full,best_converged_validation_elbo,True,OK,True,True,coordinate_gibbs,1.000073831374621,29716.719576181848,True,,-7.345123555159308,0.0018627595321820522,CTVGP,0.5072590046307646,0.0039283776355178365,1.8054910071246364,0.038899627896588844,0.3540140398420677,0.0013848300782432431,-7.345123555159308,0.0018627595321820522,True,6.284637900069356,-5.8280072835735535,-3.0733163655084894,-0.20169341339683136,0.0004601033781161961,0.0064526902476007035,0.004790201296646636,0.004593790546885075,0.13833422970543907,0.10145180092615291
