family,rank,map,map_scale,validation_elbo,normalized_gradient,adam_steps,lbfgs_iterations,lbfgs_function_evaluations,wall_time_seconds,plateau_passed,gradient_passed,independent_elbo_1,independent_elbo_1_se,independent_elbo_2,independent_elbo_2_se,independent_agreement_passed,converged,failure_reason,initialization,selected,experiment,case,data_seed,m_constraints,restart
diag,0,softplus,1.0,-27.454252941319133,2.1079243086702293e-05,4200,147,162,10.58979619992897,True,True,-27.350236829530783,0.06561498978632065,-27.4720578184231,0.06508863500605327,True,True,,independent,False,capacity,log,0,10,0
diag,0,softplus,1.0,-27.454327894582818,1.556580583663019e-05,7000,131,141,15.13054469996132,True,True,-27.498884065408035,0.06772219475891002,-27.542192327895606,0.06603299413670925,True,True,,independent,False,capacity,log,0,10,1
diag,0,softplus,1.0,-27.454139780513223,3.867724722030913e-05,6400,139,152,14.5399299999699,True,True,-27.47071591624914,0.06512729291736977,-27.47751749491738,0.06597997175545933,True,True,,independent,True,capacity,log,0,10,2
rank2,2,softplus,1.0,-18.04098795866941,0.024217052308727154,2200,500,540,16.909922800026834,True,False,-18.059666805339532,0.05153753736897123,-17.993489165211734,0.05160332023522596,True,False,normalized_gradient,nested_warm_start,False,capacity,log,0,10,0
rank2,2,softplus,1.0,-17.941295746638797,0.016204018224868656,4400,500,538,21.772821999853477,True,False,-17.880997039948397,0.0504333206051516,-18.009095035895598,0.05386006817032617,True,False,normalized_gradient,independent,False,capacity,log,0,10,1
rank2,2,softplus,1.0,-17.939392786890153,0.024955570739343208,3400,500,539,19.64908569981344,True,False,-17.930871546993004,0.0515287473191447,-17.921698854640688,0.05216560505765258,True,False,normalized_gradient,independent,False,capacity,log,0,10,2
rank4,4,softplus,1.0,-11.363032107399272,0.846223677324933,2200,500,523,16.96674790000543,True,False,-11.260221201448516,0.03907245205114179,-11.38958736593517,0.041531390278755125,True,False,normalized_gradient,nested_warm_start,False,capacity,log,0,10,0
rank4,4,softplus,1.0,-11.231444187326936,0.25883881306367673,4000,500,536,21.31841199984774,True,False,-11.234820719848335,0.038856503398190974,-11.123470624391588,0.03867366352547012,True,False,normalized_gradient,independent,False,capacity,log,0,10,1
rank4,4,softplus,1.0,-11.178411416521358,0.4356179683225066,2800,500,539,17.51116059999913,True,False,-11.171030088497126,0.04012545704696178,-11.201797482870703,0.04043416003371706,True,False,normalized_gradient,independent,False,capacity,log,0,10,2
full,-1,softplus,1.0,-4.1845450784285845,0.0979348217684874,1400,500,527,16.308888599975035,True,False,-4.204814496048225,0.025212318631950472,-4.168061005408267,0.02192961617285834,True,False,normalized_gradient,nested_warm_start,False,capacity,log,0,10,0
full,-1,softplus,1.0,-4.166997568404774,0.09536851341857018,1200,500,538,13.681648700032383,True,False,-4.207480052334384,0.02382008563191515,-4.179226240646889,0.025078675198502293,True,False,normalized_gradient,independent,False,capacity,log,0,10,1
full,-1,softplus,1.0,-4.179670931663804,0.1190207920919796,3000,500,531,18.318635700037703,True,False,-4.162413672047499,0.0238078062093706,-4.123731979013815,0.02211090426002119,True,False,normalized_gradient,independent,False,capacity,log,0,10,2
diag,0,softplus,1.0,-67.91419593524915,1.4534740599116083,8000,500,554,54.034531000070274,True,False,-67.9503641031672,0.04380306730506613,-67.95344011467472,0.044493287436486756,True,False,normalized_gradient,independent,False,capacity,log,0,20,0
diag,0,softplus,1.0,-67.9514303997343,0.7590603725676534,8000,500,558,52.20683919987641,True,False,-67.8954028058551,0.043314784783439746,-67.95175408258694,0.044237661628030854,True,False,normalized_gradient,independent,False,capacity,log,0,20,1
diag,0,softplus,1.0,-67.90566202375331,0.25702527497402616,7600,500,561,53.69161940016784,True,False,-67.95373582477933,0.043537872758332104,-67.93122038363205,0.0447974067889795,True,False,normalized_gradient,independent,False,capacity,log,0,20,2
rank2,2,softplus,1.0,-58.18977687951377,1.5181285590265443,8000,500,522,53.86833509989083,True,False,-58.13611924107725,0.05274557679233461,-58.16512536231708,0.05304935296793141,True,False,normalized_gradient,independent,False,capacity,log,0,20,0
rank2,2,softplus,1.0,-58.58564266806668,2.5332692064899818,6400,500,524,47.68822499993257,True,False,-58.66835113241375,0.058935309270483925,-58.624002782628125,0.05740289136002885,True,False,normalized_gradient,independent,False,capacity,log,0,20,1
rank2,2,softplus,1.0,-57.65773732422588,8.464624134872825,8000,500,523,53.89195839990862,False,False,-57.598986918801174,0.053623247001573573,-57.65628791208345,0.05383460018403801,True,False,"validation_plateau,normalized_gradient",independent,False,capacity,log,0,20,2
rank4,4,softplus,1.0,-56.10747878623937,8.562856266457322,6000,500,514,50.07915069977753,False,False,-56.265418654605185,0.1257294322553978,-56.096863001425,0.12628516494969097,True,False,"validation_plateau,normalized_gradient",independent,False,capacity,log,0,20,0
rank4,4,softplus,1.0,-54.15547391774753,10.971390499973731,7600,500,513,54.4266825998202,False,False,-54.068919841585,0.12668440903408373,-54.41291517606041,0.13927079516552746,True,False,"validation_plateau,normalized_gradient",independent,False,capacity,log,0,20,1
rank4,4,softplus,1.0,-58.692728627175285,10.1568423659589,6000,500,507,49.54108540015295,False,False,-58.72182518649603,0.14851936509334004,-58.40645164037315,0.14984980581879684,True,False,"validation_plateau,normalized_gradient",independent,False,capacity,log,0,20,2
full,-1,softplus,1.0,-43.66330778496703,55.43177788497129,2400,500,512,30.7537016000133,False,False,-43.98042050427145,0.35937769169767214,-43.934742556947924,0.3492815531897125,True,False,"validation_plateau,normalized_gradient",independent,False,capacity,log,0,20,0
full,-1,softplus,1.0,-51.86706921908984,71.18532327311104,1800,500,519,30.81225170008838,False,False,-51.22876298034119,0.3990984680577879,-51.43721585142116,0.41042957856504714,True,False,"validation_plateau,normalized_gradient",independent,False,capacity,log,0,20,1
full,-1,softplus,1.0,-54.81405502173121,52.37564334589334,1600,500,520,28.768035999964923,False,False,-54.004187242258766,0.420012608128314,-54.78363948800876,0.43615689774130023,True,False,"validation_plateau,normalized_gradient",independent,False,capacity,log,0,20,2
diag,0,softplus,1.0,-1.4546037891163155,0.0005026252286834305,800,13,16,1.0878019998781383,True,True,-1.46822226115521,0.018282446172998762,-1.4809189915012424,0.01848371845685069,True,True,,independent,False,capacity,log,0,5,0
diag,0,softplus,1.0,-1.453378942845338,6.956189755715103e-05,800,12,15,1.3689885998610407,True,True,-1.4338272400939303,0.017624947853203045,-1.4289716386555833,0.01784405303415654,True,True,,independent,False,capacity,log,0,5,1
diag,0,softplus,1.0,-1.4531579204473815,0.00013833235745863907,800,14,16,1.1824578000232577,True,True,-1.4619167849460466,0.01829900035159011,-1.4419579568797296,0.018011958081365846,True,True,,independent,True,capacity,log,0,5,2
rank2,2,softplus,1.0,-0.40945146825992307,0.0003310672531344813,1600,93,118,3.7034190001431853,True,True,-0.4187097671757715,0.008938732764119835,-0.409981424016306,0.009659843563560776,True,True,,nested_warm_start,True,capacity,log,0,5,0
rank2,2,softplus,1.0,-0.411880133602085,0.0003139462400626746,2400,59,80,4.194332599872723,True,True,-0.42416812474517485,0.009595538919460496,-0.4156429363479942,0.009602944405963633,True,True,,independent,False,capacity,log,0,5,1
rank2,2,softplus,1.0,-0.4098527146256341,0.00017913308710880538,2200,88,132,4.534147999947891,True,True,-0.42530074230056597,0.01054512159665274,-0.4141917522949192,0.009566036493570186,True,True,,independent,False,capacity,log,0,5,2
rank4,4,softplus,1.0,-0.2541685008401551,0.0005320914969600726,800,238,327,5.293345300015062,True,True,-0.25094463508839615,0.006329061983968225,-0.25002046012565826,0.008543274515685319,True,True,,nested_warm_start,True,capacity,log,0,5,0
rank4,4,softplus,1.0,-0.25546932989105775,0.000519141710602115,800,321,398,6.007035800023004,True,True,-0.24963800504578887,0.00657241612121014,-0.24690324109121517,0.006128937243700294,True,True,,independent,False,capacity,log,0,5,1
rank4,4,softplus,1.0,-0.25602464026418614,0.0060756478454664815,1800,339,409,7.7480637999251485,True,True,-0.2512337495999917,0.006382463525388892,-0.25805172039314084,0.006396777205963531,True,True,,independent,False,capacity,log,0,5,2
full,-1,softplus,1.0,-0.25563913674737915,0.0010923460060770786,800,21,25,1.3878371000755578,True,True,-0.25310325959574603,0.007001650871175851,-0.2646661218832101,0.007179766431530535,True,True,,nested_warm_start,False,capacity,log,0,5,0
full,-1,softplus,1.0,-0.25464871659687915,0.0014295017411493926,800,22,25,1.3939169999212027,True,True,-0.26232856332063825,0.008139436417874292,-0.25750962994645665,0.006537037989005782,True,True,,independent,True,capacity,log,0,5,1
full,-1,softplus,1.0,-0.2552377910820214,0.0006017947896820387,800,21,25,1.4652515999041498,True,True,-0.25163290074140976,0.0068131560684667235,-0.25371512394950585,0.006135820828895672,True,True,,independent,False,capacity,log,0,5,2
diag,0,softplus,1.0,-38.013731668296224,2.957312826609325e-06,5800,277,298,18.008375300094485,True,True,-38.03388046127341,0.04212620943588053,-37.98768322339177,0.04185446969198206,True,True,,independent,True,capacity,log,1,10,0
diag,0,softplus,1.0,-38.01374021952297,8.698578923292687e-06,3600,282,299,12.863144500181079,True,True,-37.989444321872426,0.041281507322839556,-37.99858175203019,0.042476706968050865,True,True,,independent,False,capacity,log,1,10,1
diag,0,softplus,1.0,-38.01373423220781,8.033171957811642e-06,7400,244,256,19.794379000086337,True,True,-38.009276090951346,0.04270571869836684,-38.03922965551672,0.042968593933175724,True,True,,independent,False,capacity,log,1,10,2
rank2,2,softplus,1.0,-23.86844270169179,0.11317461382114756,1200,500,523,15.022898799972609,True,False,-23.889231635845626,0.03343560149075632,-23.873989820309305,0.03276942479863976,True,False,normalized_gradient,nested_warm_start,False,capacity,log,1,10,0
rank2,2,softplus,1.0,-23.86692344149202,0.26213578698668066,4800,500,519,21.41015010001138,True,False,-23.797329386236,0.03326390239639574,-23.9010245884349,0.032827310683274886,True,False,normalized_gradient,independent,False,capacity,log,1,10,1
rank2,2,softplus,1.0,-23.859176714324015,0.1267541142115004,5200,500,521,21.59619230008684,True,False,-23.852834737371367,0.0328337258814288,-23.818066451266194,0.03257337695868134,True,False,normalized_gradient,independent,False,capacity,log,1,10,2
rank4,4,softplus,1.0,-12.550536321494732,1.2484855336199712,800,500,522,13.901864000130445,True,False,-12.575324160093581,0.02393409635568454,-12.549322886737006,0.02307051008722741,True,False,normalized_gradient,nested_warm_start,False,capacity,log,1,10,0
rank4,4,softplus,1.0,-12.716242259112562,1.6355276247082344,3600,500,518,20.849890999961644,False,False,-12.765809094963288,0.025162777934008593,-12.756829398239104,0.025161416763395037,True,False,"validation_plateau,normalized_gradient",independent,False,capacity,log,1,10,1
rank4,4,softplus,1.0,-12.590943939030701,0.4043582249163145,5800,500,523,22.98642239999026,True,False,-12.599112614310648,0.02577402881450852,-12.549105282971075,0.025482249364879535,True,False,normalized_gradient,independent,False,capacity,log,1,10,2
full,-1,softplus,1.0,-10.489341431502751,2.9086710079584277,1200,500,524,16.518765500048175,False,False,-10.550034923378348,0.05145235628943988,-10.581590471141924,0.05023564976390806,True,False,"validation_plateau,normalized_gradient",nested_warm_start,False,capacity,log,1,10,0
full,-1,softplus,1.0,-5.328272993344989,3.0496879492191904,1200,500,521,13.248372900066897,False,False,-5.3333898703367195,0.034385038447538985,-5.339894825140683,0.04159954386393546,True,False,"validation_plateau,normalized_gradient",independent,False,capacity,log,1,10,1
full,-1,softplus,1.0,-5.17161302541426,4.5363941052924215,1000,500,521,11.473241900093853,False,False,-5.174653057981089,0.037802994878872516,-5.189723569680602,0.03861281383233781,True,False,"validation_plateau,normalized_gradient",independent,False,capacity,log,1,10,2
diag,0,softplus,1.0,-47.18560163214855,1.8221981499659915e-05,8000,380,419,46.123726499965414,True,True,-47.18234785341208,0.030993677256882384,-47.22146444340518,0.030758776793495535,True,True,,independent,False,capacity,log,1,20,0
diag,0,softplus,1.0,-47.18559884103881,1.9285618888883795e-05,8000,469,501,49.60297359991819,True,True,-47.13818906689123,0.03043064446951478,-47.17615390985122,0.030946551511604206,True,True,,independent,True,capacity,log,1,20,1
diag,0,softplus,1.0,-47.185599478923564,7.211433930741677e-06,8000,442,476,49.30205660010688,True,True,-47.158553894801784,0.03158765508447915,-47.26321673704373,0.031400565177327144,True,True,,independent,False,capacity,log,1,20,2
rank2,2,softplus,1.0,-31.2235062704967,0.603036120463085,1000,500,509,34.10539479996078,True,False,-31.241437793008494,0.02686035862214958,-31.233768516971466,0.027238087468569393,True,False,normalized_gradient,nested_warm_start,False,capacity,log,1,20,0
rank2,2,softplus,1.0,-31.52893041337039,0.06677326524161514,6600,500,515,46.88820639997721,True,False,-31.495384407575493,0.025075198686458678,-31.490110873687307,0.02495579967379022,True,False,normalized_gradient,independent,False,capacity,log,1,20,1
rank2,2,softplus,1.0,-31.4825464836631,0.9565796275217232,8000,500,512,51.240123899886385,True,False,-31.46954918798784,0.024614308764473018,-31.459861685595413,0.025180995782313274,True,False,normalized_gradient,independent,False,capacity,log,1,20,2
rank4,4,softplus,1.0,-17.22943016933199,0.5384262329868034,1400,500,520,33.2002111999318,True,False,-17.21641034490363,0.021669517361896467,-17.22104519196059,0.02220894873607072,True,False,normalized_gradient,nested_warm_start,False,capacity,log,1,20,0
rank4,4,softplus,1.0,-18.444654601430273,1.2900839558106516,5400,500,509,48.314631099812686,True,False,-18.485695748988668,0.030424840759433427,-18.496127676038697,0.03119412823543607,True,False,normalized_gradient,independent,False,capacity,log,1,20,1
rank4,4,softplus,1.0,-19.128777464355153,1.89163789392741,4800,500,515,45.46445090021007,True,False,-19.19361389147356,0.031953046418224516,-19.130436943611045,0.03098139146275287,True,False,normalized_gradient,independent,False,capacity,log,1,20,2
full,-1,softplus,1.0,-13.965598154329058,4.481347714478716,2400,500,521,30.24404520005919,False,False,-13.94707727454698,0.02198151868489609,-13.958984726102754,0.021442180428771402,True,False,"validation_plateau,normalized_gradient",nested_warm_start,False,capacity,log,1,20,0
full,-1,softplus,1.0,-16.732261681132982,11.11301010758385,1800,500,520,33.21460480010137,False,False,-16.98173011486215,0.17117956441510815,-16.6122217788971,0.16883900554803388,True,False,"validation_plateau,normalized_gradient",independent,False,capacity,log,1,20,1
full,-1,softplus,1.0,-15.823036114080494,8.153993533986776,2200,500,519,30.9279970000498,False,False,-16.10090381241166,0.17617052068196046,-15.647963847202027,0.1668661776759732,True,False,"validation_plateau,normalized_gradient",independent,False,capacity,log,1,20,2
diag,0,softplus,1.0,-1.998168742997704,1.0330059104580926e-05,800,13,15,1.0083934001158923,True,True,-1.984371401660336,0.022272270530794665,-1.9888692822316936,0.02297563460102704,True,True,,independent,False,capacity,log,1,5,0
diag,0,softplus,1.0,-1.9980448211248172,3.111731928294092e-05,800,14,16,1.377515299944207,True,True,-2.00123370655289,0.023083931567183802,-1.9950141726293036,0.02269293603202278,True,True,,independent,True,capacity,log,1,5,1
diag,0,softplus,1.0,-1.9984215311836877,9.517835940908483e-05,1200,11,14,1.5859399000182748,True,True,-1.999703795776712,0.022368810634280076,-2.0011956948957925,0.02326549089602015,True,True,,independent,False,capacity,log,1,5,2
rank2,2,softplus,1.0,-0.46681851689712595,0.00014520114714099277,1800,81,101,3.6631849000696093,True,True,-0.4648423337701552,0.011159968917781187,-0.4748791784637373,0.011346170777316006,True,True,,nested_warm_start,True,capacity,log,1,5,0
rank2,2,softplus,1.0,-0.47020887683748036,0.00014662386910152688,2200,67,78,3.8707396001555026,True,True,-0.4817626101293172,0.010903387403988682,-0.4585276081378752,0.01120966521928506,True,True,,independent,False,capacity,log,1,5,1
rank2,2,softplus,1.0,-0.4695194912429077,0.00017145844557326466,2400,83,136,4.908830299973488,True,True,-0.441879250908769,0.011121956919580126,-0.4501858029919088,0.010886376116972544,True,True,,independent,False,capacity,log,1,5,2
rank4,4,softplus,1.0,-0.11089545176171,0.0004633753480820447,1000,52,181,3.63029250013642,True,True,-0.1027744428955752,0.004715200563327684,-0.11288003670935619,0.005016083363138709,True,True,,nested_warm_start,False,capacity,log,1,5,0
rank4,4,softplus,1.0,-0.11075222895928949,0.00018597033710554499,800,368,551,7.946816100040451,True,True,-0.11481839619611442,0.00499059650056555,-0.10733175779334628,0.0048543420804717805,True,True,,independent,True,capacity,log,1,5,1
rank4,4,softplus,1.0,-0.1133366168285379,0.009383398830045723,800,500,580,8.504962500184774,True,True,-0.11574641232724783,0.005013577626728053,-0.1194748609622066,0.005283096419572854,True,True,,independent,False,capacity,log,1,5,2
full,-1,softplus,1.0,-0.11194732634828508,0.00026759795698413,800,24,27,1.3757561999373138,True,True,-0.11375478138465872,0.005015298569885063,-0.11087965633199778,0.004875195802040739,True,True,,nested_warm_start,False,capacity,log,1,5,0
full,-1,softplus,1.0,-0.11297957656419122,0.000510400196621401,800,24,26,1.4808998999651521,True,True,-0.10900945185480243,0.004910901799058278,-0.10651354983306363,0.004996912444734855,True,True,,independent,False,capacity,log,1,5,1
full,-1,softplus,1.0,-0.11168674833163372,0.0002426192411688179,800,22,25,1.4134802999906242,True,True,-0.11187948343051787,0.004909565289753883,-0.10827376068485306,0.004936998318243554,True,True,,independent,True,capacity,log,1,5,2
diag,0,softplus,1.0,-40.18167266620901,0.0006949137079137959,6400,321,361,17.942861099960282,True,True,-40.184455067198456,0.06869828504524225,-40.22390249193612,0.06871986474931747,True,True,,independent,False,capacity,log,2,10,0
diag,0,softplus,1.0,-40.18142742528481,0.00011634898093416094,8000,398,459,22.547341600060463,True,True,-40.01937822720082,0.06658966311763571,-40.16405125835982,0.06707670428069519,True,True,,independent,True,capacity,log,2,10,1
diag,0,softplus,1.0,-40.18230016637129,0.0006531834045795275,8000,300,335,19.033389700111,True,True,-40.241003600350794,0.06887341636969518,-40.204194190669135,0.06623804594157147,True,True,,independent,False,capacity,log,2,10,2
rank2,2,softplus,1.0,-27.159083201106995,0.1849935631101943,1800,500,534,16.101094499928877,True,False,-27.130493335339175,0.05170292477549288,-27.09331832720158,0.05269243699741262,True,False,normalized_gradient,nested_warm_start,False,capacity,log,2,10,0
rank2,2,softplus,1.0,-31.03573263585773,0.6935211074499977,4400,500,534,21.57693800004199,True,False,-30.9970300736871,0.05499530839761913,-31.025962966560467,0.05570232170000584,True,False,normalized_gradient,independent,False,capacity,log,2,10,1
rank2,2,softplus,1.0,-27.151911791070546,0.22732052558068794,4200,500,535,18.052288100123405,True,False,-27.207064044276812,0.05360064607178264,-27.178263323566945,0.054533947680553745,True,False,normalized_gradient,independent,False,capacity,log,2,10,2
rank4,4,softplus,1.0,-17.196387284254236,1.6780560916362632,1800,500,530,16.79472119989805,True,False,-17.209038216499128,0.03866791060419244,-17.24222581839173,0.040571330528372695,True,False,normalized_gradient,nested_warm_start,False,capacity,log,2,10,0
rank4,4,softplus,1.0,-20.173201406403873,4.35308233026088,3600,500,524,21.302641100017354,False,False,-20.19965148141794,0.044459637702387735,-20.153199058825596,0.04339099039706263,True,False,"validation_plateau,normalized_gradient",independent,False,capacity,log,2,10,1
rank4,4,softplus,1.0,-20.080145372089028,1.2577929737425864,3600,500,526,17.551088500069454,True,False,-20.077795278958995,0.04154065404527245,-20.047744450106265,0.04201792531659072,True,False,normalized_gradient,independent,False,capacity,log,2,10,2
full,-1,softplus,1.0,-7.38015118382873,6.475602454265529,1600,500,526,14.189793899888173,False,False,-7.344159619603199,0.03123126117959429,-7.4332158339806105,0.0313503689117834,True,False,"validation_plateau,normalized_gradient",nested_warm_start,False,capacity,log,2,10,0
full,-1,softplus,1.0,-7.301830557632581,0.8248012845619529,1600,500,526,15.484904099954292,True,False,-7.2994294575088805,0.019913661351028483,-7.329934834793863,0.021319480002679633,True,False,normalized_gradient,independent,False,capacity,log,2,10,1
full,-1,softplus,1.0,-7.290986327831298,1.9198115451593474,1800,500,518,13.583484800066799,False,False,-7.331292147830238,0.030990118986474472,-7.262577408440241,0.021011341111473996,True,False,"validation_plateau,normalized_gradient",independent,False,capacity,log,2,10,2
diag,0,softplus,1.0,-60.22444368800757,0.5625982728416001,8000,500,561,54.647692900151014,True,False,-60.20166062142397,0.03819003068905221,-60.266259190652534,0.038794934728133515,True,False,normalized_gradient,independent,False,capacity,log,2,20,0
diag,0,softplus,1.0,-60.246139546247846,10.489780648531967,8000,500,551,54.18162970012054,False,False,-60.21470513372425,0.03856611954149701,-60.24942086446118,0.038195742552524635,True,False,"validation_plateau,normalized_gradient",independent,False,capacity,log,2,20,1
diag,0,softplus,1.0,-60.23191889866871,8.480302553613656,8000,500,560,53.93848150013946,False,False,-60.22971844433274,0.03764883696742069,-60.24610926032701,0.037594994419686056,True,False,"validation_plateau,normalized_gradient",independent,False,capacity,log,2,20,2
rank2,2,softplus,1.0,-49.082968541738424,1.0284423984098394,7400,500,533,53.92343359999359,True,False,-49.06777485594446,0.03624316477815486,-49.120955968552025,0.03624877152927145,True,False,normalized_gradient,independent,False,capacity,log,2,20,0
rank2,2,softplus,1.0,-47.95563560710039,3.5931703475609553,8000,500,528,55.512823400087655,True,False,-48.031099999940906,0.03510193242072287,-48.003371514663634,0.03562687622684006,True,False,normalized_gradient,independent,False,capacity,log,2,20,1
rank2,2,softplus,1.0,-48.34215100347615,0.8549680827198575,8000,500,521,54.68682980001904,True,False,-48.2481371430644,0.03666338410930987,-48.34813179122382,0.03911844721776714,True,False,normalized_gradient,independent,False,capacity,log,2,20,2
rank4,4,softplus,1.0,-62.72632299033113,19.86437694082432,4600,500,520,46.84028770006262,False,False,-62.785676275921034,0.20523676812096492,-62.90431967857563,0.2089707244280298,True,False,"validation_plateau,normalized_gradient",independent,False,capacity,log,2,20,0
rank4,4,softplus,1.0,-61.95939264460599,17.827249239465715,5000,500,512,44.01087750005536,False,False,-61.71121458832141,0.22500646302843952,-61.94374669150715,0.2373091544960782,True,False,"validation_plateau,normalized_gradient",independent,False,capacity,log,2,20,1
rank4,4,softplus,1.0,-70.30095016401117,34.22148237381426,5600,500,516,47.66885869996622,False,False,-70.78677678482434,0.36180875849467536,-70.07554880711757,0.4143580513097579,True,False,"validation_plateau,normalized_gradient",independent,False,capacity,log,2,20,2
full,-1,softplus,1.0,-53.542169497157985,26.039380559645796,1600,500,511,33.41085790004581,False,False,-53.9680295754916,0.451979479299904,-53.67383320760914,0.4104738362849011,True,False,"validation_plateau,normalized_gradient",independent,False,capacity,log,2,20,0
full,-1,softplus,1.0,-49.45295820932783,23.975551899843094,2000,500,515,30.956096299923956,False,False,-49.73885290412126,0.3954768304483128,-48.83179470326709,0.4186893358508211,True,False,"validation_plateau,normalized_gradient",independent,False,capacity,log,2,20,1
full,-1,softplus,1.0,-49.86133896426949,41.06434738047585,1800,500,514,29.576670399866998,False,False,-50.38228131388037,0.38278306110077304,-50.54930618971832,0.42289100825169057,True,False,"validation_plateau,normalized_gradient",independent,False,capacity,log,2,20,2
diag,0,softplus,1.0,-1.652919506726952,0.0005232448285973487,4400,13,16,5.782910699956119,True,True,-1.6398526277571968,0.015558521990194637,-1.6386001464414954,0.016128795252545035,True,True,,independent,False,capacity,log,2,5,0
diag,0,softplus,1.0,-1.653375543771111,0.0002540551944352539,4200,14,17,5.173424700042233,True,True,-1.648926025943986,0.015943686682770877,-1.6359657883091256,0.015057102479596116,True,True,,independent,False,capacity,log,2,5,1
diag,0,softplus,1.0,-1.6519017121667119,9.3335691871592e-05,4400,15,18,5.042408799985424,True,True,-1.658191866398942,0.017021080576323275,-1.6466766276674365,0.015305328580051182,True,True,,independent,True,capacity,log,2,5,2
rank2,2,softplus,1.0,-1.0579426568822183,0.0006487196133722814,1800,85,102,3.959297699853778,True,True,-1.0515327115698594,0.009501715496495417,-1.0501968935853938,0.009367008920899159,True,True,,nested_warm_start,False,capacity,log,2,5,0
rank2,2,softplus,1.0,-1.252313970035143,0.00012497205964267515,8000,54,56,10.705541000002995,True,True,-1.2561866255035536,0.011716373237231684,-1.2399399038562633,0.011284496232143205,True,True,,independent,False,capacity,log,2,5,1
rank2,2,softplus,1.0,-1.0565847560552366,0.0002668177327454937,8000,171,241,12.24746510013938,True,True,-1.0669560951670873,0.009350046024417472,-1.052053088788175,0.00925935723343321,True,True,,independent,True,capacity,log,2,5,2
rank4,4,softplus,1.0,-0.9732416641538119,0.0006923434647383832,800,46,145,2.6333896999713033,True,True,-0.9799459494258503,0.011115288498012296,-0.9629336851721142,0.008260759103224713,True,True,,nested_warm_start,True,capacity,log,2,5,0
rank4,4,softplus,1.0,-0.9740786635003876,0.00045553483811286265,8000,261,349,15.226715600118041,True,True,-0.9784158932499247,0.007881662375071034,-0.9499683525051836,0.0072201393724922215,True,True,,independent,False,capacity,log,2,5,1
rank4,4,softplus,1.0,-0.9827920136680001,0.002677298164969202,8000,282,380,15.185123499948531,True,True,-0.9882363252905432,0.008330653409299517,-0.9785319914719258,0.007101240343936737,True,True,,independent,False,capacity,log,2,5,2
full,-1,softplus,1.0,-0.9779470979240594,0.0007799874771711813,800,18,21,1.341622699983418,True,True,-0.9875217912888896,0.01128323328063622,-0.9770088521381668,0.007911381277944544,True,True,,nested_warm_start,True,capacity,log,2,5,0
full,-1,softplus,1.0,-0.9802185411652007,0.0008957410765364936,3800,18,20,5.42478709993884,True,True,-0.9826287939102027,0.007834936529217377,-0.9743603399359058,0.00915840952154368,True,True,,independent,False,capacity,log,2,5,1
full,-1,softplus,1.0,-0.9824775122301085,0.0022457002949407266,4200,18,21,5.581854999996722,True,True,-0.9818160465710917,0.008155490244814469,-0.9622125926644483,0.006274199235667905,True,True,,independent,False,capacity,log,2,5,2
diag,0,softplus,1.0,-40.514007572929216,7.511716864884937e-06,8000,324,386,20.962177499895915,True,True,-40.522282385449884,0.04782017671246261,-40.58313808635704,0.047406467829267926,True,True,,independent,False,capacity,log,3,10,0
diag,0,softplus,1.0,-40.514005947883746,9.032101453983478e-06,8000,299,329,22.772697699954733,True,True,-40.54316706064789,0.048798919721032695,-40.49400714278083,0.04790054710245664,True,True,,independent,False,capacity,log,3,10,1
diag,0,softplus,1.0,-40.51400307706011,8.752879556379958e-05,8000,291,317,19.75541270012036,True,True,-40.47361705742923,0.04747713459202973,-40.53864076806712,0.04821941054154988,True,True,,independent,True,capacity,log,3,10,2
rank2,2,softplus,1.0,-26.167137448250784,0.32477349478961764,1400,500,526,14.433707299875095,True,False,-26.163319063008338,0.038451931959997104,-26.140385526038603,0.03811999697747926,True,False,normalized_gradient,nested_warm_start,False,capacity,log,3,10,0
rank2,2,softplus,1.0,-26.172878444177638,0.45997961044969726,4400,500,530,22.320081599988043,True,False,-26.18629065720232,0.038529741304377,-26.191401646326234,0.03880547875338404,True,False,normalized_gradient,independent,False,capacity,log,3,10,1
rank2,2,softplus,1.0,-26.171984783483637,0.34996877956958566,4400,500,521,18.444920299807563,True,False,-26.223175162451447,0.037993071772383404,-26.154653463141074,0.037299636647956144,True,False,normalized_gradient,independent,False,capacity,log,3,10,2
rank4,4,softplus,1.0,-14.848335558149323,1.1109641228770382,1000,500,526,13.12246199999936,True,False,-14.877173528212161,0.028575496209930246,-14.860453357510627,0.028290814185539755,True,False,normalized_gradient,nested_warm_start,False,capacity,log,3,10,0
rank4,4,softplus,1.0,-14.984156505130358,1.1434903872052018,4000,500,530,22.520317899994552,True,False,-14.996043244117335,0.031094984983604638,-15.0061909631218,0.02917756799569108,True,False,normalized_gradient,independent,False,capacity,log,3,10,1
rank4,4,softplus,1.0,-15.104301372102832,4.391154666365671,3800,500,534,18.694041300099343,False,False,-15.094436170167487,0.029035720602579293,-15.097348471770118,0.029990873511990965,True,False,"validation_plateau,normalized_gradient",independent,False,capacity,log,3,10,2
full,-1,softplus,1.0,-9.182633778885734,37.01466929311644,1600,500,532,13.220793999964371,False,False,-9.23808612177079,0.05743167767886864,-9.07137515862009,0.046741593551685355,True,False,"validation_plateau,normalized_gradient",nested_warm_start,False,capacity,log,3,10,0
full,-1,softplus,1.0,-5.836932628332548,5.462907556133087,800,500,529,14.566999700153247,False,False,-5.875557091251762,0.044999476584424866,-5.79588949611282,0.03580571729112699,True,False,"validation_plateau,normalized_gradient",independent,False,capacity,log,3,10,1
full,-1,softplus,1.0,-5.626761015176413,2.887760740289508,1200,500,529,13.413506999844685,False,False,-5.570019929905151,0.028376371315086652,-5.629339607020578,0.02863511368119375,True,False,"validation_plateau,normalized_gradient",independent,False,capacity,log,3,10,2
diag,0,softplus,1.0,-53.30332685745017,0.00029849820760814255,8000,500,549,50.982914299936965,True,True,-53.26902691593638,0.03419683182048105,-53.333447309159055,0.033718779603095515,True,True,,independent,True,capacity,log,3,20,0
diag,0,softplus,1.0,-53.30333141601247,0.0005019671968738738,8000,500,543,50.4888410998974,True,True,-53.23580314442789,0.033937428590154146,-53.20279459413935,0.03390501461362629,True,True,,independent,False,capacity,log,3,20,1
diag,0,softplus,1.0,-53.30325802253215,0.028181896674106473,8000,500,547,52.362385800108314,True,False,-53.35339969962337,0.03447700731784905,-53.28336983574867,0.03403635933077464,True,False,normalized_gradient,independent,False,capacity,log,3,20,2
rank2,2,softplus,1.0,-36.87104355228183,0.3254444567706255,1600,500,521,33.056193500058725,True,False,-36.8654027393806,0.028527686921285225,-36.86165907401455,0.02885253983597964,True,False,normalized_gradient,nested_warm_start,False,capacity,log,3,20,0
rank2,2,softplus,1.0,-37.434957856114636,1.5366336289688163,8000,500,526,56.52568809990771,True,False,-37.447676736187574,0.030927235762735015,-37.44226666462383,0.030210335322758797,True,False,normalized_gradient,independent,False,capacity,log,3,20,1
rank2,2,softplus,1.0,-37.44087842348051,0.7929029776405323,6400,500,522,52.7891611000523,True,False,-37.47523136679932,0.030692501449193024,-37.4412489248592,0.03093805472551405,True,False,normalized_gradient,independent,False,capacity,log,3,20,2
rank4,4,softplus,1.0,-22.859937647387383,0.8599714443354527,800,500,512,32.25630089989863,True,False,-22.853906859459222,0.029749756784295586,-22.834443231937666,0.030065708724787542,True,False,normalized_gradient,nested_warm_start,False,capacity,log,3,20,0
rank4,4,softplus,1.0,-27.455155395926766,2.088020492950018,5800,500,513,44.33321509999223,True,False,-27.39899283134816,0.050990683616488744,-27.352648631945534,0.05044605283615419,True,False,normalized_gradient,independent,False,capacity,log,3,20,1
rank4,4,softplus,1.0,-29.16699034654006,5.206910894050896,4800,500,513,42.41478160000406,False,False,-29.162274336576367,0.06254516599119914,-29.156574113566062,0.0641037474302128,True,False,"validation_plateau,normalized_gradient",independent,False,capacity,log,3,20,2
full,-1,softplus,1.0,-22.312516049736928,6.682158140300187,1200,500,517,29.604914699913934,False,False,-22.341835250637807,0.025678460414585786,-22.29923554635512,0.026137850531455606,True,False,"validation_plateau,normalized_gradient",nested_warm_start,False,capacity,log,3,20,0
full,-1,softplus,1.0,-25.614937838914955,11.449386666659487,1600,500,517,28.285993400029838,False,False,-25.69479181935833,0.3082827137488026,-25.40913391873545,0.3449267349022744,True,False,"validation_plateau,normalized_gradient",independent,False,capacity,log,3,20,1
full,-1,softplus,1.0,-25.791351234424795,13.655651432039082,1800,500,516,30.9630602998659,False,False,-25.29850238333964,0.26713661312132053,-25.526873402147437,0.27559004021426786,True,False,"validation_plateau,normalized_gradient",independent,False,capacity,log,3,20,2
diag,0,softplus,1.0,-0.9893437004684138,0.00011197805086312823,800,14,17,1.210915300063789,True,True,-0.9802875043001233,0.014570177391808856,-0.9923844805552384,0.014150915992499598,True,True,,independent,False,capacity,log,3,5,0
diag,0,softplus,1.0,-0.9886863437412634,0.00012201977186256074,800,13,15,1.063390800030902,True,True,-1.0012243946095296,0.014290509721960656,-0.977416615774457,0.014232075767105308,True,True,,independent,False,capacity,log,3,5,1
diag,0,softplus,1.0,-0.9886084577121017,5.996235713616971e-05,800,14,16,0.9606246999464929,True,True,-1.0106574940819093,0.014384764164803106,-0.9793385229593886,0.01435848035459025,True,True,,independent,True,capacity,log,3,5,2
rank2,2,softplus,1.0,-0.1998683897311988,0.0001230545407862903,2200,49,81,3.505289100110531,True,True,-0.2089859228942041,0.006420527243702842,-0.20410631057940015,0.007307283797845082,True,True,,nested_warm_start,False,capacity,log,3,5,0
rank2,2,softplus,1.0,-0.19919039938928806,0.00014354133158316784,2200,68,124,4.041020199889317,True,True,-0.18994584597222508,0.0065016968992706575,-0.19509521047950334,0.006351558983113856,True,True,,independent,True,capacity,log,3,5,1
rank2,2,softplus,1.0,-0.20013355371679786,0.00012997522479601923,2200,53,226,5.112043600063771,True,True,-0.1977671323165779,0.006370236764787573,-0.18686168082991417,0.0062505854601038035,True,True,,independent,False,capacity,log,3,5,2
rank4,4,softplus,1.0,-0.13511139154355378,0.0006177990365077877,800,21,123,2.423153300071135,True,True,-0.13809807415550743,0.005532353759627454,-0.12666687604399013,0.005030978353009966,True,True,,nested_warm_start,True,capacity,log,3,5,0
rank4,4,softplus,1.0,-0.1355624768480692,0.00035423301005410395,1200,381,514,8.90483389981091,True,True,-0.11970432868933317,0.00507468239456396,-0.1306063560136729,0.005371193100117922,True,True,,independent,False,capacity,log,3,5,1
rank4,4,softplus,1.0,-0.13660434862053084,0.0004694461693014013,800,236,294,5.569710900075734,True,True,-0.13370419870080513,0.0053388790420881085,-0.14344038987347926,0.005646225544931401,True,True,,independent,False,capacity,log,3,5,2
full,-1,softplus,1.0,-0.13676832733938138,0.00020692233059739279,800,18,21,1.5958495999220759,True,True,-0.1366865702648282,0.005218106886473449,-0.1420683650486091,0.005301724594886828,True,True,,nested_warm_start,False,capacity,log,3,5,0
full,-1,softplus,1.0,-0.1358575516285101,0.00017691849708317391,800,19,23,1.6352786999195814,True,True,-0.13412491905807433,0.00509046232903742,-0.13851658724922586,0.004901804872836506,True,True,,independent,False,capacity,log,3,5,1
full,-1,softplus,1.0,-0.13581521970411625,0.000346019211098656,1200,18,21,2.1129403999075294,True,True,-0.13448236555027737,0.005435836303168264,-0.13917620555941485,0.004788385540692098,True,True,,independent,True,capacity,log,3,5,2
diag,0,softplus,1.0,-40.78300097154927,2.1634742531875772e-05,7400,379,412,24.24065970000811,True,True,-40.794537492368846,0.04827491426408643,-40.78957817081817,0.047730085011678025,True,True,,independent,False,capacity,log,4,10,0
diag,0,softplus,1.0,-40.782997778359444,3.5766777434384796e-06,5000,351,393,16.623799200169742,True,True,-40.80640317856842,0.048457605110405796,-40.78832234560524,0.04862151771295409,True,True,,independent,True,capacity,log,4,10,1
diag,0,softplus,1.0,-40.78300312087755,1.737168684803433e-05,4200,355,384,14.902286300202832,True,True,-40.804474620085344,0.04744686673786629,-40.783590994365085,0.04840498182979704,True,True,,independent,False,capacity,log,4,10,2
rank2,2,softplus,1.0,-26.229425171572423,0.47481629115220475,1000,500,523,17.26905840006657,True,False,-26.281742775584185,0.03954064610895091,-26.154938424076974,0.03823360872194829,True,False,normalized_gradient,nested_warm_start,False,capacity,log,4,10,0
rank2,2,softplus,1.0,-26.23720560955793,0.22874495444386558,4600,500,529,21.57366679981351,True,False,-26.229673015641573,0.038630182535000786,-26.21293751350153,0.03849631399906564,True,False,normalized_gradient,independent,False,capacity,log,4,10,1
rank2,2,softplus,1.0,-26.239414152751976,1.023259300343984,5200,500,527,21.878777799895033,True,False,-26.20976861498272,0.03957756860917354,-26.217465311122155,0.03890251303998037,True,False,normalized_gradient,independent,False,capacity,log,4,10,2
rank4,4,softplus,1.0,-14.8358527084509,2.764449680539054,1400,500,515,16.963259800104424,True,False,-14.82835441390407,0.029155571397027954,-14.800945660831678,0.029231931604509726,True,False,normalized_gradient,nested_warm_start,False,capacity,log,4,10,0
rank4,4,softplus,1.0,-15.066637991625367,3.563735157946322,4200,500,517,20.25079429987818,False,False,-15.09442081127502,0.0317188569435984,-15.101201319034935,0.03155349158765629,True,False,"validation_plateau,normalized_gradient",independent,False,capacity,log,4,10,1
rank4,4,softplus,1.0,-14.84802740313836,4.351911814511631,6000,500,523,24.004770800005645,False,False,-14.810142196157427,0.03193764083751841,-14.832961317787493,0.031797583211416916,True,False,"validation_plateau,normalized_gradient",independent,False,capacity,log,4,10,2
full,-1,softplus,1.0,-12.867650510876523,7.1311822913949765,1200,500,516,14.16077070008032,False,False,-12.81817153892265,0.05577512781012156,-12.813173328812166,0.053384637921221986,True,False,"validation_plateau,normalized_gradient",nested_warm_start,False,capacity,log,4,10,0
full,-1,softplus,1.0,-6.733653689055082,7.28651364667045,1200,500,523,15.236969799967483,False,False,-6.695109938026656,0.0430663168922854,-6.842483782092941,0.0602574305258276,True,False,"validation_plateau,normalized_gradient",independent,False,capacity,log,4,10,1
full,-1,softplus,1.0,-6.297556461792759,2.097923664645538,2200,500,527,14.242518900195137,True,False,-6.2550746929658185,0.038139317170581055,-6.248215049507683,0.035786066506399025,True,False,normalized_gradient,independent,False,capacity,log,4,10,2
diag,0,softplus,1.0,-52.242540086721974,1.166812920268401,8000,500,554,52.934893200173974,True,False,-52.21814073427714,0.03298769689241048,-52.22123158152573,0.033577151022675,True,False,normalized_gradient,independent,False,capacity,log,4,20,0
diag,0,softplus,1.0,-52.26363154076269,3.26485229091429,8000,500,564,55.17462830012664,True,False,-52.223064222635514,0.0332586671766808,-52.27536831602658,0.03372641693484552,True,False,normalized_gradient,independent,False,capacity,log,4,20,1
diag,0,softplus,1.0,-52.241576490847024,2.7029726940641567,8000,500,548,52.38701059995219,True,False,-52.2330416217041,0.033060275424259725,-52.17355159545325,0.033202400215764684,True,False,normalized_gradient,independent,False,capacity,log,4,20,2
rank2,2,softplus,1.0,-36.513424682960846,1.3187875830079216,7400,500,527,50.63575519993901,True,False,-36.515394583522195,0.028389808643321326,-36.511901504430924,0.029277587049373954,True,False,normalized_gradient,independent,False,capacity,log,4,20,0
rank2,2,softplus,1.0,-36.34577762997438,2.0335815269759836,8000,500,529,55.12073460011743,True,False,-36.373530419170024,0.03018655464673555,-36.34903981142069,0.029648458045614594,True,False,normalized_gradient,independent,False,capacity,log,4,20,1
rank2,2,softplus,1.0,-36.16951132127494,1.1825028585944029,8000,500,528,55.842394299805164,True,False,-36.18286715908668,0.02958251564607549,-36.144916113609426,0.028763809292988576,True,False,normalized_gradient,independent,False,capacity,log,4,20,2
rank4,4,softplus,1.0,-27.490620719256725,2.8751507166522017,6200,500,517,47.52603060007095,True,False,-27.451438281384817,0.0642942027825287,-27.470030691587148,0.06357240337574535,True,False,normalized_gradient,independent,False,capacity,log,4,20,0
rank4,4,softplus,1.0,-30.28289082461268,8.049756468412776,4200,500,516,42.970412800088525,False,False,-30.482289227503735,0.080254294054159,-30.473401045565815,0.08310434820329395,True,False,"validation_plateau,normalized_gradient",independent,False,capacity,log,4,20,1
rank4,4,softplus,1.0,-27.916464987639458,2.6994313120250495,5600,500,511,47.19790769997053,True,False,-27.877459932121972,0.06361619158277372,-27.963445542826506,0.06260850287602285,True,False,normalized_gradient,independent,False,capacity,log,4,20,2
full,-1,softplus,1.0,-28.879044699284123,19.096938608853634,2200,500,515,32.772320799995214,False,False,-29.306519217533918,0.41553091324654,-28.90198638041331,0.30089384846357303,True,False,"validation_plateau,normalized_gradient",independent,False,capacity,log,4,20,0
full,-1,softplus,1.0,-31.892471107166642,18.892775070765413,800,500,517,27.63538180012256,False,False,-32.77648245070437,0.4152433572078445,-31.74236566958471,0.4215774148928471,True,False,"validation_plateau,normalized_gradient",independent,False,capacity,log,4,20,1
full,-1,softplus,1.0,-27.40050911662715,17.47999982925334,2400,500,520,33.45047940011136,False,False,-27.239593584255616,0.33111415062015326,-27.150710356876008,0.31475214063990486,True,False,"validation_plateau,normalized_gradient",independent,False,capacity,log,4,20,2
diag,0,softplus,1.0,-1.37727591896937,0.00014488534304036844,800,13,16,1.3337547001428902,True,True,-1.3692866034367621,0.017859182255907408,-1.3851037597095681,0.018114196497989888,True,True,,independent,False,capacity,log,4,5,0
diag,0,softplus,1.0,-1.377313116078787,0.00012773394587893815,1000,15,17,1.4313221999909729,True,True,-1.37849237229762,0.017927171899645974,-1.3595523161169538,0.01777486678513571,True,True,,independent,False,capacity,log,4,5,1
diag,0,softplus,1.0,-1.376972362665761,8.058528413608954e-05,800,12,14,1.0918576999101788,True,True,-1.3800839644994334,0.0176678495031551,-1.368564285411938,0.017581231954488696,True,True,,independent,True,capacity,log,4,5,2
rank2,2,softplus,1.0,-0.3899072893551869,0.00015706965622469524,1400,58,61,3.0063686999492347,True,True,-0.3814090318938575,0.008800755563667773,-0.38025604504080485,0.009500124031935831,True,True,,nested_warm_start,True,capacity,log,4,5,0
rank2,2,softplus,1.0,-0.3909835553727361,0.00029080855359463794,2200,102,178,6.1168672000057995,True,True,-0.38686563819640674,0.009326209634758905,-0.40577494280055415,0.010658331681613694,True,True,,independent,False,capacity,log,4,5,1
rank2,2,softplus,1.0,-0.39085458019443986,9.013092665378789e-05,2400,126,164,6.090351000195369,True,True,-0.39801196650848786,0.010178250933666982,-0.38040320825156754,0.00906508527959717,True,True,,independent,False,capacity,log,4,5,2
rank4,4,softplus,1.0,-0.24891973778836718,0.0010440149401763378,800,7,106,2.49758019996807,False,True,-0.2288714727758281,0.0070286057906726795,-0.23646261572579325,0.007077059740181679,True,False,validation_plateau,nested_warm_start,False,capacity,log,4,5,0
rank4,4,softplus,1.0,-0.25437632698982293,0.0008653544771475674,1000,377,456,6.765217300038785,True,True,-0.263006838744797,0.007004529504707234,-0.26804559856849786,0.009914330863947276,True,True,,independent,False,capacity,log,4,5,1
rank4,4,softplus,1.0,-0.2512623757889092,0.0007955968917424843,1000,339,386,5.662279799813405,True,True,-0.2651770151759799,0.006690880010271869,-0.2461484711049124,0.0068176593979588284,True,True,,independent,True,capacity,log,4,5,2
full,-1,softplus,1.0,-0.2545259194253333,0.0006557488270928818,800,20,22,1.2424379999283701,True,True,-0.2511713359167241,0.006512729331682671,-0.24796778535153466,0.006342911895408264,True,True,,nested_warm_start,False,capacity,log,4,5,0
full,-1,softplus,1.0,-0.25290749604474905,0.0007374919872230959,1000,21,24,1.4889108000788838,True,True,-0.2637086670557889,0.006795453673145399,-0.25104900218646503,0.006352603225187857,True,True,,independent,True,capacity,log,4,5,1
full,-1,softplus,1.0,-0.25417624002471895,0.0005490064067646013,800,19,23,1.330440300051123,True,True,-0.25646170597479667,0.006857086789869045,-0.25279225440053,0.006352020980671392,True,True,,independent,False,capacity,log,4,5,2
diag,0,softplus,1.0,-24.461408851694106,0.0023515621946192436,3400,19,22,5.59638120001182,True,True,-24.541094593317325,0.027852878615305915,-24.442873902541702,0.022669662337080152,True,True,,independent,False,capacity,sigmoid,0,10,0
diag,0,softplus,1.0,-24.468048441015398,0.0016161776556274847,3400,19,23,6.523229500046,True,True,-24.503077919171957,0.023642800635209286,-24.453593785321413,0.0226180061082426,True,True,,independent,False,capacity,sigmoid,0,10,1
diag,0,softplus,1.0,-24.46113965737012,0.0019695559620934327,4000,17,20,7.609024400124326,True,True,-24.456832890339424,0.023875704597352262,-24.432593379853863,0.0221110896856596,True,True,,independent,True,capacity,sigmoid,0,10,2
rank2,2,softplus,1.0,-24.05593502920351,0.0014751226343899515,1400,130,152,6.636746300151572,True,True,-24.052922013296957,0.022975489090818074,-24.04739923028818,0.0248937698729854,True,True,,nested_warm_start,True,capacity,sigmoid,0,10,0
rank2,2,softplus,1.0,-24.08009458938193,0.0023340136124060354,4600,74,84,10.976259500021115,True,True,-24.0714427206617,0.027234377558352996,-24.127050224244872,0.023015169276932056,True,True,,independent,False,capacity,sigmoid,0,10,1
rank2,2,softplus,1.0,-24.08444393834053,0.0012377246992555557,4400,73,82,9.282281400170177,True,True,-24.09461856843957,0.0217286692399186,-24.083212126618612,0.021557927891175284,True,True,,independent,False,capacity,sigmoid,0,10,2
rank4,4,softplus,1.0,-23.944123896788668,0.006525923661859849,2600,117,190,8.845877000130713,True,True,-23.93447876186196,0.02105348575732979,-23.973899903133344,0.02396796986434714,True,True,,nested_warm_start,True,capacity,sigmoid,0,10,0
rank4,4,softplus,1.0,-24.32244559904776,0.0030175764811850325,5200,129,159,14.001447299961,True,True,-24.373124712500985,0.022767370779903914,-24.360950780240536,0.021840256163615842,True,True,,independent,False,capacity,sigmoid,0,10,1
rank4,4,softplus,1.0,-24.363842190646572,0.007835461594121766,5200,123,163,16.237964800093323,True,True,-24.360766084299776,0.021321047877393594,-24.393477925422733,0.022862568361944745,True,True,,independent,False,capacity,sigmoid,0,10,2
full,-1,softplus,1.0,-23.91375550078248,0.0035756071643086736,1600,21,24,3.9520467000547796,True,True,-23.917860048241522,0.020926742580406856,-23.917626763482048,0.01902893190675895,True,True,,nested_warm_start,False,capacity,sigmoid,0,10,0
full,-1,softplus,1.0,-23.904762958800127,0.004264766260806801,4000,21,25,8.626571499975398,True,True,-23.94305429497085,0.02053249397898514,-23.911195903924543,0.02067559423482031,True,True,,independent,True,capacity,sigmoid,0,10,1
full,-1,softplus,1.0,-23.913399904139983,0.0036470436836988024,4000,21,25,8.171550499973819,True,True,-23.929234001770553,0.020806657602898657,-23.94043158154745,0.02134716105707797,True,True,,independent,False,capacity,sigmoid,0,10,2
diag,0,softplus,1.0,-88.03209036042036,0.1427176333425657,7200,500,554,49.62078449991532,True,False,-87.98617317087817,0.11145785213854874,-88.0244519634393,0.11249715092309287,True,False,normalized_gradient,independent,False,capacity,sigmoid,0,20,0
diag,0,softplus,1.0,-88.03226755657953,0.033869172734314786,3800,500,569,39.95195100014098,True,False,-87.86781362579094,0.10983019970588936,-87.9666002644917,0.111499685178533,True,False,normalized_gradient,independent,False,capacity,sigmoid,0,20,1
diag,0,softplus,1.0,-88.03961603846966,0.02649359150854987,4400,500,569,42.57085240003653,True,False,-88.07460466320606,0.11253754452667854,-88.05613899156101,0.11181689499924156,True,False,normalized_gradient,independent,False,capacity,sigmoid,0,20,2
rank2,2,softplus,1.0,-78.9873201057147,0.367418115264969,4000,500,546,46.12711690017022,True,False,-79.08431140065241,0.10397324076358304,-78.75755515161723,0.09840606412855749,True,False,normalized_gradient,independent,False,capacity,sigmoid,0,20,0
rank2,2,softplus,1.0,-79.002909866168,0.590271050866218,3200,500,532,39.886030999943614,True,False,-79.0652439051072,0.10102007932434647,-78.90802084116117,0.09833137941309103,True,False,normalized_gradient,independent,False,capacity,sigmoid,0,20,1
rank2,2,softplus,1.0,-78.93995833190738,0.3162130177120219,6800,500,545,53.60866539995186,True,False,-78.69720562158213,0.09616024984305095,-78.9740930580772,0.10085486235914849,True,False,normalized_gradient,independent,False,capacity,sigmoid,0,20,2
rank4,4,softplus,1.0,-72.63021948051534,0.8701737443754828,3600,500,530,42.49355480005033,True,False,-72.6947717162548,0.09768275869879595,-72.39674068764015,0.09312720511345415,True,False,normalized_gradient,independent,False,capacity,sigmoid,0,20,0
rank4,4,softplus,1.0,-72.4612348856715,0.9717727252007611,5400,500,534,47.79909290000796,True,False,-72.51815040411046,0.09499065968163699,-72.55293075877056,0.09492394660207351,True,False,normalized_gradient,independent,False,capacity,sigmoid,0,20,1
rank4,4,softplus,1.0,-72.53247873030925,0.5324681146652858,5400,500,523,47.761985199991614,True,False,-72.55501897261311,0.09149958476126108,-72.70237810989602,0.0956849008187708,True,False,normalized_gradient,independent,False,capacity,sigmoid,0,20,2
full,-1,softplus,1.0,-58.132504480487995,2.384065257047592,2200,500,532,30.73600749997422,False,False,-58.12220637923838,0.053810301238523116,-58.19345776077161,0.0492561940559686,True,False,"validation_plateau,normalized_gradient",independent,False,capacity,sigmoid,0,20,0
full,-1,softplus,1.0,-53.08584768176736,2.97248426659138,3800,500,535,37.2386374999769,False,False,-53.067940265619725,0.047684604530083496,-53.21584336791956,0.048627560210740994,True,False,"validation_plateau,normalized_gradient",independent,False,capacity,sigmoid,0,20,1
full,-1,softplus,1.0,-54.040170284626385,2.1387022991994202,3200,500,528,37.53870579996146,False,False,-54.081346486741886,0.04928683690488168,-54.06725754113078,0.04514289675984869,True,False,"validation_plateau,normalized_gradient",independent,False,capacity,sigmoid,0,20,2
diag,0,softplus,1.0,-9.034426032210018,0.0005632844183776654,2800,14,17,3.64048369997181,True,True,-9.064851557962827,0.013445844723700164,-9.007094916546052,0.010774645458492636,False,False,independent_elbo_agreement,independent,False,capacity,sigmoid,0,5,0
diag,0,softplus,1.0,-9.034592056413528,0.0004964206682039607,2600,14,17,3.6438017999753356,True,True,-9.026900488511291,0.011397008278748906,-9.012320965067042,0.01106609387533605,True,True,,independent,True,capacity,sigmoid,0,5,1
diag,0,softplus,1.0,-9.04038087038661,0.001895868571367789,3000,13,15,4.216542899841443,True,True,-9.03701532893431,0.011480969575200152,-9.034949243845865,0.011291604462128301,True,True,,independent,False,capacity,sigmoid,0,5,2
rank2,2,softplus,1.0,-9.029517717470842,0.0009927427591113333,1000,91,105,2.869818300008774,True,True,-9.030978145229032,0.010531863285994886,-9.032427472183352,0.011137400408484906,True,True,,nested_warm_start,False,capacity,sigmoid,0,5,0
rank2,2,softplus,1.0,-9.028021167019741,0.0010729710005446496,4600,121,142,8.20570549997501,True,True,-9.025745141139565,0.01211652740277635,-9.035681529287901,0.011394406221514213,True,True,,independent,False,capacity,sigmoid,0,5,1
rank2,2,softplus,1.0,-8.962171149820566,0.0016478367853599934,4200,71,231,8.234254000009969,True,True,-8.882825871404318,0.010648324527552468,-8.867791257484537,0.010636707593500909,True,True,,independent,True,capacity,sigmoid,0,5,2
rank4,4,softplus,1.0,-8.805154194069004,0.005175703260481617,800,6,55,1.6237260999623686,True,True,-8.725433131456175,0.012423998757317086,-8.722070073303733,0.012385822690349909,True,True,,nested_warm_start,True,capacity,sigmoid,0,5,0
rank4,4,softplus,1.0,-9.027912959744443,0.0011986270127632326,4000,159,213,7.774031400214881,True,True,-9.028738249323657,0.011775450481277467,-9.013683605717429,0.011564883590193488,True,True,,independent,False,capacity,sigmoid,0,5,1
rank4,4,softplus,1.0,-9.024456291281918,0.0033028808895569804,4200,235,274,8.097077999962494,True,True,-9.017910238530838,0.011132744821691836,-9.025595824235577,0.011103655181808036,True,True,,independent,False,capacity,sigmoid,0,5,2
full,-1,softplus,1.0,-9.028199108590503,0.001053798706369748,800,15,17,1.1649765998590738,True,True,-9.023729052728363,0.011100179776275173,-9.016566822646222,0.012126726816284277,True,True,,nested_warm_start,False,capacity,sigmoid,0,5,0
full,-1,softplus,1.0,-9.025602202813332,0.0011488937338644482,2600,16,18,3.46816819999367,True,True,-9.028622058312173,0.011102422746678895,-9.028065431308447,0.01140491133792613,True,True,,independent,True,capacity,sigmoid,0,5,1
full,-1,softplus,1.0,-9.027893084980589,0.0009248583183355337,2600,15,19,3.6183529999107122,True,True,-9.021249296504973,0.012253151637438512,-9.005784569152526,0.011369492619162775,True,True,,independent,False,capacity,sigmoid,0,5,2
diag,0,softplus,1.0,-21.9244792484903,0.0026162321201849493,3400,15,19,5.531999300001189,True,True,-21.90223605175526,0.021871448295569605,-21.93422855400358,0.02183517790203148,True,True,,independent,False,capacity,sigmoid,1,10,0
diag,0,softplus,1.0,-21.921565468825886,0.001183266112073047,3000,17,20,4.98796600010246,True,True,-21.93060161194161,0.021167784786616784,-21.94727187832378,0.020667305633399424,True,True,,independent,False,capacity,sigmoid,1,10,1
diag,0,softplus,1.0,-21.918267984781245,0.0013509724108161268,3200,18,22,5.305021400097758,True,True,-21.89833709480346,0.019333043453279103,-21.904702486053303,0.019562487496597405,True,True,,independent,True,capacity,sigmoid,1,10,2
rank2,2,softplus,1.0,-21.53203045190187,0.0007869398981417963,1400,109,163,6.656569699989632,True,True,-21.55264492373751,0.019440425010638925,-21.524465330175964,0.02140728657014817,True,True,,nested_warm_start,True,capacity,sigmoid,1,10,0
rank2,2,softplus,1.0,-21.56022260388693,0.0008123361085666499,5800,60,65,14.70603060000576,True,True,-21.466394012660313,0.017158281768233537,-21.48787390717378,0.019833346341095678,True,True,,independent,False,capacity,sigmoid,1,10,1
rank2,2,softplus,1.0,-21.566256593597195,0.0018106756568120924,6200,85,92,15.898266099859029,True,True,-21.6013955388878,0.02289863816083733,-21.554406552536587,0.01742559321739304,True,True,,independent,False,capacity,sigmoid,1,10,2
rank4,4,softplus,1.0,-21.508504680410837,0.007064347969492865,800,138,228,7.963778899982572,True,True,-21.210875623198895,0.019536756673442318,-21.19699761446459,0.01714819704849548,True,True,,nested_warm_start,True,capacity,sigmoid,1,10,0
rank4,4,softplus,1.0,-21.52867695527679,0.007178081669312779,5400,152,269,15.591289900010452,True,True,-21.290612159168898,0.02033114110609743,-21.271161869777117,0.022145893689497282,True,True,,independent,False,capacity,sigmoid,1,10,1
rank4,4,softplus,1.0,-21.556166659297975,0.01575072532135924,5600,194,255,17.438385999994352,False,False,-21.377596027602593,0.01856504010292315,-21.36633504662254,0.018065663793063992,True,False,"validation_plateau,normalized_gradient",independent,False,capacity,sigmoid,1,10,2
full,-1,softplus,1.0,-21.482361131108018,0.003179532865587712,1200,21,25,3.1339572998695076,True,True,-21.479281590740893,0.01747338132570996,-21.468772091152857,0.017634661108805922,True,True,,nested_warm_start,False,capacity,sigmoid,1,10,0
full,-1,softplus,1.0,-21.48272542923497,0.0026992462807280053,3000,20,23,6.777695699827746,True,True,-21.47964994239196,0.019238131253095578,-21.499023913433785,0.020770493074621272,True,True,,independent,False,capacity,sigmoid,1,10,1
full,-1,softplus,1.0,-21.481279775034412,0.0030074300177768457,3000,21,24,7.254231799859554,True,True,-21.479447529447057,0.017687045390949823,-21.525992598900945,0.02177319915032204,True,True,,independent,True,capacity,sigmoid,1,10,2
diag,0,softplus,1.0,-80.43383270038824,0.0014619625118959768,4000,500,566,44.58348340005614,True,True,-80.52862867088506,0.1143210826047568,-80.21389895735219,0.10839569762707998,True,True,,independent,True,capacity,sigmoid,1,20,0
diag,0,softplus,1.0,-80.4365199536233,0.0005126959501633158,5000,500,570,45.321136799873784,True,True,-80.52828886930695,0.11098625205834016,-80.47396814333652,0.11265160328119748,True,True,,independent,False,capacity,sigmoid,1,20,1
diag,0,softplus,1.0,-80.43414699985019,0.00044425954392578155,3600,500,562,41.00532369990833,True,True,-80.50341250051179,0.11286914649593448,-80.39592051927285,0.11350708330875368,True,True,,independent,False,capacity,sigmoid,1,20,2
rank2,2,softplus,1.0,-73.64085343960464,0.033114800403323395,2000,500,539,38.200195600045845,True,False,-73.69431144413409,0.10171749357675061,-73.58347946305778,0.10410912058350401,True,False,normalized_gradient,nested_warm_start,False,capacity,sigmoid,1,20,0
rank2,2,softplus,1.0,-73.633555611866,0.03117654125053901,2400,500,516,38.47517450014129,True,False,-73.7005067493773,0.10588309673575608,-73.48289713454477,0.10230264466990703,True,False,normalized_gradient,independent,False,capacity,sigmoid,1,20,1
rank2,2,softplus,1.0,-73.49719588694649,0.030929768330775632,6800,500,526,50.63057629996911,True,False,-73.6331200458583,0.10768548565786482,-73.57435254882749,0.10441661748283541,True,False,normalized_gradient,independent,False,capacity,sigmoid,1,20,2
rank4,4,softplus,1.0,-66.3279845277871,0.323871093286,3400,500,519,39.577352799940854,True,False,-66.24935128282745,0.09213875922108612,-66.3569228134258,0.09671421624927552,True,False,normalized_gradient,nested_warm_start,False,capacity,sigmoid,1,20,0
rank4,4,softplus,1.0,-67.65649934700349,0.31172630820850644,4600,500,527,43.86397289996967,True,False,-67.24783798682645,0.09607735190719875,-67.43199433506746,0.09463117084225285,True,False,normalized_gradient,independent,False,capacity,sigmoid,1,20,1
rank4,4,softplus,1.0,-67.46681468180664,0.11425210865950093,3200,500,519,42.01805939991027,True,False,-67.41185623150324,0.1000039326217741,-67.47268469837041,0.09632673236339984,True,False,normalized_gradient,independent,False,capacity,sigmoid,1,20,2
full,-1,softplus,1.0,-44.333522608127275,0.7178157681088527,3800,500,531,34.76254849997349,True,False,-44.373958845759915,0.055756163849916836,-44.26604162670719,0.05639942902834973,True,False,normalized_gradient,nested_warm_start,False,capacity,sigmoid,1,20,0
full,-1,softplus,1.0,-44.422417524281485,1.6760696030155589,4600,500,529,37.16791839990765,True,False,-44.47252720656347,0.06548203827718425,-44.385567129186704,0.062253495490878136,True,False,normalized_gradient,independent,False,capacity,sigmoid,1,20,1
full,-1,softplus,1.0,-44.57148103759733,1.1444554606520978,5400,500,526,44.31783950002864,True,False,-44.37946518019599,0.057298523682954614,-44.468834454938886,0.05756494559533112,True,False,normalized_gradient,independent,False,capacity,sigmoid,1,20,2
diag,0,softplus,1.0,-2.5290193985513367,0.0003373969541816847,2400,13,16,2.703565799864009,True,True,-2.5248044869756052,0.010697927282341035,-2.546029396906324,0.009784985663791846,True,True,,independent,False,capacity,sigmoid,1,5,0
diag,0,softplus,1.0,-2.528850578049526,9.524515173512686e-05,2200,13,16,2.6488485999871045,True,True,-2.5299718293146487,0.010327371333860306,-2.5186451802671126,0.00951532371230637,True,True,,independent,True,capacity,sigmoid,1,5,1
diag,0,softplus,1.0,-2.529077397959494,0.0002743080026022184,2600,14,17,3.072476200060919,True,True,-2.5559073046375556,0.010322177070470822,-2.50651836252415,0.009801972446054017,False,False,independent_elbo_agreement,independent,False,capacity,sigmoid,1,5,2
rank2,2,softplus,1.0,-2.516480461769108,0.0005448593935891408,2000,79,86,4.361459200037643,True,True,-2.53050428095907,0.010354662173170074,-2.521076423152355,0.009939096013131756,True,True,,nested_warm_start,True,capacity,sigmoid,1,5,0
rank2,2,softplus,1.0,-2.5243804928103035,0.00018680169628917478,3800,68,88,6.959447700064629,True,True,-2.4105641890750578,0.009825302886593782,-2.4174387710774825,0.009866660909755128,True,True,,independent,False,capacity,sigmoid,1,5,1
rank2,2,softplus,1.0,-2.488883816683213,0.0012205067594120962,3200,72,180,7.601241499884054,False,True,-2.4615526162702652,0.010714600399531569,-2.4612892757346447,0.009586237671478757,True,False,validation_plateau,independent,False,capacity,sigmoid,1,5,2
rank4,4,softplus,1.0,-2.5162189230561767,0.0012004439697538586,800,228,252,4.3921493999660015,True,True,-2.5078460651242525,0.009482410690623133,-2.512246630503789,0.010027603952191348,True,True,,nested_warm_start,False,capacity,sigmoid,1,5,0
rank4,4,softplus,1.0,-2.513846777534832,0.0003074214313718013,3600,287,362,8.579906100174412,True,True,-2.4526337546444648,0.010813895916387246,-2.44528357122504,0.011251796400707082,True,True,,independent,True,capacity,sigmoid,1,5,1
rank4,4,softplus,1.0,-2.517475976850662,0.0013591954618080901,3400,168,237,6.668747700052336,True,True,-2.528738620018346,0.010683732835169284,-2.493948787612488,0.009575633366091775,True,True,,independent,False,capacity,sigmoid,1,5,2
full,-1,softplus,1.0,-2.5162028398090968,0.000597345071161103,800,13,16,1.2493798001669347,True,True,-2.5105038644791553,0.009321095049780058,-2.5204382829176724,0.0100203576157487,True,True,,nested_warm_start,True,capacity,sigmoid,1,5,0
full,-1,softplus,1.0,-2.5174213280099353,0.0009144741373524456,2200,15,17,3.0121264001354575,True,True,-2.5090709266135205,0.009938229756211812,-2.5510778499455666,0.011594716006851545,True,True,,independent,False,capacity,sigmoid,1,5,1
full,-1,softplus,1.0,-2.5170075671061154,0.000654739101434962,2000,14,17,2.758339599939063,True,True,-2.5085565944026964,0.011039889740070039,-2.533502124730523,0.01003981635958128,True,True,,independent,False,capacity,sigmoid,1,5,2
diag,0,softplus,1.0,-17.50135889446279,0.0018034951054710373,3600,15,19,6.632789999945089,True,True,-17.498934724562773,0.021560847274824074,-17.47091181652732,0.021800921715916882,True,True,,independent,False,capacity,sigmoid,2,10,0
diag,0,softplus,1.0,-17.499066739858424,0.0011606023401132027,3000,15,18,5.311206500045955,True,True,-17.51626628089768,0.02164219788136626,-17.505290437600944,0.020629619496521128,True,True,,independent,False,capacity,sigmoid,2,10,1
diag,0,softplus,1.0,-17.495688473212258,0.0019812867318369245,3200,16,20,5.366610599914566,True,True,-17.49156410090157,0.020484943895393272,-17.47992634497696,0.01973628141478179,True,True,,independent,True,capacity,sigmoid,2,10,2
rank2,2,softplus,1.0,-17.11226695489568,0.0009745112206250135,1400,97,104,6.024047899991274,True,True,-17.10076381526668,0.017961248552933396,-17.090369367390366,0.018609463006962812,True,True,,nested_warm_start,True,capacity,sigmoid,2,10,0
rank2,2,softplus,1.0,-17.13919104815115,0.0015847047005027384,4400,75,126,12.694573599845171,True,True,-17.130168600923277,0.019650792174988038,-17.13219323189289,0.017291970455160725,True,True,,independent,False,capacity,sigmoid,2,10,1
rank2,2,softplus,1.0,-17.14140935514394,0.0015865828419928908,4400,101,180,13.288316799793392,True,True,-17.007161476730513,0.018941182621088834,-17.012351136647553,0.02106973741714224,True,True,,independent,False,capacity,sigmoid,2,10,2
rank4,4,softplus,1.0,-17.086976241253705,0.003453109775415851,1800,38,194,7.217185599962249,True,True,-17.055951154754087,0.01816223634751944,-17.049924539155587,0.01851288482347633,True,True,,nested_warm_start,True,capacity,sigmoid,2,10,0
rank4,4,softplus,1.0,-17.124950353429707,0.006458887530054788,4800,144,237,12.67091009998694,True,True,-17.13241878393182,0.019326742872086352,-17.09893706742518,0.01918487449507531,True,True,,independent,False,capacity,sigmoid,2,10,1
rank4,4,softplus,1.0,-17.106945993385928,0.003829837581866534,4800,147,170,13.693136400077492,True,True,-16.93716723786263,0.02034592098071524,-16.891189718377376,0.017712835015998026,True,True,,independent,False,capacity,sigmoid,2,10,2
full,-1,softplus,1.0,-17.039369852240313,0.003917397500353529,1600,19,22,4.061462800018489,True,True,-17.038171527138637,0.017460468257843028,-17.03867493400655,0.018806550235493033,True,True,,nested_warm_start,False,capacity,sigmoid,2,10,0
full,-1,softplus,1.0,-17.041232795407684,0.002887040721799713,3000,19,23,7.326999800046906,True,True,-17.008573913567837,0.016943670373125136,-17.02672335919011,0.016577137677769995,True,True,,independent,False,capacity,sigmoid,2,10,1
full,-1,softplus,1.0,-17.03650756327346,0.0035532580592586237,3200,18,21,7.531012099934742,True,True,-17.055901600430715,0.01997905448256914,-16.99839671250444,0.01671824222575982,True,True,,independent,True,capacity,sigmoid,2,10,2
diag,0,softplus,1.0,-74.46122136686341,0.0004523299499558971,7200,500,572,51.5213540000841,True,True,-74.59867199136399,0.11275306842723691,-74.49626431228916,0.11187926098107188,True,True,,independent,False,capacity,sigmoid,2,20,0
diag,0,softplus,1.0,-74.45461700515162,0.00043767850409961144,8000,500,572,52.367172199999914,True,True,-74.44687201943691,0.1111758498208236,-74.53421227482606,0.10964746200095025,True,True,,independent,True,capacity,sigmoid,2,20,1
diag,0,softplus,1.0,-74.45903200700349,0.0004973551637171817,5600,500,563,47.54318100004457,True,True,-74.3533917647569,0.11148508843764636,-74.32295807642382,0.10929788424229271,True,True,,independent,False,capacity,sigmoid,2,20,2
rank2,2,softplus,1.0,-68.07465182083104,0.12403839214975684,1200,500,525,30.22686839988455,True,False,-68.24097858089758,0.10243652443644063,-68.1168876232924,0.10245350153659208,True,False,normalized_gradient,nested_warm_start,False,capacity,sigmoid,2,20,0
rank2,2,softplus,1.0,-68.29280028676155,0.12489571045502114,3400,500,541,39.61827010009438,True,False,-68.19812194160211,0.10141947055790607,-68.09906210208375,0.10104012474624256,True,False,normalized_gradient,independent,False,capacity,sigmoid,2,20,1
rank2,2,softplus,1.0,-68.2658817246019,0.04551456950825912,3600,500,531,42.323734800098464,True,False,-68.273882547954,0.10193209278670741,-68.34549436939376,0.10421909645959634,True,False,normalized_gradient,independent,False,capacity,sigmoid,2,20,2
rank4,4,softplus,1.0,-62.21425744114764,0.23492870716680997,1600,500,518,32.38379790005274,True,False,-62.20347680788973,0.09399357763822917,-62.32046177983345,0.09811477428320296,True,False,normalized_gradient,nested_warm_start,False,capacity,sigmoid,2,20,0
rank4,4,softplus,1.0,-62.338505796326515,0.7051919152636199,3600,500,519,39.99561440013349,True,False,-62.09263826728843,0.09173669795553899,-62.20844108442103,0.09208872064465877,True,False,normalized_gradient,independent,False,capacity,sigmoid,2,20,1
rank4,4,softplus,1.0,-62.246775892644216,0.4124265308693287,4200,500,523,41.7989183999598,True,False,-62.189725408976,0.09208073571164417,-62.48540283021242,0.09590090080209503,True,False,normalized_gradient,independent,False,capacity,sigmoid,2,20,2
full,-1,softplus,1.0,-39.02179714173302,0.9698469884953143,3400,500,529,34.25703929993324,True,False,-39.06110383156983,0.058716422991425016,-39.04594731830348,0.05783710718184615,True,False,normalized_gradient,nested_warm_start,False,capacity,sigmoid,2,20,0
full,-1,softplus,1.0,-39.1016631638425,1.0402009151493656,5800,500,532,43.70857800007798,True,False,-39.19788603580256,0.05788497079300842,-39.00626914587095,0.05818652208842527,True,False,normalized_gradient,independent,False,capacity,sigmoid,2,20,1
full,-1,softplus,1.0,-39.04927627209811,0.7495946020423445,3200,500,523,36.64106630021706,True,False,-38.980702095238755,0.05271832540734737,-39.05694467240567,0.05703940401418564,True,False,normalized_gradient,independent,False,capacity,sigmoid,2,20,2
diag,0,softplus,1.0,-4.851461877022031,0.0005033909689598043,2200,13,17,2.4403192000463605,True,True,-4.823584622756071,0.00936254304578342,-4.847381291325097,0.010003178323117777,True,True,,independent,False,capacity,sigmoid,2,5,0
diag,0,softplus,1.0,-4.850894660012253,0.00042978555007360414,1800,13,17,2.0884582998696715,True,True,-4.873808471261762,0.010780119499252479,-4.850228056126127,0.010218517934233569,True,True,,independent,False,capacity,sigmoid,2,5,1
diag,0,softplus,1.0,-4.850653409789136,0.00020358163203709528,2000,13,16,2.4794830998871475,True,True,-4.859814208437244,0.009969147124819335,-4.8409210010876755,0.010573818885106612,True,True,,independent,True,capacity,sigmoid,2,5,2
rank2,2,softplus,1.0,-4.847809285692415,0.0008344557437102423,800,84,91,2.3594160000793636,True,True,-4.862260294213719,0.011311788929522107,-4.837392147308904,0.00961494913000386,True,True,,nested_warm_start,False,capacity,sigmoid,2,5,0
rank2,2,softplus,1.0,-4.847421229600807,0.0007974219491038124,3000,84,95,5.0080158999189734,True,True,-4.835234988223906,0.010682815589018714,-4.833797428503445,0.010142713624845215,True,True,,independent,True,capacity,sigmoid,2,5,1
rank2,2,softplus,1.0,-4.850516935478533,0.0016778214746030091,2800,149,171,5.857032899977639,True,True,-4.8525933428916845,0.01031714200814096,-4.848974902979217,0.009610398895855795,True,True,,independent,False,capacity,sigmoid,2,5,2
rank4,4,softplus,1.0,-4.7571286664384225,0.003206317931345233,800,213,336,6.1314455000683665,False,True,-4.693003492458382,0.010865037851756545,-4.713526754207095,0.009533155839438257,True,False,validation_plateau,nested_warm_start,False,capacity,sigmoid,2,5,0
rank4,4,softplus,1.0,-4.8447766114380855,0.0023716779956858463,2400,154,276,7.743492200039327,True,True,-4.853707679382785,0.01026088868810203,-4.853747937204298,0.010318648145592793,True,True,,independent,True,capacity,sigmoid,2,5,1
rank4,4,softplus,1.0,-4.848067179988325,0.0012399272852157371,2600,241,302,7.29272469994612,True,True,-4.834124165565616,0.009859549510601591,-4.846481019512354,0.01008968530030571,True,True,,independent,False,capacity,sigmoid,2,5,2
full,-1,softplus,1.0,-4.846106459807366,0.0013739418838743336,800,14,17,1.4368753000162542,True,True,-4.848648758155605,0.010542715234274266,-4.84984989361201,0.01009619170782998,True,True,,nested_warm_start,True,capacity,sigmoid,2,5,0
full,-1,softplus,1.0,-4.846344085223585,0.0005968864895703018,1800,15,18,2.9671304000075907,True,True,-4.862442339806759,0.010171824784531235,-4.852120508560945,0.010461009240626437,True,True,,independent,False,capacity,sigmoid,2,5,1
full,-1,softplus,1.0,-4.846926081735535,0.0008874380050401644,2600,14,18,4.262521900003776,True,True,-4.839532331286023,0.010100393916329409,-4.826314866328569,0.009011230559886408,True,True,,independent,False,capacity,sigmoid,2,5,2
diag,0,softplus,1.0,-12.823386157817954,0.0011218976075590757,4600,20,24,7.874579499941319,True,True,-12.812674463016705,0.026903922361857263,-12.799303709936066,0.02822377872587566,True,True,,independent,True,capacity,sigmoid,3,10,0
diag,0,softplus,1.0,-12.827493010523487,0.002120995918933428,4800,19,24,7.933701400179416,True,True,-12.823625676683449,0.029107379871283628,-12.818629280252095,0.02855941955084495,True,True,,independent,False,capacity,sigmoid,3,10,1
diag,0,softplus,1.0,-12.823470878272225,0.000942136376307083,4400,21,23,7.071567900013179,True,True,-12.863451138937549,0.027914040371087297,-12.836869444764286,0.02862516228240806,True,True,,independent,False,capacity,sigmoid,3,10,2
rank2,2,softplus,1.0,-12.24583914672478,0.002731617838494409,2400,119,171,7.6508929000701755,True,True,-12.20484235083721,0.02318683256367937,-12.207822724471791,0.023521913535968362,True,True,,nested_warm_start,True,capacity,sigmoid,3,10,0
rank2,2,softplus,1.0,-12.323362822621203,0.013768057585292068,6600,90,161,16.759395400062203,True,False,-12.357154752087173,0.02592581299021698,-12.279668999971612,0.0245918850898234,True,False,normalized_gradient,independent,False,capacity,sigmoid,3,10,1
rank2,2,softplus,1.0,-12.325729190342354,0.0032025789689111095,7000,75,79,14.766372200101614,True,True,-12.20143719847733,0.02370290008156009,-12.192245601253518,0.02488745715222821,True,True,,independent,False,capacity,sigmoid,3,10,2
rank4,4,softplus,1.0,-11.988360564113535,0.0200808858566292,1200,131,294,7.94533080002293,True,False,-11.980916933750098,0.028500747552099633,-11.983836215589344,0.028361280833295848,True,False,normalized_gradient,nested_warm_start,False,capacity,sigmoid,3,10,0
rank4,4,softplus,1.0,-12.411093487571744,0.01939674265557748,6600,191,280,17.884290399961174,True,False,-12.308002804825243,0.03137743948613996,-12.302474268833604,0.025887386653155115,True,False,normalized_gradient,independent,False,capacity,sigmoid,3,10,1
rank4,4,softplus,1.0,-12.37897325140338,0.010318407503746933,6800,143,208,20.373116499977186,True,False,-12.259486477517981,0.02605744047163646,-12.260322892241412,0.024747416480261113,True,False,normalized_gradient,independent,False,capacity,sigmoid,3,10,2
full,-1,softplus,1.0,-11.834690591517639,0.00505371380802835,800,25,29,2.5500055998563766,True,True,-11.84718468902039,0.022024777216316085,-11.836749688185614,0.02204087805382378,True,True,,nested_warm_start,False,capacity,sigmoid,3,10,0
full,-1,softplus,1.0,-11.834656155018658,0.0046699945257173085,4400,25,29,9.690475099952891,True,True,-11.86560266596017,0.022495550198624176,-11.804911845392306,0.020713511746365317,True,True,,independent,False,capacity,sigmoid,3,10,1
full,-1,softplus,1.0,-11.834348644707253,0.004416818395319481,4200,25,28,8.220440099947155,True,True,-11.843044732506755,0.022038599858090053,-11.835031757206625,0.019497702699588552,True,True,,independent,True,capacity,sigmoid,3,10,2
diag,0,softplus,1.0,-98.42300971024815,0.7250297318846031,5000,500,570,46.18819190002978,True,False,-98.49422857268604,0.07331147644880115,-98.52450014889689,0.07221387043236305,True,False,normalized_gradient,independent,False,capacity,sigmoid,3,20,0
diag,0,softplus,1.0,-98.46269379787529,1.159143803450686,6800,500,570,46.6414506000001,True,False,-98.60803150815727,0.07269760719975674,-98.53250565177092,0.07230453655048284,True,False,normalized_gradient,independent,False,capacity,sigmoid,3,20,1
diag,0,softplus,1.0,-98.56568087912461,0.055559845691940814,3800,500,560,38.17291900003329,True,False,-98.60316485873815,0.07226362516582065,-98.652060611825,0.07194733722823389,True,False,normalized_gradient,independent,False,capacity,sigmoid,3,20,2
rank2,2,softplus,1.0,-91.7940950935882,0.33103164131569773,7200,500,547,51.89630879997276,True,False,-91.91190733364505,0.06498581498049662,-91.89385553527467,0.06546419325399332,True,False,normalized_gradient,independent,False,capacity,sigmoid,3,20,0
rank2,2,softplus,1.0,-91.82529944942357,0.7687444961108799,7200,500,549,53.21164390002377,True,False,-91.93770161063426,0.06576282537178885,-91.85656424048464,0.06570562185909318,True,False,normalized_gradient,independent,False,capacity,sigmoid,3,20,1
rank2,2,softplus,1.0,-93.11937204409702,2.266445828250058,3800,500,550,43.652950500138104,True,False,-93.0657774058883,0.06721775469168127,-93.03752704600046,0.06689626841098437,True,False,normalized_gradient,independent,False,capacity,sigmoid,3,20,2
rank4,4,softplus,1.0,-91.72436773922148,5.683091422584526,6400,500,540,41.138839799910784,False,False,-91.7458650101012,0.11647474356432672,-92.2418186463525,0.48508525950547093,True,False,"validation_plateau,normalized_gradient",independent,False,capacity,sigmoid,3,20,0
rank4,4,softplus,1.0,-93.05749741197667,7.3498751336987675,5400,500,532,36.521851600147784,False,False,-93.01294611124496,0.11497171468042125,-92.94525176416278,0.10773229464265621,True,False,"validation_plateau,normalized_gradient",independent,False,capacity,sigmoid,3,20,1
rank4,4,softplus,1.0,-92.85192632160752,4.921484743573719,7000,500,544,42.46276489994489,False,False,-92.88406108801982,0.11109717184115413,-92.84216386654802,0.11496362532721373,True,False,"validation_plateau,normalized_gradient",independent,False,capacity,sigmoid,3,20,2
full,-1,softplus,1.0,-81.60509855932233,20.780073681428938,8000,500,518,40.988135900115594,False,False,-81.49940060299029,0.17041092649410555,-81.33381607111166,0.1823848760384291,True,False,"validation_plateau,normalized_gradient",independent,False,capacity,sigmoid,3,20,0
full,-1,softplus,1.0,-230.06430659554727,81.93086624546702,3600,500,509,27.460317899938673,False,False,-230.51028554714742,0.8584300803490241,-230.0827912390722,0.9868972673377641,True,False,"validation_plateau,normalized_gradient",independent,False,capacity,sigmoid,3,20,1
full,-1,softplus,1.0,-78.14367088572652,14.615346357940254,8000,500,514,40.42961320001632,False,False,-78.39080734010358,0.2232889468021929,-78.4671567732054,0.2645635001838002,True,False,"validation_plateau,normalized_gradient",independent,False,capacity,sigmoid,3,20,2
diag,0,softplus,1.0,-4.274732753732174,0.002004118219076974,3800,16,18,3.9699166000355035,True,True,-4.273160173969217,0.014683720511378633,-4.298489224985886,0.015543777932147394,True,True,,independent,False,capacity,sigmoid,3,5,0
diag,0,softplus,1.0,-4.274594505766598,0.002034657739771204,4000,16,20,4.3129455000162125,True,True,-4.291385072658338,0.016610701116125046,-4.266367221091874,0.01498091293427848,True,True,,independent,False,capacity,sigmoid,3,5,1
diag,0,softplus,1.0,-4.270798499828116,0.0004892702125614937,3600,16,20,3.8647396999876946,True,True,-4.283026058046245,0.017857820962950986,-4.26109351804712,0.015596274927167647,True,True,,independent,True,capacity,sigmoid,3,5,2
rank2,2,softplus,1.0,-4.10529588476016,0.0009757020489309283,1600,111,174,3.954358500195667,True,True,-4.033503601974245,0.015149143514785624,-4.033110557785001,0.013911691500188363,True,True,,nested_warm_start,True,capacity,sigmoid,3,5,0
rank2,2,softplus,1.0,-4.104704179317073,0.002398314802016179,7600,68,137,12.658720500068739,False,True,-4.050892476041713,0.014190931841344737,-4.0648150633097755,0.014678547578780964,True,False,validation_plateau,independent,False,capacity,sigmoid,3,5,1
rank2,2,softplus,1.0,-4.122674312187712,0.00159048679339646,8000,67,135,12.472590700024739,True,True,-4.033138702578272,0.013755945380063573,-4.028710952089218,0.01444557047137466,True,True,,independent,False,capacity,sigmoid,3,5,2
rank4,4,softplus,1.0,-4.032805429631795,0.002252482118828824,1000,7,118,3.009882800048217,False,True,-3.9678066580934557,0.014812849439749769,-3.966844249876033,0.014947920203965953,True,False,validation_plateau,nested_warm_start,False,capacity,sigmoid,3,5,0
rank4,4,softplus,1.0,-4.07624157171421,0.004345391234741499,7400,196,280,13.826248100027442,False,True,-4.018235868547496,0.014348994048206127,-3.977180919183582,0.014098741144808047,True,False,validation_plateau,independent,False,capacity,sigmoid,3,5,1
rank4,4,softplus,1.0,-4.075531139984445,0.004454633916342029,8000,110,209,12.169826299883425,True,True,-4.083487576692445,0.014267433623646261,-4.058486928189731,0.012314754440549084,True,True,,independent,True,capacity,sigmoid,3,5,2
full,-1,softplus,1.0,-4.0779745501288955,0.001488380163371213,800,17,20,1.316577599849552,True,True,-4.069586718153323,0.013339466020311847,-4.082976545557655,0.01336315703080579,True,True,,nested_warm_start,False,capacity,sigmoid,3,5,0
full,-1,softplus,1.0,-4.076685273433135,0.002182855363548559,3800,17,21,5.109280799981207,True,True,-4.0687879023847,0.013344630333615866,-4.05288504506262,0.013639693860085756,True,True,,independent,True,capacity,sigmoid,3,5,1
full,-1,softplus,1.0,-4.078975303622143,0.0024657339992115597,3800,17,20,6.420843600062653,True,True,-4.061255077658976,0.01319642878633189,-4.094147139280545,0.01398079179779581,True,True,,independent,False,capacity,sigmoid,3,5,2
diag,0,softplus,1.0,-24.38348647546404,0.0004469803927133997,8000,80,87,15.560419199988246,True,True,-24.32587009189745,0.05485668142751321,-24.43083678992715,0.05694489327011945,True,True,,independent,True,capacity,sigmoid,4,10,0
diag,0,softplus,1.0,-24.387336453492182,0.0010502146578726499,8000,70,77,14.942492600064725,True,True,-24.296556025094397,0.05619162545137896,-24.42505781625429,0.05748340903298861,True,True,,independent,False,capacity,sigmoid,4,10,1
diag,0,softplus,1.0,-24.383897862871404,0.0006128414972765778,8000,69,76,13.730085999937728,True,True,-24.375236030730278,0.055566999842653814,-24.39222624566666,0.05579000335827026,True,True,,independent,False,capacity,sigmoid,4,10,2
rank2,2,softplus,1.0,-20.375817106819223,0.011748170773691979,2000,423,494,16.806338400114328,True,False,-20.453308761455766,0.04702308865861081,-20.37202172945988,0.04497197681120795,True,False,normalized_gradient,nested_warm_start,False,capacity,sigmoid,4,10,0
rank2,2,softplus,1.0,-20.368874382106036,0.018958066394972183,7200,331,436,23.043107999954373,True,False,-20.511308267803805,0.046248798893087556,-20.30441126088411,0.04580183322890834,False,False,"normalized_gradient,independent_elbo_agreement",independent,False,capacity,sigmoid,4,10,1
rank2,2,softplus,1.0,-20.37349533887522,0.006820304983562885,4800,301,323,15.66982279997319,True,True,-20.35006891945905,0.047581018604116024,-20.43900682359852,0.048678007446147774,True,True,,independent,True,capacity,sigmoid,4,10,2
rank4,4,softplus,1.0,-17.89958665568508,0.11288326547999372,1600,500,522,15.581399000016972,True,False,-17.83334214157636,0.04100014165060351,-17.805912206073756,0.0405010327461683,True,False,normalized_gradient,nested_warm_start,False,capacity,sigmoid,4,10,0
rank4,4,softplus,1.0,-17.955237048633805,0.0620048574336298,5800,500,532,22.98776359995827,True,False,-17.935312051260766,0.038515188649788534,-17.890693737623927,0.036324762503610025,True,False,normalized_gradient,independent,False,capacity,sigmoid,4,10,1
rank4,4,softplus,1.0,-17.981967237557456,0.27496377504175773,8000,500,524,25.12350449990481,True,False,-17.932228716263218,0.039688044009761066,-18.04951665756947,0.04058680144349005,True,False,normalized_gradient,independent,False,capacity,sigmoid,4,10,2
full,-1,softplus,1.0,-15.438469295588316,0.03541554200797452,1000,201,218,6.853535899892449,True,False,-15.443456230316347,0.02941030360052834,-15.469147544235911,0.03352483760268241,True,False,normalized_gradient,nested_warm_start,False,capacity,sigmoid,4,10,0
full,-1,softplus,1.0,-15.457863004235906,0.06057622740947283,4800,198,216,15.55513109988533,True,False,-15.462047158777182,0.032314663264798336,-15.451075787709112,0.0350250915018161,True,False,normalized_gradient,independent,False,capacity,sigmoid,4,10,1
full,-1,softplus,1.0,-15.464933388642176,0.04482670224643142,5000,204,218,14.469529199879616,True,False,-15.417832444198671,0.030247026448097365,-15.427960926006186,0.03059704425588903,True,False,normalized_gradient,independent,False,capacity,sigmoid,4,10,2
diag,0,softplus,1.0,-86.27334503183164,2.9781034721234527,8000,500,575,54.442009599879384,True,False,-86.31360117861648,0.049908275961475596,-86.22006917546304,0.04845493318481482,True,False,normalized_gradient,independent,False,capacity,sigmoid,4,20,0
diag,0,softplus,1.0,-87.729536009648,12.265306310000529,8000,500,596,44.62603179994039,False,False,-87.77810294869019,0.06310685124527389,-87.77522473933004,0.06234335453688827,True,False,"validation_plateau,normalized_gradient",independent,False,capacity,sigmoid,4,20,1
diag,0,softplus,1.0,-85.69919373091105,0.05262631648141516,8000,500,573,42.02272220002487,True,False,-85.72714439086582,0.05152063745053254,-85.71637282967575,0.05132569433865758,True,False,normalized_gradient,independent,False,capacity,sigmoid,4,20,2
rank2,2,softplus,1.0,-94.0703288639912,1.5933294447558077,8000,500,536,45.26678349985741,True,False,-94.00617853289197,0.08177807795069854,-94.02422698455703,0.0832309133993343,True,False,normalized_gradient,independent,False,capacity,sigmoid,4,20,0
rank2,2,softplus,1.0,-93.27758540434824,29.676613217265754,3000,500,535,33.55772070004605,False,False,-93.14968210053848,0.10358091315621011,-93.34009377606961,0.14263137757274308,True,False,"validation_plateau,normalized_gradient",independent,False,capacity,sigmoid,4,20,1
rank2,2,softplus,1.0,-90.33280932645383,3.570219233612368,5600,500,529,37.455335499951616,False,False,-90.29471311183372,0.06594752494379255,-90.30273152146025,0.06703372103798375,True,False,"validation_plateau,normalized_gradient",independent,False,capacity,sigmoid,4,20,2
rank4,4,softplus,1.0,-219.13936837779153,31.100056738282085,4800,500,529,37.02767529990524,False,False,-219.29462786878767,2.19685560882855,-223.8552572386444,2.6821866763206472,True,False,"validation_plateau,normalized_gradient",independent,False,capacity,sigmoid,4,20,0
rank4,4,softplus,1.0,-213.27263844934942,111.07012214327877,7800,500,539,44.2743542001117,False,False,-209.80001762381988,2.155128508195124,-224.45775102270633,12.37969449760366,True,False,"validation_plateau,normalized_gradient",independent,False,capacity,sigmoid,4,20,1
rank4,4,softplus,1.0,-220.5206999871554,45.709899936374384,7600,500,531,43.09741980000399,False,False,-254.19500508895965,34.45466459657215,-216.6479768203709,2.5140867731578775,True,False,"validation_plateau,normalized_gradient",independent,False,capacity,sigmoid,4,20,2
full,-1,softplus,1.0,-75.40560989687351,30.2707966658841,5400,500,534,32.67558539984748,False,False,-75.27816386900864,0.7908886402891021,-75.38070885707299,0.5491898250136482,True,False,"validation_plateau,normalized_gradient",independent,False,capacity,sigmoid,4,20,0
full,-1,softplus,1.0,-79.47119385472828,37.19858817520503,4800,500,543,31.82682630000636,False,False,-80.58824343670365,0.9745994129923132,-82.37235952388002,3.31990119224296,True,False,"validation_plateau,normalized_gradient",independent,False,capacity,sigmoid,4,20,1
full,-1,softplus,1.0,-71.84703527969691,27.634933420667586,5200,500,544,32.68414349993691,False,False,-72.00069607634339,0.8093987216258035,-72.83500285973702,1.4859616530236635,True,False,"validation_plateau,normalized_gradient",independent,False,capacity,sigmoid,4,20,2
diag,0,softplus,1.0,-7.635131419052618,0.0023737432435645364,4200,16,19,4.55641770013608,True,True,-7.659370282216604,0.017340968394956982,-7.622370180916776,0.016535995341724286,True,True,,independent,False,capacity,sigmoid,4,5,0
diag,0,softplus,1.0,-7.633575821948117,0.000829868321887544,4400,16,20,4.5649999000597745,True,True,-7.6513836191322415,0.016195430249267225,-7.628203757240283,0.013225233553760296,True,True,,independent,True,capacity,sigmoid,4,5,1
diag,0,softplus,1.0,-7.633974309546021,0.003420756801269402,4200,17,21,4.494055399904028,True,True,-7.6456796978685855,0.018124174420671546,-7.63891945347005,0.014129390546098285,True,True,,independent,False,capacity,sigmoid,4,5,2
rank2,2,softplus,1.0,-7.360785172016591,0.0008460719112994959,1600,114,146,4.223564699990675,True,True,-7.389064528437107,0.017582096297983265,-7.367285768533837,0.012884708570514061,True,True,,nested_warm_start,False,capacity,sigmoid,4,5,0
rank2,2,softplus,1.0,-7.357008794412062,0.0010398000420425942,8000,95,298,15.461520799901336,True,True,-7.313984602524092,0.01355124402125776,-7.309824852138053,0.013388445006706745,True,True,,independent,True,capacity,sigmoid,4,5,1
rank2,2,softplus,1.0,-7.3700729308351125,0.0011617414665214061,8000,163,269,13.458254399942234,True,True,-7.230614913755912,0.013485706059970287,-7.221713998190397,0.013973573711178197,True,True,,independent,False,capacity,sigmoid,4,5,2
rank4,4,softplus,1.0,-7.26818907515278,0.00190971153799168,2200,5,50,3.330605400027707,False,True,-7.199999049036327,0.015447074645746411,-7.1874307049781745,0.013311729567419167,True,False,validation_plateau,nested_warm_start,False,capacity,sigmoid,4,5,0
rank4,4,softplus,1.0,-7.341418769894098,0.0028202904709411117,7200,149,258,11.7030901000835,True,True,-7.31308442324025,0.013727727762916898,-7.287036688371595,0.011539778021290905,True,True,,independent,False,capacity,sigmoid,4,5,1
rank4,4,softplus,1.0,-7.341175113855606,0.0017420911053325097,8000,154,219,14.99727790011093,True,True,-7.329980986311906,0.019330978557011397,-7.298256761006748,0.013734863065497161,True,True,,independent,True,capacity,sigmoid,4,5,2
full,-1,softplus,1.0,-7.3512155253091755,0.0023518579907157236,1000,18,21,1.5874336999841034,True,True,-7.343791627581553,0.01126933626155425,-7.349153780078787,0.01412335881409125,True,True,,nested_warm_start,False,capacity,sigmoid,4,5,0
full,-1,softplus,1.0,-7.345123555159308,0.0018627595321820522,4200,19,22,6.284637900069356,True,True,-7.361935492606703,0.014157708746588216,-7.355285417245291,0.01216893553743611,True,True,,independent,True,capacity,sigmoid,4,5,1
full,-1,softplus,1.0,-7.348525874919245,0.0026868381740975346,4600,19,22,6.816362099954858,True,True,-7.359267465772903,0.015571871834576959,-7.3189533939787035,0.012604694691216755,True,True,,independent,False,capacity,sigmoid,4,5,2
