experiment,case,data_seed,m_constraints,normalizer_reliable,reference_reliable,smaller_family,larger_family,elbo_difference,combined_3se,nesting_check_passed,interpretation
capacity,log,0,10,True,False,diag,rank2,,,False,optimization_failure_or_missing_fit
capacity,log,0,10,True,False,rank2,rank4,,,False,optimization_failure_or_missing_fit
capacity,log,0,10,True,False,rank4,full,,,False,optimization_failure_or_missing_fit
capacity,log,0,20,True,False,diag,rank2,,,False,optimization_failure_or_missing_fit
capacity,log,0,20,True,False,rank2,rank4,,,False,optimization_failure_or_missing_fit
capacity,log,0,20,True,False,rank4,full,,,False,optimization_failure_or_missing_fit
capacity,log,0,5,True,True,diag,rank2,1.043207017770275,0.06109655649594828,True,consistent_with_rank_nesting
capacity,log,0,5,True,True,rank2,rank4,0.16776513208737537,0.03285759761801449,True,consistent_with_rank_nesting
capacity,log,0,5,True,True,rank4,full,-0.011383928232242102,0.030931651381356458,True,consistent_with_rank_nesting
capacity,log,1,10,True,False,diag,rank2,,,False,optimization_failure_or_missing_fit
capacity,log,1,10,True,False,rank2,rank4,,,False,optimization_failure_or_missing_fit
capacity,log,1,10,True,False,rank4,full,,,False,optimization_failure_or_missing_fit
capacity,log,1,20,True,False,diag,rank2,,,False,optimization_failure_or_missing_fit
capacity,log,1,20,True,False,rank2,rank4,,,False,optimization_failure_or_missing_fit
capacity,log,1,20,True,False,rank4,full,,,False,optimization_failure_or_missing_fit
capacity,log,1,5,True,True,diag,rank2,1.5363913727827347,0.07692018737365636,True,consistent_with_rank_nesting
capacity,log,1,5,True,True,rank2,rank4,0.3500239375740408,0.03667504106467631,True,consistent_with_rank_nesting
capacity,log,1,5,True,True,rank4,full,0.0029389127655965464,0.021002118057289344,True,consistent_with_rank_nesting
capacity,log,2,10,True,False,diag,rank2,,,False,optimization_failure_or_missing_fit
capacity,log,2,10,True,False,rank2,rank4,,,False,optimization_failure_or_missing_fit
capacity,log,2,10,True,False,rank4,full,,,False,optimization_failure_or_missing_fit
capacity,log,2,20,True,False,diag,rank2,,,False,optimization_failure_or_missing_fit
capacity,log,2,20,True,False,rank2,rank4,,,False,optimization_failure_or_missing_fit
capacity,log,2,20,True,False,rank4,full,,,False,optimization_failure_or_missing_fit
capacity,log,2,5,True,True,diag,rank2,0.5912357712318546,0.05826032013128429,True,consistent_with_rank_nesting
capacity,log,2,5,True,True,rank2,rank4,0.087010145741237,0.0435747288169981,True,consistent_with_rank_nesting
capacity,log,2,5,True,True,rank4,full,-0.007575841863039279,0.04751577553753818,True,consistent_with_rank_nesting
capacity,log,3,10,True,False,diag,rank2,,,False,optimization_failure_or_missing_fit
capacity,log,3,10,True,False,rank2,rank4,,,False,optimization_failure_or_missing_fit
capacity,log,3,10,True,False,rank4,full,,,False,optimization_failure_or_missing_fit
capacity,log,3,20,True,False,diag,rank2,,,False,optimization_failure_or_missing_fit
capacity,log,3,20,True,False,rank2,rank4,,,False,optimization_failure_or_missing_fit
capacity,log,3,20,True,False,rank4,full,,,False,optimization_failure_or_missing_fit
capacity,log,3,5,True,True,diag,rank2,0.8207116481096842,0.047357592039956,True,consistent_with_rank_nesting
capacity,log,3,5,True,True,rank2,rank4,0.05184777181671765,0.02561075957922465,True,consistent_with_rank_nesting
capacity,log,3,5,True,True,rank4,full,0.0036157086052300558,0.0232679455459341,True,consistent_with_rank_nesting
capacity,log,4,10,True,False,diag,rank2,,,False,optimization_failure_or_missing_fit
capacity,log,4,10,True,False,rank2,rank4,,,False,optimization_failure_or_missing_fit
capacity,log,4,10,True,False,rank4,full,,,False,optimization_failure_or_missing_fit
capacity,log,4,20,True,False,diag,rank2,,,False,optimization_failure_or_missing_fit
capacity,log,4,20,True,False,rank2,rank4,,,False,optimization_failure_or_missing_fit
capacity,log,4,20,True,False,rank4,full,,,False,optimization_failure_or_missing_fit
capacity,log,4,5,True,True,diag,rank2,0.9986749326055759,0.05921533450904508,True,consistent_with_rank_nesting
capacity,log,4,5,True,True,rank2,rank4,0.11623201671787758,0.033166105653657386,True,consistent_with_rank_nesting
capacity,log,4,5,True,True,rank4,full,0.001468348120191032,0.028609694046275447,True,consistent_with_rank_nesting
capacity,sigmoid,0,10,True,True,diag,rank2,0.40391087704246686,0.09940473490151741,True,consistent_with_rank_nesting
capacity,sigmoid,0,10,True,True,rank2,rank4,0.11844325143499645,0.09348850867067832,True,consistent_with_rank_nesting
capacity,sigmoid,0,10,True,True,rank4,full,-0.008575533108889033,0.08822410749778284,True,consistent_with_rank_nesting
capacity,sigmoid,0,20,True,False,diag,rank2,,,False,optimization_failure_or_missing_fit
capacity,sigmoid,0,20,True,False,rank2,rank4,,,False,optimization_failure_or_missing_fit
capacity,sigmoid,0,20,True,False,rank4,full,,,False,optimization_failure_or_missing_fit
capacity,sigmoid,0,5,True,True,diag,rank2,0.14407461710697334,0.046792173667714126,True,consistent_with_rank_nesting
capacity,sigmoid,0,5,True,True,rank2,rank4,0.1573927399481434,0.049088522520982725,True,consistent_with_rank_nesting
capacity,sigmoid,0,5,True,True,rank4,full,-0.30318892685599863,0.04998575620824502,False,optimization_failure_or_missing_fit
capacity,sigmoid,1,10,True,True,diag,rank2,0.34569217106594863,0.08225126287082697,True,consistent_with_rank_nesting
capacity,sigmoid,1,10,True,True,rank2,rank4,0.34176930053861554,0.08268334096542129,True,consistent_with_rank_nesting
capacity,sigmoid,1,10,True,True,rank4,full,-0.2685719062481624,0.07906103922798707,False,optimization_failure_or_missing_fit
capacity,sigmoid,1,20,False,False,diag,rank2,,,False,optimization_failure_or_missing_fit
capacity,sigmoid,1,20,False,False,rank2,rank4,,,False,optimization_failure_or_missing_fit
capacity,sigmoid,1,20,False,False,rank4,full,,,False,optimization_failure_or_missing_fit
capacity,sigmoid,1,5,True,True,diag,rank2,-0.0005324516444211724,0.04387325662053444,True,consistent_with_rank_nesting
capacity,sigmoid,1,5,True,True,rank2,rank4,0.07787052631460512,0.04491585869710634,True,consistent_with_rank_nesting
capacity,sigmoid,1,5,True,True,rank4,full,-0.05787010983469054,0.04282999440062325,False,optimization_failure_or_missing_fit
capacity,sigmoid,2,10,True,True,diag,rank2,0.39080028563488867,0.08173221142119524,True,consistent_with_rank_nesting
capacity,sigmoid,2,10,True,True,rank2,rank4,0.04481266051259425,0.0766306695032131,True,consistent_with_rank_nesting
capacity,sigmoid,2,10,True,True,rank4,full,4.955432337183652e-05,0.0810016359368476,True,consistent_with_rank_nesting
capacity,sigmoid,2,20,True,False,diag,rank2,,,False,optimization_failure_or_missing_fit
capacity,sigmoid,2,20,True,False,rank2,rank4,,,False,optimization_failure_or_missing_fit
capacity,sigmoid,2,20,True,False,rank4,full,,,False,optimization_failure_or_missing_fit
capacity,sigmoid,2,5,True,True,diag,rank2,0.02457922021333836,0.043835579039719255,True,consistent_with_rank_nesting
capacity,sigmoid,2,5,True,True,rank2,rank4,-0.018472691158878618,0.04443732069114218,True,consistent_with_rank_nesting
capacity,sigmoid,2,5,True,True,rank4,full,0.00505892122717988,0.04413515753484482,True,consistent_with_rank_nesting
capacity,sigmoid,3,10,True,True,diag,rank2,0.6078321121794961,0.10655070241486214,True,consistent_with_rank_nesting
capacity,sigmoid,3,10,True,True,rank2,rank4,,,False,optimization_failure_or_missing_fit
capacity,sigmoid,3,10,True,True,rank4,full,,,False,optimization_failure_or_missing_fit
capacity,sigmoid,3,20,True,False,diag,rank2,,,False,optimization_failure_or_missing_fit
capacity,sigmoid,3,20,True,False,rank2,rank4,,,False,optimization_failure_or_missing_fit
capacity,sigmoid,3,20,True,False,rank4,full,,,False,optimization_failure_or_missing_fit
capacity,sigmoid,3,5,True,True,diag,rank2,0.24952245607199952,0.07025371783035719,True,consistent_with_rank_nesting
capacity,sigmoid,3,5,True,True,rank2,rank4,-0.0499839747181996,0.062430008032439886,True,consistent_with_rank_nesting
capacity,sigmoid,3,5,True,True,rank4,full,0.014699674307744992,0.05860673500984433,True,consistent_with_rank_nesting
capacity,sigmoid,4,10,True,False,diag,rank2,3.9758011724383984,0.21785058975776073,True,consistent_with_rank_nesting
capacity,sigmoid,4,10,True,False,rank2,rank4,,,False,optimization_failure_or_missing_fit
capacity,sigmoid,4,10,True,False,rank4,full,,,False,optimization_failure_or_missing_fit
capacity,sigmoid,4,20,True,False,diag,rank2,,,False,optimization_failure_or_missing_fit
capacity,sigmoid,4,20,True,False,rank2,rank4,,,False,optimization_failure_or_missing_fit
capacity,sigmoid,4,20,True,False,rank4,full,,,False,optimization_failure_or_missing_fit
capacity,sigmoid,4,5,True,True,diag,rank2,0.3373990166081491,0.06335103455621689,True,consistent_with_rank_nesting
capacity,sigmoid,4,5,True,True,rank2,rank4,-0.01599638378781343,0.07082306487619536,True,consistent_with_rank_nesting
capacity,sigmoid,4,5,True,True,rank4,full,-0.031954506294797014,0.07188287028439873,True,consistent_with_rank_nesting
