benchmark,c,cv_nll,cv_nll_std,data_seed,failed_folds,failure_reason,full_constraint_violation,full_ep_converged,full_ep_sweeps,nonconverged_folds,selected,successful_folds,tau
linear,0.02,5.710123821101429,3.4157200628823974,0,0,,0.0,True,1,0,True,5,0.00036739948698439863
linear,0.05,5.7101239826851,3.4157273527876044,0,0,,0.0,True,1,0,False,5,0.0009184987174609967
linear,0.1,5.710124570760604,3.415753359430465,0,0,,0.0,True,1,0,False,5,0.0018369974349219933
linear,0.2,5.710127091770919,3.4158569397267002,0,0,,0.0,True,1,0,False,5,0.0036739948698439866
linear,0.35,5.710135341804585,3.416138169840018,0,0,,0.0,True,1,0,False,5,0.006429491022226975
linear,0.5,5.710151474710623,3.4165627385154025,0,0,,0.0,True,1,0,False,5,0.009184987174609966
linear,1.0,5.710293415256297,3.4188456676231835,0,0,,0.0,True,1,0,False,5,0.01836997434921993
linear,0.02,2.091328481334016,1.9400678657248736,10,0,,0.0,True,1,0,True,5,0.0004497795289077665
linear,0.05,2.091328481478572,1.940067865554089,10,0,,0.0,True,1,0,False,5,0.0011244488222694163
linear,0.1,2.091328481996417,1.9400678649422864,10,0,,0.0,True,1,0,False,5,0.0022488976445388326
linear,0.2,2.0913284840926383,1.940067862465726,10,0,,0.0,True,1,0,False,5,0.004497795289077665
linear,0.35,2.091328490066369,1.9400678554081197,10,0,,0.0,True,1,0,False,5,0.007871141755885913
linear,0.5,2.091328499926256,1.940067843759253,10,0,,0.0,True,1,0,False,5,0.011244488222694162
linear,1.0,2.091328575980609,1.9400677539055817,10,0,,0.0,True,1,0,False,5,0.022488976445388324
linear,0.02,1.9274369548172245,3.2231838795820495,11,0,,0.0,True,1,0,False,5,0.0003618912544869031
linear,0.05,1.9274369548172245,3.2231838795820495,11,0,,0.0,True,1,0,False,5,0.0009047281362172578
linear,0.1,1.9274369548172245,3.22318387958205,11,0,,0.0,True,1,0,False,5,0.0018094562724345156
linear,0.2,1.9274369548172214,3.2231838795820518,11,0,,0.0,True,1,0,False,5,0.003618912544869031
linear,0.35,1.92743695481721,3.2231838795820598,11,0,,0.0,True,1,0,False,5,0.006333096953520804
linear,0.5,1.9274369548171755,3.2231838795820837,11,0,,0.0,True,1,0,True,5,0.009047281362172577
linear,1.0,1.9274369548174373,3.2231838795819026,11,0,,0.0,True,1,0,False,5,0.018094562724345155
linear,0.02,1.9204902895914209,3.5089111515651337,12,0,,0.0,True,1,0,False,5,0.0004041471380944728
linear,0.05,1.920490289589757,3.508911151566272,12,0,,0.0,True,1,0,False,5,0.001010367845236182
linear,0.1,1.9204902895837073,3.50891115157041,12,0,,0.0,True,1,0,False,5,0.002020735690472364
linear,0.2,1.9204902895572964,3.5089111515884763,12,0,,0.0,True,1,0,False,5,0.004041471380944728
linear,0.35,1.9204902894644054,3.508911151652017,12,0,,0.0,True,1,0,False,5,0.007072574916653273
linear,0.5,1.9204902892456228,3.5089111518016716,12,0,,0.0,True,1,0,False,5,0.01010367845236182
linear,1.0,1.9204902831864021,3.508911155946395,12,0,,0.0,True,1,0,True,5,0.02020735690472364
linear,0.02,2.2535176662167884,1.8013360785450292,13,0,,0.0,True,1,0,True,5,0.0005254639298364196
linear,0.05,2.2535188255037273,1.8013363112040002,13,0,,0.0,True,1,0,False,5,0.001313659824591049
linear,0.1,2.253522972482245,1.8013371434974053,13,0,,0.0,True,1,0,False,5,0.002627319649182098
linear,0.2,2.253539664059123,1.801340493954868,13,0,,0.0,True,1,0,False,5,0.005254639298364196
linear,0.35,2.2535864073598235,1.8013498806998849,13,0,,0.0,True,1,0,False,5,0.009195618772137341
linear,0.5,2.2536609922915862,1.801364870913143,13,0,,0.0,True,1,0,False,5,0.01313659824591049
linear,1.0,2.25414842469086,1.8014632130498338,13,0,,0.0,True,1,0,False,5,0.02627319649182098
linear,0.02,2.5806713888857007,1.9221030750607435,14,0,,0.0,True,1,0,False,5,0.0005336237504970511
linear,0.05,2.5806712382275814,1.9221033008028567,14,0,,0.0,True,1,0,False,5,0.0013340593762426276
linear,0.1,2.5806707031512337,1.922104102547265,14,0,,0.0,True,1,0,False,5,0.0026681187524852552
linear,0.2,2.580668609390187,1.9221072397880175,14,0,,0.0,True,1,0,False,5,0.0053362375049705105
linear,0.35,2.5806632318419944,1.9221152974045486,14,0,,0.0,True,1,0,False,5,0.009338415633698393
linear,0.5,2.5806559971518808,1.9221261377928067,14,0,,0.0,True,1,0,False,5,0.013340593762426276
linear,1.0,2.580637934920805,1.9221532023889996,14,0,,0.0,True,1,0,True,5,0.026681187524852552
linear,0.02,3.2807768380955613,4.234524452123128,15,0,,0.0,True,1,0,False,5,0.000421254587704594
linear,0.05,3.2807768380955613,4.234524452123128,15,0,,0.0,True,1,0,False,5,0.001053136469261485
linear,0.1,3.2807768380955613,4.234524452123128,15,0,,0.0,True,1,0,False,5,0.00210627293852297
linear,0.2,3.2807768380955613,4.234524452123128,15,0,,0.0,True,1,0,False,5,0.00421254587704594
linear,0.35,3.2807768380955613,4.234524452123128,15,0,,0.0,True,1,0,False,5,0.007371955284830395
linear,0.5,3.2807768380955613,4.234524452123128,15,0,,0.0,True,1,0,False,5,0.01053136469261485
linear,1.0,3.2807768380955595,4.23452445212313,15,0,,0.0,True,1,0,True,5,0.0210627293852297
linear,0.02,2.5724500599007114,2.336645814647761,16,0,,0.0,True,1,0,False,5,0.0004087242475055021
linear,0.05,2.572442045343991,2.3366528421712527,16,0,,0.0,True,1,0,False,5,0.0010218106187637552
linear,0.1,2.572413473974927,2.3366778957779886,16,0,,0.0,True,1,0,False,5,0.0020436212375275105
linear,0.2,2.5722999978341514,2.3367774151093386,16,0,,0.0,True,1,0,False,5,0.004087242475055021
linear,0.35,2.5719945190028564,2.337045437924944,16,0,,0.0,True,1,0,False,5,0.007152674331346286
linear,0.5,2.5715408577370917,2.337443785549899,16,0,,0.0,True,1,0,False,5,0.010218106187637552
linear,1.0,2.569277662057596,2.3394365937178563,16,0,,0.0,True,1,0,True,5,0.020436212375275105
linear,0.02,1.0477383849698376,1.3415723552596404,17,0,,0.0,True,1,0,True,5,0.0005507005458274311
linear,0.05,1.0477400826318994,1.341573320391942,17,0,,0.0,True,1,0,False,5,0.0013767513645685776
linear,0.1,1.0477461397686547,1.341576763996804,17,0,,0.0,True,1,0,False,5,0.0027535027291371553
linear,0.2,1.0477702745881945,1.3415904864003574,17,0,,0.0,True,1,0,False,5,0.005507005458274311
linear,0.35,1.047835850498764,1.341627781337846,17,0,,0.0,True,1,0,False,5,0.009637259551980042
linear,0.5,1.0479347831843302,1.341684075612278,17,0,,0.0,True,1,0,False,5,0.013767513645685776
linear,1.0,1.0484478816662155,1.3419765839650775,17,0,,0.0,True,1,0,False,5,0.027535027291371552
linear,0.02,1.627442940381465,1.751088304923195,18,0,,0.0,True,1,0,True,5,0.000525269737985894
linear,0.05,1.627442940381465,1.751088304923195,18,0,,0.0,True,1,0,False,5,0.0013131743449647352
linear,0.1,1.627442940381465,1.751088304923195,18,0,,0.0,True,1,0,False,5,0.0026263486899294705
linear,0.2,1.627442940381465,1.751088304923195,18,0,,0.0,True,1,0,False,5,0.005252697379858941
linear,0.35,1.627442940381465,1.751088304923195,18,0,,0.0,True,1,0,False,5,0.009192220414753146
linear,0.5,1.627442940381465,1.751088304923195,18,0,,0.0,True,1,0,False,5,0.013131743449647352
linear,1.0,1.627442940381465,1.751088304923195,18,0,,0.0,True,1,0,False,5,0.026263486899294704
linear,0.02,1.649852157600386,3.0338554877312913,19,0,,0.0,True,1,0,True,5,0.0003689772010477464
linear,0.05,1.649852157600386,3.0338554877312913,19,0,,0.0,True,1,0,False,5,0.0009224430026193661
linear,0.1,1.649852157600386,3.0338554877312913,19,0,,0.0,True,1,0,False,5,0.0018448860052387322
linear,0.2,1.649852157600386,3.0338554877312913,19,0,,0.0,True,1,0,False,5,0.0036897720104774644
linear,0.35,1.649852157600386,3.0338554877312913,19,0,,0.0,True,1,0,False,5,0.006457101018335562
linear,0.5,1.649852157600386,3.0338554877312913,19,0,,0.0,True,1,0,False,5,0.00922443002619366
linear,1.0,1.649852157600386,3.0338554877312913,19,0,,0.0,True,1,0,False,5,0.01844886005238732
linear,0.02,2.4774614773631827,4.067714346582385,1,0,,0.0,True,1,0,True,5,0.00036753183721092297
linear,0.05,2.4774614773631827,4.067714346582385,1,0,,0.0,True,1,0,False,5,0.0009188295930273075
linear,0.1,2.4774614773631827,4.067714346582385,1,0,,0.0,True,1,0,False,5,0.001837659186054615
linear,0.2,2.4774614773631827,4.067714346582385,1,0,,0.0,True,1,0,False,5,0.00367531837210923
linear,0.35,2.4774614773631827,4.067714346582385,1,0,,0.0,True,1,0,False,5,0.006431807151191152
linear,0.5,2.4774614773631827,4.067714346582385,1,0,,0.0,True,1,0,False,5,0.009188295930273075
linear,1.0,2.4774614773631827,4.067714346582385,1,0,,0.0,True,1,0,False,5,0.01837659186054615
linear,0.02,0.4516598498999346,0.8284465835578597,2,0,,0.0,True,1,0,True,5,0.00044504138577994144
linear,0.05,0.4516598500623221,0.8284465838839282,2,0,,0.0,True,1,0,False,5,0.0011126034644498536
linear,0.1,0.45165985064972586,0.8284465850634153,2,0,,0.0,True,1,0,False,5,0.002225206928899707
linear,0.2,0.45165985309565554,0.8284465899747598,2,0,,0.0,True,1,0,False,5,0.004450413857799414
linear,0.35,0.451659860684605,0.8284466052131152,2,0,,0.0,True,1,0,False,5,0.007788224251148975
linear,0.5,0.45165987526928364,0.8284466344986596,2,0,,0.0,True,1,0,False,5,0.011126034644498536
linear,1.0,0.4516600804668903,0.8284470465285838,2,0,,0.0,True,1,0,False,5,0.022252069288997072
linear,0.02,2.4112251215433904,5.458653865288602,3,0,,0.0,True,1,0,False,5,0.000502228546283403
linear,0.05,2.411225121543389,5.458653865288603,3,0,,0.0,True,1,0,False,5,0.0012555713657085076
linear,0.1,2.4112251215433815,5.458653865288607,3,0,,0.0,True,1,0,False,5,0.002511142731417015
linear,0.2,2.4112251215433487,5.458653865288625,3,0,,0.0,True,1,0,False,5,0.00502228546283403
linear,0.35,2.411225121543562,5.458653865288507,3,0,,0.0,True,1,0,False,5,0.008788999559959551
linear,0.5,2.411225121543433,5.458653865288578,3,0,,0.0,True,1,0,False,5,0.012555713657085075
linear,1.0,2.4112251215417433,5.458653865289522,3,0,,0.0,True,1,0,True,5,0.02511142731417015
linear,0.02,1.7065262801826013,2.5791628039771357,4,0,,0.0,True,1,0,False,5,0.0004973015465257448
linear,0.05,1.7065262801826013,2.5791628039771357,4,0,,0.0,True,1,0,False,5,0.001243253866314362
linear,0.1,1.7065262801826013,2.5791628039771357,4,0,,0.0,True,1,0,False,5,0.002486507732628724
linear,0.2,1.7065262801826013,2.5791628039771357,4,0,,0.0,True,1,0,False,5,0.004973015465257448
linear,0.35,1.7065262801826013,2.5791628039771357,4,0,,0.0,True,1,0,False,5,0.008702777064200534
linear,0.5,1.7065262801826013,2.5791628039771357,4,0,,0.0,True,1,0,False,5,0.01243253866314362
linear,1.0,1.7065262801826009,2.5791628039771357,4,0,,0.0,True,1,0,True,5,0.02486507732628724
linear,0.02,2.099878934058534,3.047253126869972,5,0,,0.0,True,1,0,True,5,0.0003946496311164591
linear,0.05,2.099878934058534,3.047253126869972,5,0,,0.0,True,1,0,False,5,0.0009866240777911478
linear,0.1,2.099878934058534,3.047253126869972,5,0,,0.0,True,1,0,False,5,0.0019732481555822957
linear,0.2,2.099878934058534,3.047253126869972,5,0,,0.0,True,1,0,False,5,0.003946496311164591
linear,0.35,2.099878934058534,3.047253126869972,5,0,,0.0,True,1,0,False,5,0.006906368544538034
linear,0.5,2.099878934058534,3.047253126869972,5,0,,0.0,True,1,0,False,5,0.009866240777911478
linear,1.0,2.099878934058534,3.047253126869972,5,0,,0.0,True,1,0,False,5,0.019732481555822957
linear,0.02,1.4308645555837418,1.427660372305308,6,0,,0.0,True,1,0,False,5,0.0004864802231341707
linear,0.05,1.4308195211980306,1.427595409774406,6,0,,0.0,True,1,0,False,5,0.001216200557835427
linear,0.1,1.4306588593612752,1.4273636873360864,6,0,,0.0,True,1,0,False,5,0.002432401115670854
linear,0.2,1.430018939210005,1.4264412553356127,6,0,,0.0,True,1,0,False,5,0.004864802231341708
linear,0.35,1.4282813824472176,1.4239408409994405,6,0,,0.0,True,1,0,False,5,0.008513403904847986
linear,0.5,1.4256586274290812,1.4201783842688125,6,0,,0.0,True,1,0,False,5,0.012162005578354267
linear,1.0,1.4116296840767533,1.4002986808042812,6,0,,0.0,True,1,0,True,5,0.024324011156708535
linear,0.02,3.878709304801202,3.649210039818535,7,0,,0.0,True,1,0,True,5,0.0003672873148744319
linear,0.05,3.878709322365553,3.649210018561641,7,0,,0.0,True,1,0,False,5,0.0009182182871860798
linear,0.1,3.878709385148723,3.6492099425796076,7,0,,0.0,True,1,0,False,5,0.0018364365743721595
linear,0.2,3.878709637115707,3.6492096376418055,7,0,,0.0,True,1,0,False,5,0.003672873148744319
linear,0.35,3.878710336930921,3.6492087907053237,7,0,,0.0,True,1,0,False,5,0.006427528010302558
linear,0.5,3.8787114385176538,3.649207457534365,7,0,,0.0,True,1,0,False,5,0.009182182871860798
linear,1.0,3.878718423990251,3.6491990035481487,7,0,,0.0,True,1,0,False,5,0.018364365743721595
linear,0.02,3.875770426758084,2.5701251247564905,8,0,,0.0,True,1,0,False,5,0.0005928896901839968
linear,0.05,3.875770426758084,2.5701251247564905,8,0,,0.0,True,1,0,False,5,0.0014822242254599923
linear,0.1,3.875770426758084,2.5701251247564905,8,0,,0.0,True,1,0,False,5,0.0029644484509199847
linear,0.2,3.875770426758084,2.5701251247564905,8,0,,0.0,True,1,0,False,5,0.005928896901839969
linear,0.35,3.875770426758084,2.5701251247564905,8,0,,0.0,True,1,0,False,5,0.010375569578219945
linear,0.5,3.875770426758082,2.5701251247564922,8,0,,0.0,True,1,0,False,5,0.014822242254599922
linear,1.0,3.875770426757897,2.570125124756632,8,0,,0.0,True,1,0,True,5,0.029644484509199844
linear,0.02,2.5931405896153903,2.836663689418233,9,0,,0.0,True,1,0,False,5,0.0004866137538841842
linear,0.05,2.5931405896153903,2.836663689418233,9,0,,0.0,True,1,0,False,5,0.0012165343847104606
linear,0.1,2.5931405896153903,2.836663689418233,9,0,,0.0,True,1,0,False,5,0.002433068769420921
linear,0.2,2.5931405896153903,2.836663689418233,9,0,,0.0,True,1,0,False,5,0.004866137538841842
linear,0.35,2.5931405896153903,2.836663689418233,9,0,,0.0,True,1,0,False,5,0.008515740692973221
linear,0.5,2.5931405896153903,2.836663689418233,9,0,,0.0,True,1,0,False,5,0.012165343847104604
linear,1.0,2.5931405896153894,2.8366636894182338,9,0,,0.0,True,1,0,True,5,0.024330687694209208
log,0.02,5.893972411014462,13.270605415258096,0,0,,0.0237,True,20,0,False,5,0.0010311087028159528
log,0.05,5.891250102912812,13.264508593615272,0,0,,0.02025,True,20,0,False,5,0.0025777717570398817
log,0.1,5.88156865664583,13.242826675085881,0,0,,0.0224,True,20,0,False,5,0.005155543514079763
log,0.2,5.843473905896889,13.15751921109075,0,0,,0.02055,True,20,0,False,5,0.010311087028159527
log,0.35,5.743659990378405,12.934061810936775,0,0,,0.02165,True,20,0,False,5,0.018044402299279172
log,0.5,5.602314042260604,12.617810568400808,0,0,,0.0212,True,20,0,False,5,0.025777717570398817
log,1.0,4.994753393655377,11.26163704813826,0,0,,0.0213,True,20,0,True,5,0.051555435140797634
log,0.02,6.952907411922872,14.850011488244935,10,0,,0.0,True,12,0,True,5,0.0010067217254701249
log,0.05,6.952921328092957,14.85000336369718,10,0,,0.0,True,12,0,False,5,0.0025168043136753124
log,0.1,6.952971028466291,14.84997435573339,10,0,,0.0,True,12,0,False,5,0.005033608627350625
log,0.2,6.953169669653706,14.849858539913253,10,0,,0.0,True,12,0,False,5,0.01006721725470125
log,0.35,6.953711009760829,14.849543925629058,10,0,,0.0,True,13,0,False,5,0.017617630195727187
log,0.5,6.954516085133595,14.849079003274447,10,0,,0.0,True,14,0,False,5,0.025168043136753124
log,1.0,6.957847583125753,14.847274597019242,10,0,,0.0,True,16,0,False,5,0.05033608627350625
log,0.02,1.1735084789826213,2.2964119910544976,11,0,,0.0005,True,17,0,False,5,0.00058329445404134
log,0.05,1.1734647010340795,2.2962985986120152,11,0,,0.0006,True,17,0,False,5,0.0014582361351033503
log,0.1,1.1733085951523916,2.295893652561457,11,0,,0.00045,True,17,0,False,5,0.0029164722702067006
log,0.2,1.1726879946053024,2.29427427392844,11,0,,0.00025,True,17,0,False,5,0.005832944540413401
log,0.35,1.1710128016106889,2.2898241390429406,11,0,,0.00055,True,17,0,False,5,0.01020765294572345
log,0.5,1.1685115299284707,2.282958316973949,11,0,,0.00065,True,17,0,False,5,0.014582361351033501
log,1.0,1.155540094936073,2.2440209368244153,11,0,,0.00025,True,17,0,True,5,0.029164722702067002
log,0.02,1.2349530637581092,2.0635127616022784,12,0,,0.0135,True,19,0,False,5,0.0006088832079313674
log,0.05,1.23495111675155,2.0634899004810716,12,0,,0.0151,True,19,0,False,5,0.0015222080198284184
log,0.1,1.2349450607865022,2.0634088574069076,12,0,,0.01465,True,19,0,False,5,0.0030444160396568367
log,0.2,1.2349343267182042,2.0630939711008076,12,0,,0.01355,True,19,0,True,5,0.0060888320793136734
log,0.35,1.235003649639212,2.0623006635877545,12,0,,0.01415,True,19,0,False,5,0.010655456138798928
log,0.5,1.235336674302216,2.0612595604056896,12,0,,0.0131,True,19,0,False,5,0.015222080198284183
log,1.0,1.2403258051655244,2.0579271469320024,12,0,,0.0116,True,19,0,False,5,0.030444160396568366
log,0.02,3.674829170482186,6.1245660851202555,13,0,,0.08545,True,21,0,False,5,0.0013527147688661891
log,0.05,3.6745166988804017,6.12389510146633,13,0,,0.0832,True,21,0,False,5,0.0033817869221654732
log,0.1,3.6734025517196267,6.12150466043857,13,0,,0.087,True,21,0,False,5,0.0067635738443309465
log,0.2,3.6689734310361337,6.11203459695573,13,0,,0.08915,True,21,0,False,5,0.013527147688661893
log,0.35,3.6569965920216143,6.086724395464428,13,0,,0.09265,True,20,0,False,5,0.02367250845515831
log,0.5,3.638962976659323,6.0495815737138905,13,0,,0.10695,True,20,0,False,5,0.03381786922165473
log,1.0,3.5407575056562925,5.8681232404455725,13,0,,0.1466,True,20,0,True,5,0.06763573844330946
log,0.02,3.143973795231239,5.258965748080398,14,0,,0.0412,True,20,0,False,5,0.001275316705457
log,0.05,3.143900326727162,5.259263319740295,14,0,,0.03975,True,20,0,False,5,0.0031882917636425
log,0.1,3.143642492191917,5.260323545910879,14,0,,0.03955,True,20,0,False,5,0.006376583527285
log,0.2,3.142680650970102,5.264523780791676,14,0,,0.0343,True,20,0,False,5,0.01275316705457
log,0.35,3.1405684991093032,5.275716770607518,14,0,,0.0393,True,20,0,False,5,0.0223180423454975
log,0.5,3.138617090848149,5.291917803294696,14,0,,0.04,True,20,0,True,5,0.031882917636425
log,1.0,3.143454881296951,5.363790430446073,14,0,,0.04095,True,19,0,False,5,0.06376583527285
log,0.02,1.8641006616765086,1.6872242748300332,15,0,,0.06335,True,20,0,False,5,0.0009848262598936152
log,0.05,1.863988247719234,1.687142469249883,15,0,,0.0613,True,20,0,False,5,0.002462065649734038
log,0.1,1.8635946430617287,1.686855268666796,15,0,,0.06335,True,20,0,False,5,0.004924131299468076
log,0.2,1.8621380831643015,1.6857801374553565,15,0,,0.06315,True,20,0,False,5,0.009848262598936152
log,0.35,1.8589894307019026,1.6833476839177826,15,0,,0.0656,True,20,0,False,5,0.017234459548138265
log,0.5,1.8560625770542587,1.6807360137036587,15,0,,0.06925,True,20,0,True,5,0.02462065649734038
log,1.0,1.8615510549146967,1.6791933232388094,15,0,,0.07615,True,20,0,False,5,0.04924131299468076
log,0.02,3.0204930165258475,3.0868702410123077,16,0,,0.0672,True,20,0,False,5,0.001817665426815821
log,0.05,3.0197220853070252,3.0853584204280997,16,0,,0.06255,True,20,0,False,5,0.004544163567039553
log,0.1,3.0169818600437637,3.0799852428275223,16,0,,0.06745,True,20,0,False,5,0.009088327134079106
log,0.2,3.0062214822380477,3.0588941837980266,16,0,,0.0653,True,20,0,False,5,0.01817665426815821
log,0.35,2.97818597117979,3.004031011109612,16,0,,0.07385,True,20,0,False,5,0.031809144969276865
log,0.5,2.938836783928844,2.9273759523759892,16,0,,0.0778,True,20,0,False,5,0.045441635670395525
log,1.0,2.772521590697876,2.614027057935525,16,0,,0.1028,True,19,0,True,5,0.09088327134079105
log,0.02,1.4218671932463158,1.3405696732944736,17,0,,0.08345,True,21,0,False,5,0.0005936054029271851
log,0.05,1.4216862723470045,1.3406810927083344,17,0,,0.0815,True,21,0,False,5,0.0014840135073179628
log,0.1,1.4210434321866827,1.3410769991711575,17,0,,0.08395,True,21,0,False,5,0.0029680270146359255
log,0.2,1.4185230369016462,1.3426293226012462,17,0,,0.08265,True,21,0,False,5,0.005936054029271851
log,0.35,1.411997142698852,1.3466471989760325,17,0,,0.09095,True,21,0,False,5,0.010388094551225737
log,0.5,1.4030072250915961,1.3521861384165972,17,0,,0.0922,True,21,0,False,5,0.014840135073179626
log,1.0,1.3695674469946082,1.3739676633549414,17,0,,0.1158,True,21,0,True,5,0.029680270146359253
log,0.02,0.9695216532544861,2.1295671645295458,18,0,,0.00045,True,17,0,True,5,0.0008561275698519925
log,0.05,0.9695396300300244,2.1295799522955616,18,0,,0.00055,True,17,0,False,5,0.002140318924629981
log,0.1,0.969603904075947,2.1296258437256883,18,0,,0.00065,True,17,0,False,5,0.004280637849259962
log,0.2,0.9698620558873443,2.1298129190669433,18,0,,0.001,True,17,0,False,5,0.008561275698519924
log,0.35,0.9705792319771656,2.130357280615047,18,0,,0.0008,True,17,0,False,5,0.014982232472409866
log,0.5,0.9717026729374387,2.1312842032347743,18,0,,0.0008,True,17,0,False,5,0.02140318924629981
log,1.0,0.9786195027546374,2.1379778607517466,18,0,,0.00055,True,18,0,False,5,0.04280637849259962
log,0.02,2.4748958345877075,3.3877498606205783,19,0,,0.0073,True,19,0,True,5,0.0006181646645157418
log,0.05,2.474915880890795,3.387753395446191,19,0,,0.0072,True,19,0,False,5,0.0015454116612893549
log,0.1,2.4749874654884594,3.387765956557715,19,0,,0.00655,True,19,0,False,5,0.0030908233225787098
log,0.2,2.4752737682634463,3.387815252269619,19,0,,0.00725,True,19,0,False,5,0.0061816466451574195
log,0.35,2.4760633612647527,3.3879439663995323,19,0,,0.00805,True,19,0,False,5,0.010817881629025482
log,0.5,2.477302449865421,3.3881287486772047,19,0,,0.00655,True,19,0,False,5,0.015454116612893547
log,1.0,2.4854819318634296,3.3895065503178987,19,0,,0.00765,True,19,0,False,5,0.030908233225787094
log,0.02,3.908819126113999,3.9751901664425158,1,0,,0.0001,True,15,0,False,5,0.0006466979186043531
log,0.05,3.9085691796283264,3.9750813496459916,1,0,,5e-05,True,15,0,False,5,0.001616744796510883
log,0.1,3.9076901203995598,3.974700204368053,1,0,,0.0001,True,15,0,False,5,0.003233489593021766
log,0.2,3.9043763020339988,3.9732865088979024,1,0,,0.0,True,15,0,False,5,0.006466979186043532
log,0.35,3.896711925555343,3.9701833415999332,1,0,,5e-05,True,15,0,False,5,0.011317213575576178
log,0.5,3.8880659174890644,3.9670881265979943,1,0,,0.0001,True,16,0,False,5,0.016167447965108828
log,1.0,3.8718247448219985,3.9667766189856,1,0,,5e-05,True,16,0,True,5,0.032334895930217655
log,0.02,1.8223385319556296,4.584339909719328,2,0,,0.0963,True,21,0,False,5,0.0010866162404936585
log,0.05,1.8222753999774117,4.584454088711396,2,0,,0.09675,True,21,0,False,5,0.0027165406012341466
log,0.1,1.82205172048331,4.5848616556553985,2,0,,0.0979,True,21,0,False,5,0.005433081202468293
log,0.2,1.8211840839182982,4.586488483493034,2,0,,0.10205,True,21,0,False,5,0.010866162404936586
log,0.35,1.8190005346594986,4.590931804640146,2,0,,0.10935,True,21,0,False,5,0.019015784208639024
log,0.5,1.8161087905289464,4.597697922244618,2,0,,0.12955,True,21,0,False,5,0.027165406012341464
log,1.0,1.8056045830017298,4.633865366413878,2,0,,0.1957,True,20,0,True,5,0.05433081202468293
log,0.02,2.7983703806579703,3.3567645141836464,3,0,,0.00335,True,18,0,True,5,0.0009404528237489909
log,0.05,2.7984089785467563,3.3567573416199568,3,0,,0.0026,True,18,0,False,5,0.0023511320593724776
log,0.1,2.7985472714626023,3.3567320025430947,3,0,,0.00335,True,18,0,False,5,0.004702264118744955
log,0.2,2.7991069577381995,3.3566349732062726,3,0,,0.004,True,18,0,False,5,0.00940452823748991
log,0.35,2.800689638805715,3.356403548883518,3,0,,0.0039,True,18,0,False,5,0.01645792441560734
log,0.5,2.8032059970055783,3.3561443084881093,3,0,,0.00375,True,18,0,False,5,0.023511320593724773
log,1.0,2.816498808258033,3.356381281780498,3,0,,0.00285,True,18,0,False,5,0.047022641187449546
log,0.02,1.2872356202651738,2.0268291087112327,4,0,,0.02225,True,19,0,True,5,0.0009491959967747782
log,0.05,1.2872702973402834,2.026913333818616,4,0,,0.02065,True,19,0,False,5,0.0023729899919369456
log,0.1,1.2873941219097729,2.0272124572216033,4,0,,0.0216,True,19,0,False,5,0.004745979983873891
log,0.2,1.2878890987797385,2.0283833529233535,4,0,,0.02155,True,19,0,False,5,0.009491959967747782
log,0.35,1.2892474568871028,2.0314074706398952,4,0,,0.02285,True,19,0,False,5,0.016610929943558617
log,0.5,1.2913306943453893,2.035592431286052,4,0,,0.02175,True,19,0,False,5,0.023729899919369454
log,1.0,1.3021214989502137,2.0530064715776986,4,0,,0.0202,True,19,0,False,5,0.04745979983873891
log,0.02,2.2885175884633533,4.190053921878534,5,0,,0.0242,True,19,0,True,5,0.0009817970680715416
log,0.05,2.2885347011428636,4.1900887598551915,5,0,,0.0243,True,19,0,False,5,0.002454492670178854
log,0.1,2.288596377464841,4.19021432886423,5,0,,0.02285,True,19,0,False,5,0.004908985340357708
log,0.2,2.288851378585657,4.190734290371341,5,0,,0.0228,True,19,0,False,5,0.009817970680715417
log,0.35,2.2896099797691503,4.192303256877893,5,0,,0.023,True,19,0,False,5,0.017181448691251974
log,0.5,2.2908885033759288,4.1950842498594065,5,0,,0.02465,True,19,0,False,5,0.02454492670178854
log,1.0,2.2981119694863352,4.2157533326742636,5,0,,0.0221,True,19,0,False,5,0.04908985340357708
log,0.02,2.5077340926604887,4.894581316231456,6,0,,0.1023,True,21,0,False,5,0.0018693219834431869
log,0.05,2.5068203984627706,4.892906520837535,6,0,,0.10315,True,21,0,False,5,0.004673304958607967
log,0.1,2.503572936050806,4.886951611435328,6,0,,0.10795,True,21,0,False,5,0.009346609917215934
log,0.2,2.4908219506033094,4.863536558368005,6,0,,0.1215,True,21,0,False,5,0.018693219834431868
log,0.35,2.4575718376506583,4.802262351179175,6,0,,0.15095,True,21,0,False,5,0.03271313471025577
log,0.5,2.4106915108849525,4.715466949595308,6,0,,0.1931,True,21,0,False,5,0.04673304958607967
log,1.0,2.2062944703009513,4.334075309807641,6,0,,0.32065,True,20,0,True,5,0.09346609917215934
log,0.02,4.669750315560602,9.709314361585994,7,0,,0.0,True,14,0,True,5,0.0007604171354664433
log,0.05,4.669754821359421,9.709313656998182,7,0,,0.0,True,14,0,False,5,0.0019010428386661083
log,0.1,4.6697709574690665,9.70931120134647,7,0,,0.0,True,14,0,False,5,0.0038020856773322165
log,0.2,4.669836213070726,9.709302361438406,7,0,,0.0,True,14,0,False,5,0.007604171354664433
log,0.35,4.670022122597033,9.709287040193454,7,0,,0.0,True,14,0,False,5,0.013307299870662755
log,0.5,4.67033129658848,9.709295632207667,7,0,,0.0,True,14,0,False,5,0.01901042838666108
log,1.0,4.6730184291376435,9.71113701897582,7,0,,5e-05,True,15,0,False,5,0.03802085677332216
log,0.02,0.706523943696565,1.7799523037209006,8,0,,0.0,True,15,0,True,5,0.0007608971404002542
log,0.05,0.7065365540694527,1.7799623256141643,8,0,,0.0,True,15,0,False,5,0.0019022428510006356
log,0.1,0.7065816864700912,1.779997908473672,8,0,,0.0,True,15,0,False,5,0.003804485702001271
log,0.2,0.7067638099486945,1.7801371446941663,8,0,,5e-05,True,15,0,False,5,0.007608971404002542
log,0.35,0.7072805391994255,1.7805001153518667,8,0,,5e-05,True,15,0,False,5,0.013315699957004446
log,0.5,0.7081378823285175,1.78103858523385,8,0,,0.0,True,15,0,False,5,0.019022428510006354
log,1.0,0.7141771932698918,1.7844480300365828,8,0,,0.0001,True,16,0,False,5,0.03804485702001271
log,0.02,2.086765938696586,1.7077839663216587,9,0,,0.014,True,19,0,True,5,0.0008191099254614101
log,0.05,2.0868159959812003,1.7078232360259173,9,0,,0.01645,True,19,0,False,5,0.0020477748136535252
log,0.1,2.0869943581720345,1.7079630634133034,9,0,,0.0186,True,19,0,False,5,0.0040955496273070505
log,0.2,2.087701383610478,1.7085158358819037,9,0,,0.0168,True,19,0,False,5,0.008191099254614101
log,0.35,2.0895932107564867,1.7099831380332842,9,0,,0.01565,True,19,0,False,5,0.014334423695574675
log,0.5,2.092363032751015,1.7121044747988445,9,0,,0.01445,True,19,0,False,5,0.020477748136535252
log,1.0,2.1043404252759665,1.722248884056667,9,0,,0.01575,True,19,0,False,5,0.040955496273070505
sigmoid,0.02,94.8023691864427,211.25190166765302,0,0,,0.34285,True,21,0,False,5,0.00310257086696229
sigmoid,0.05,94.71295206331148,211.05229349474243,0,0,,0.35155,True,21,0,False,5,0.0077564271674057245
sigmoid,0.1,94.40020009202905,210.3541412760611,0,0,,0.3769,True,21,0,False,5,0.015512854334811449
sigmoid,0.2,93.24346929429406,207.77215663718178,0,0,,0.469,True,21,0,False,5,0.031025708669622898
sigmoid,0.35,90.67149860580976,202.03222898475835,0,0,,0.65655,True,21,0,False,5,0.05429499017184007
sigmoid,0.5,87.84253381533304,195.72080345775308,0,0,,0.80865,True,20,0,False,5,0.07756427167405724
sigmoid,1.0,80.8713332094671,180.18043206599273,0,0,,0.96955,True,19,0,True,5,0.1551285433481145
sigmoid,0.02,21.617734201774944,46.76314202849409,10,0,,0.30685,True,21,0,False,5,0.0029029839692593425
sigmoid,0.05,21.617005238557173,46.76165070102064,10,0,,0.3136,True,21,0,False,5,0.007257459923148356
sigmoid,0.1,21.614421108096366,46.75633145358912,10,0,,0.3377,True,21,0,False,5,0.014514919846296713
sigmoid,0.2,21.604358948624146,46.735174657529484,10,0,,0.43075,True,21,0,False,5,0.029029839692593425
sigmoid,0.35,21.57846125322007,46.678180921128124,10,0,,0.6225,True,21,0,False,5,0.050802219462038486
sigmoid,0.5,21.541971889467426,46.593993703450536,10,0,,0.77985,True,20,0,False,5,0.07257459923148356
sigmoid,1.0,21.3727192617933,46.18707207162652,10,0,,0.95905,True,19,0,True,5,0.14514919846296712
sigmoid,0.02,239.6985716509683,535.3202671981059,11,0,,0.42745,True,24,0,False,5,0.002724825561577362
sigmoid,0.05,238.15396220077395,531.869023357236,11,0,,0.43745,True,24,0,False,5,0.0068120639039434055
sigmoid,0.1,232.95884983867327,520.2611453903774,11,0,,0.48315,True,23,0,False,5,0.013624127807886811
sigmoid,0.2,216.15833471421797,482.72177369522905,11,0,,0.61265,True,23,0,False,5,0.027248255615773622
sigmoid,0.35,188.42526463544934,420.74940528837976,11,0,,0.79305,True,23,0,False,5,0.04768444732760383
sigmoid,0.5,167.17274235131802,373.2478086792969,11,0,,0.8896,True,22,0,False,5,0.06812063903943405
sigmoid,1.0,134.15344373340122,299.397182768106,11,0,,0.97695,True,21,0,True,5,0.1362412780788681
sigmoid,0.02,130.13407256061782,290.02608356028554,12,0,,0.41835,True,24,0,False,5,0.0021942028274283903
sigmoid,0.05,130.09868761454112,289.9522870927416,12,0,,0.44145,True,24,0,False,5,0.005485507068570976
sigmoid,0.1,129.9738765055513,289.6912655276691,12,0,,0.50005,True,24,0,False,5,0.010971014137141952
sigmoid,0.2,129.4970784383772,288.68576896845127,12,0,,0.66475,True,22,0,False,5,0.021942028274283903
sigmoid,0.35,128.3387936157261,286.2091533953183,12,0,,0.85325,True,22,0,False,5,0.03839854947999683
sigmoid,0.5,126.88087455487737,283.05612778117654,12,0,,0.9396,True,22,0,False,5,0.05485507068570976
sigmoid,1.0,122.25696125627933,272.94160235563254,12,0,,0.9909,True,22,0,True,5,0.10971014137141952
sigmoid,0.02,895.7101217385455,2001.3138487243314,13,0,,0.3441,True,20,0,False,5,0.004750836377639526
sigmoid,0.05,895.5748127728009,2001.0115711031185,13,0,,0.34505,True,20,0,False,5,0.011877090944098816
sigmoid,0.1,895.1083420566432,1999.969512033445,13,0,,0.35455,True,20,0,False,5,0.023754181888197633
sigmoid,0.2,893.4599709888505,1996.2875339509437,13,0,,0.4089,True,20,0,False,5,0.047508363776395265
sigmoid,0.35,890.0638141947566,1988.703359279873,13,0,,0.51725,True,19,0,False,5,0.08313963660869171
sigmoid,0.5,886.4656095912608,1980.6707786255843,13,0,,0.64135,True,19,0,False,5,0.11877090944098816
sigmoid,1.0,876.3601423157749,1958.124789073017,13,0,,0.8651,True,18,0,True,5,0.2375418188819763
sigmoid,0.02,616.7422296521318,1377.1022538179127,14,0,,0.33655,True,19,0,False,5,0.005104760792459683
sigmoid,0.05,616.7198601224666,1377.0528176124071,14,0,,0.35125,True,19,0,False,5,0.012761901981149208
sigmoid,0.1,616.6407494843913,1376.8779797208579,14,0,,0.3591,True,19,0,False,5,0.025523803962298416
sigmoid,0.2,616.3360259955028,1376.2044548076983,14,0,,0.41255,True,19,0,False,5,0.05104760792459683
sigmoid,0.35,615.5841263635555,1374.5420423242101,14,0,,0.52695,True,19,0,False,5,0.08933331386804444
sigmoid,0.5,614.6217135977415,1372.413118362517,14,0,,0.65435,True,19,0,False,5,0.12761901981149207
sigmoid,1.0,611.4795958516668,1365.452408405558,14,0,,0.88225,True,18,0,True,5,0.25523803962298414
sigmoid,0.02,34.386086010023526,74.70223564663168,15,0,,0.43735,True,24,0,False,5,0.002832562529166412
sigmoid,0.05,34.37732894637487,74.68774507639289,15,0,,0.44485,True,24,0,False,5,0.00708140632291603
sigmoid,0.1,34.34665586896925,74.63620733935096,15,0,,0.4893,True,23,0,False,5,0.01416281264583206
sigmoid,0.2,34.23196082726741,74.43392195791294,15,0,,0.6357,True,23,0,False,5,0.02832562529166412
sigmoid,0.35,33.96219509289727,73.91472124226024,15,0,,0.83345,True,23,0,False,5,0.04956984426041221
sigmoid,0.5,33.626330888265116,73.21794250490504,15,0,,0.93325,True,22,0,False,5,0.0708140632291603
sigmoid,1.0,32.50581104306195,70.73543302050169,15,0,,0.9938,True,21,0,True,5,0.1416281264583206
sigmoid,0.02,830.6288432825501,1856.7880217504114,16,0,,0.3966,True,23,0,False,5,0.002957887308021727
sigmoid,0.05,830.503825944709,1856.5099718347524,16,0,,0.40185,True,23,0,False,5,0.007394718270054317
sigmoid,0.1,830.0725890886063,1855.550710099762,16,0,,0.4325,True,23,0,False,5,0.014789436540108634
sigmoid,0.2,828.5455294426067,1852.151873527323,16,0,,0.5086,True,22,0,False,5,0.02957887308021727
sigmoid,0.35,825.3820228049065,1845.1006199028054,16,0,,0.67355,True,22,0,False,5,0.05176302789038021
sigmoid,0.5,822.0012512581495,1837.5517995554285,16,0,,0.7976,True,21,0,False,5,0.07394718270054317
sigmoid,1.0,812.3074578633068,1815.8695961374851,16,0,,0.95715,True,20,0,True,5,0.14789436540108633
sigmoid,0.02,484.02886508192034,1081.667781585919,17,0,,0.38655,True,22,0,False,5,0.004279741835882655
sigmoid,0.05,481.7583652092343,1076.5907910795027,17,0,,0.3947,True,22,0,False,5,0.010699354589706639
sigmoid,0.1,474.1597861974569,1059.599854637721,17,0,,0.4141,True,21,0,False,5,0.021398709179413278
sigmoid,0.2,449.94386929267085,1005.4513883941594,17,0,,0.4778,True,21,0,False,5,0.042797418358826556
sigmoid,0.35,410.8022952304267,917.9278012550963,17,0,,0.6074,True,21,0,False,5,0.07489548212794646
sigmoid,0.5,380.98395389538393,851.2508031879,17,0,,0.7365,True,20,0,False,5,0.10699354589706637
sigmoid,1.0,333.415747226156,744.8730844675225,17,0,,0.9206,True,19,0,True,5,0.21398709179413275
sigmoid,0.02,1051.6390278773638,2351.1367509482734,18,0,,0.42355,True,23,0,False,5,0.003056174085071794
sigmoid,0.05,1045.546841448249,2337.5149096714804,18,0,,0.4294,True,23,0,False,5,0.007640435212679485
sigmoid,0.1,1025.119955331123,2291.841385697382,18,0,,0.4812,True,23,0,False,5,0.01528087042535897
sigmoid,0.2,959.7048415356751,2145.576566703077,18,0,,0.59035,True,23,0,False,5,0.03056174085071794
sigmoid,0.35,853.666281169871,1908.4787756965563,18,0,,0.78595,True,22,0,False,5,0.05348304648875639
sigmoid,0.5,773.7869774744215,1729.8661080595448,18,0,,0.8865,True,22,0,False,5,0.07640435212679485
sigmoid,1.0,651.8121747742161,1457.0696102343634,18,0,,0.9806,True,21,0,True,5,0.1528087042535897
sigmoid,0.02,502.3556981261657,1122.7440696524682,19,0,,0.40855,True,23,0,False,5,0.0029692681260966723
sigmoid,0.05,499.69520694025385,1116.8021449456683,19,0,,0.41855,True,23,0,False,5,0.0074231703152416815
sigmoid,0.1,490.69011580832614,1096.6897175060562,19,0,,0.4403,True,23,0,False,5,0.014846340630483363
sigmoid,0.2,460.9652335499216,1030.2948481339993,19,0,,0.53535,True,23,0,False,5,0.029692681260966726
sigmoid,0.35,409.88767375607506,916.1826461978823,19,0,,0.703,True,22,0,False,5,0.051962192206691765
sigmoid,0.5,369.13408312188596,825.109976582653,19,0,,0.82965,True,22,0,False,5,0.07423170315241681
sigmoid,1.0,303.7230688745054,678.8653020392491,19,0,,0.9649,True,20,0,True,5,0.14846340630483362
sigmoid,0.02,900.4585979676642,2011.7339566206917,1,0,,0.22645,True,18,0,False,5,0.0038824708537098514
sigmoid,0.05,900.3134033840337,2011.409312753728,1,0,,0.22,True,18,0,False,5,0.00970617713427463
sigmoid,0.1,899.813776385937,2010.2921846363934,1,0,,0.23215,True,18,0,False,5,0.01941235426854926
sigmoid,0.2,898.0582725150105,2006.3669929121174,1,0,,0.2524,True,18,0,False,5,0.03882470853709852
sigmoid,0.35,894.475445771672,1998.3558001532488,1,0,,0.3036,True,18,0,False,5,0.06794323993992239
sigmoid,0.5,890.7023589009723,1989.9183934734644,1,0,,0.37895,True,19,0,False,5,0.09706177134274628
sigmoid,1.0,880.0533779562722,1966.0930137539024,1,0,,0.5719,True,18,0,True,5,0.19412354268549256
sigmoid,0.02,526.9924804817981,1177.3873208172213,2,0,,0.3306,True,20,0,False,5,0.004820637204949298
sigmoid,0.05,526.9747166541415,1177.3473752965351,2,0,,0.3277,True,20,0,False,5,0.012051593012373246
sigmoid,0.1,526.9118910282838,1177.206094787268,2,0,,0.3464,True,20,0,False,5,0.02410318602474649
sigmoid,0.2,526.669848904195,1176.6617296388392,2,0,,0.3872,True,19,0,False,5,0.04820637204949298
sigmoid,0.35,526.0723115043882,1175.3173416626762,2,0,,0.4831,True,19,0,False,5,0.08436115108661271
sigmoid,0.5,525.3068991735954,1173.5940637652204,2,0,,0.58885,True,19,0,False,5,0.12051593012373245
sigmoid,1.0,522.8048279707235,1167.946360322606,2,0,,0.81945,True,18,0,True,5,0.2410318602474649
sigmoid,0.02,71.24350644343413,158.92906881631842,3,0,,0.3862,True,23,0,False,5,0.0031016381797909997
sigmoid,0.05,71.24118972154294,158.92490714143776,3,0,,0.39185,True,23,0,False,5,0.007754095449477499
sigmoid,0.1,71.23305460430507,158.9101436917951,3,0,,0.42435,True,23,0,False,5,0.015508190898954999
sigmoid,0.2,71.20245253294851,158.85267570454786,3,0,,0.5038,True,22,0,False,5,0.031016381797909998
sigmoid,0.35,71.13042416125235,158.70761756999488,3,0,,0.64545,True,21,0,False,5,0.054278668146342496
sigmoid,0.5,71.04231039425905,158.51690034700178,3,0,,0.7506,True,21,0,False,5,0.077540954494775
sigmoid,1.0,70.76626508356806,157.8652343206633,3,0,,0.8926,True,21,0,True,5,0.15508190898955
sigmoid,0.02,729.9677547674612,1630.5771176413123,4,0,,0.3816,True,24,0,False,5,0.00198068699139613
sigmoid,0.05,729.8288425060725,1630.2978963714793,4,0,,0.396,True,24,0,False,5,0.004951717478490325
sigmoid,0.1,729.3543815990349,1629.3371025014321,4,0,,0.45175,True,24,0,False,5,0.00990343495698065
sigmoid,0.2,727.7242724512046,1625.9666351665112,4,0,,0.63,True,24,0,False,5,0.0198068699139613
sigmoid,0.35,724.528979210162,1619.1520682928774,4,0,,0.8314,True,23,0,False,5,0.03466202234943227
sigmoid,0.5,721.3027573060025,1612.1157162866152,4,0,,0.9216,True,23,0,False,5,0.049517174784903244
sigmoid,1.0,712.7823997640425,1593.2319831131429,4,0,,0.9864,True,21,0,True,5,0.09903434956980649
sigmoid,0.02,927.8483012093769,2073.9616253248996,5,0,,0.42345,True,23,0,False,5,0.002927599468097563
sigmoid,0.05,927.6992030889663,2073.628531326913,5,0,,0.42425,True,23,0,False,5,0.0073189986702439066
sigmoid,0.1,927.1860235063061,2072.482066085246,5,0,,0.4647,True,23,0,False,5,0.014637997340487813
sigmoid,0.2,925.381769643613,2068.4513527280965,5,0,,0.5791,True,23,0,False,5,0.029275994680975626
sigmoid,0.35,921.6975528492073,2060.220646076471,5,0,,0.7614,True,22,0,False,5,0.05123299069170734
sigmoid,0.5,917.8211024591461,2051.5591183787456,5,0,,0.8749,True,22,0,False,5,0.07318998670243906
sigmoid,1.0,906.9355584565026,2027.2206206946478,5,0,,0.9772,True,21,0,True,5,0.14637997340487813
sigmoid,0.02,58.770108447532195,130.55593066732246,6,0,,0.2556,True,20,0,False,5,0.004748301683895139
sigmoid,0.05,58.75650740055861,130.52549422041676,6,0,,0.2633,True,20,0,False,5,0.01187075420973785
sigmoid,0.1,58.70833239962127,130.41768471573883,6,0,,0.2731,True,20,0,False,5,0.0237415084194757
sigmoid,0.2,58.52167972852218,129.99992875483017,6,0,,0.33185,True,20,0,False,5,0.0474830168389514
sigmoid,0.35,58.05362816984742,128.95198207898343,6,0,,0.46165,True,20,0,False,5,0.08309527946816493
sigmoid,0.5,57.438656885151794,127.57416299287075,6,0,,0.5953,True,19,0,False,5,0.11870754209737848
sigmoid,1.0,55.302366179761954,122.77586437391454,6,0,,0.84345,True,18,0,True,5,0.23741508419475696
sigmoid,0.02,126.44740039377234,282.3009141195641,7,0,,0.3146,True,21,0,False,5,0.0031203416955500295
sigmoid,0.05,126.41986759464059,282.2394780920026,7,0,,0.3283,True,21,0,False,5,0.0078008542388750745
sigmoid,0.1,126.32255642772243,282.022337101281,7,0,,0.33595,True,21,0,False,5,0.015601708477750149
sigmoid,0.2,125.9485924496892,281.18782360811343,7,0,,0.39285,True,20,0,False,5,0.031203416955500298
sigmoid,0.35,125.03168346399714,279.1413782759132,7,0,,0.5043,True,20,0,False,5,0.054605979672125514
sigmoid,0.5,123.8700745865622,276.54804427819994,7,0,,0.63555,True,20,0,False,5,0.07800854238875074
sigmoid,1.0,120.1709814807185,268.2822687643473,7,0,,0.8653,True,19,0,True,5,0.15601708477750148
sigmoid,0.02,1155.5687280474049,2582.6011017847213,8,0,,0.41565,True,24,0,False,5,0.002603128241455382
sigmoid,0.05,1148.836408856238,2567.5493220441294,8,0,,0.4242,True,23,0,False,5,0.006507820603638455
sigmoid,0.1,1126.3684881217755,2517.316681031668,8,0,,0.4624,True,23,0,False,5,0.01301564120727691
sigmoid,0.2,1055.4545051960263,2358.770510914535,8,0,,0.57285,True,23,0,False,5,0.02603128241455382
sigmoid,0.35,943.438836900448,2108.3271170340336,8,0,,0.7486,True,23,0,False,5,0.04555474422546918
sigmoid,0.5,860.8759678224851,1923.724938566907,8,0,,0.8488,True,22,0,False,5,0.06507820603638455
sigmoid,1.0,735.9516661424592,1644.3700321529866,8,0,,0.95825,True,21,0,True,5,0.1301564120727691
sigmoid,0.02,830.4510057795421,1855.758927733133,9,0,,0.37855,True,20,0,False,5,0.004494907347060824
sigmoid,0.05,830.3127646539572,1855.453248733623,9,0,,0.3856,True,20,0,False,5,0.011237268367652061
sigmoid,0.1,829.8375741273915,1854.4014096926471,9,0,,0.3983,True,20,0,False,5,0.022474536735304123
sigmoid,0.2,828.1747441193718,1850.7084514866729,9,0,,0.45545,True,20,0,False,5,0.044949073470608246
sigmoid,0.35,824.8190738709056,1843.210218598621,9,0,,0.58365,True,20,0,False,5,0.07866087857356442
sigmoid,0.5,821.3478208203371,1835.4136962525986,9,0,,0.7011,True,19,0,False,5,0.1123726836765206
sigmoid,1.0,811.9422239212029,1814.2352799871019,9,0,,0.9037,True,19,0,True,5,0.2247453673530412
