benchmark,conditional_clipped_eigenvalues,conditional_jitter,conditional_min_eigenvalue_raw,data_seed,delta,delta_ratio,derivative_covariance_jitter,derivative_support_violation,fit_source,loglog_mse_slope,mae,mse,opt_seed,pearson_correlation,run_id,sampling_implementation,sign_agreement,status
log,6,0.0,-3.387414442919943e-14,12,0.5,0.05,1e-10,0.0,finite_difference_optimization,2.1971463368450803,0.0009838026489698607,1.644527262069934e-06,0,0.9999861696383321,finite_difference_log_data12_opt0,centered-difference linear functional; distributionally equivalent to joint endpoint sampling,1.0,completed
log,6,0.0,-1.4195813942274167e-13,12,0.25,0.025,1e-10,0.0,finite_difference_optimization,2.1971463368450803,0.00025953863105906565,1.1849141203572758e-07,0,0.9999988329278613,finite_difference_log_data12_opt0,centered-difference linear functional; distributionally equivalent to joint endpoint sampling,1.0,completed
log,6,0.0,-6.883017609579849e-13,12,0.125,0.0125,1e-10,0.0,finite_difference_optimization,2.1971463368450803,0.00011891733538351297,2.3535608777553595e-08,0,0.9999996217804092,finite_difference_log_data12_opt0,centered-difference linear functional; distributionally equivalent to joint endpoint sampling,1.0,completed
log,6,0.0,-2.3833797851155503e-12,12,0.0625,0.00625,1e-10,0.0,finite_difference_optimization,2.1971463368450803,0.00010173144706397211,1.75929384264793e-08,0,0.9999996711523379,finite_difference_log_data12_opt0,centered-difference linear functional; distributionally equivalent to joint endpoint sampling,1.0,completed
log,6,0.0,-3.387414442919943e-14,12,0.5,0.05,1e-10,0.0,finite_difference_optimization,2.888510902382949,0.001287924961710992,3.2211819122637214e-06,1,0.9999843079139747,finite_difference_log_data12_opt1,centered-difference linear functional; distributionally equivalent to joint endpoint sampling,1.0,completed
log,6,0.0,-1.4195813942274167e-13,12,0.25,0.025,1e-10,0.0,finite_difference_optimization,2.888510902382949,0.00033363208932382817,2.0905720155649358e-07,1,0.999998838833707,finite_difference_log_data12_opt1,centered-difference linear functional; distributionally equivalent to joint endpoint sampling,1.0,completed
log,6,0.0,-6.883017609579849e-13,12,0.125,0.0125,1e-10,0.0,finite_difference_optimization,2.888510902382949,0.00011217854037755979,2.0587893330656577e-08,1,0.9999997621349315,finite_difference_log_data12_opt1,centered-difference linear functional; distributionally equivalent to joint endpoint sampling,1.0,completed
log,6,0.0,-2.3833797851155503e-12,12,0.0625,0.00625,1e-10,0.0,finite_difference_optimization,2.888510902382949,7.432169303509829e-05,8.813293734019447e-09,1,0.9999998199892598,finite_difference_log_data12_opt1,centered-difference linear functional; distributionally equivalent to joint endpoint sampling,1.0,completed
log,6,0.0,-3.387414442919943e-14,12,0.5,0.05,1e-10,0.0,finite_difference_optimization,2.787564181951227,0.0011909407325551265,2.8523307843341656e-06,2,0.9999806992578935,finite_difference_log_data12_opt2,centered-difference linear functional; distributionally equivalent to joint endpoint sampling,1.0,completed
log,6,0.0,-1.4195813942274167e-13,12,0.25,0.025,1e-10,0.0,finite_difference_optimization,2.787564181951227,0.0003120535942755691,1.8646395627759543e-07,2,0.9999985968473506,finite_difference_log_data12_opt2,centered-difference linear functional; distributionally equivalent to joint endpoint sampling,1.0,completed
log,6,0.0,-6.883017609579849e-13,12,0.125,0.0125,1e-10,0.0,finite_difference_optimization,2.787564181951227,0.00011066724032967755,1.998383093756886e-08,2,0.9999997294271937,finite_difference_log_data12_opt2,centered-difference linear functional; distributionally equivalent to joint endpoint sampling,1.0,completed
log,6,0.0,-2.3833797851155503e-12,12,0.0625,0.00625,1e-10,0.0,finite_difference_optimization,2.787564181951227,7.740676547700296e-05,9.580109940280866e-09,2,0.99999980047819,finite_difference_log_data12_opt2,centered-difference linear functional; distributionally equivalent to joint endpoint sampling,1.0,completed
log,6,0.0,-3.387414442919943e-14,12,0.5,0.05,1e-10,0.0,finite_difference_optimization,2.63995444438048,0.0012178069333751275,2.6584370827518907e-06,3,0.9999844696607674,finite_difference_log_data12_opt3,centered-difference linear functional; distributionally equivalent to joint endpoint sampling,1.0,completed
log,6,0.0,-1.4195813942274167e-13,12,0.25,0.025,1e-10,0.0,finite_difference_optimization,2.63995444438048,0.0003156645557979913,1.7612336635011419e-07,3,0.9999987811195777,finite_difference_log_data12_opt3,centered-difference linear functional; distributionally equivalent to joint endpoint sampling,1.0,completed
log,6,0.0,-6.883017609579849e-13,12,0.125,0.0125,1e-10,0.0,finite_difference_optimization,2.63995444438048,0.00011656475383718254,2.1640547461585757e-08,3,0.9999996811555486,finite_difference_log_data12_opt3,centered-difference linear functional; distributionally equivalent to joint endpoint sampling,1.0,completed
log,6,0.0,-2.3833797851155503e-12,12,0.0625,0.00625,1e-10,0.0,finite_difference_optimization,2.63995444438048,8.519875502235801e-05,1.1998428872493826e-08,3,0.9999997374826861,finite_difference_log_data12_opt3,centered-difference linear functional; distributionally equivalent to joint endpoint sampling,1.0,completed
log,6,0.0,-3.387414442919943e-14,12,0.5,0.05,1e-10,0.0,finite_difference_optimization,2.435536253833176,0.0008880230678110696,1.266318544589657e-06,4,0.9999876836942304,finite_difference_log_data12_opt4,centered-difference linear functional; distributionally equivalent to joint endpoint sampling,1.0,completed
log,6,0.0,-1.4195813942274167e-13,12,0.25,0.025,1e-10,0.0,finite_difference_optimization,2.435536253833176,0.00023077001839672055,8.666554631281826e-08,4,0.999999056804184,finite_difference_log_data12_opt4,centered-difference linear functional; distributionally equivalent to joint endpoint sampling,1.0,completed
log,6,0.0,-6.883017609579849e-13,12,0.125,0.0125,1e-10,0.0,finite_difference_optimization,2.435536253833176,9.12580078541198e-05,1.3135476188999179e-08,4,0.9999997667817179,finite_difference_log_data12_opt4,centered-difference linear functional; distributionally equivalent to joint endpoint sampling,1.0,completed
log,6,0.0,-2.3833797851155503e-12,12,0.0625,0.00625,1e-10,0.0,finite_difference_optimization,2.435536253833176,7.256190633643251e-05,8.54630313403472e-09,4,0.9999998110721269,finite_difference_log_data12_opt4,centered-difference linear functional; distributionally equivalent to joint endpoint sampling,1.0,completed
log,6,0.0,-3.387414442919943e-14,12,0.5,0.05,1e-10,0.0,finite_difference_optimization,2.7026984228465083,0.0011803283352214498,2.7255522646689327e-06,5,0.9999784984424976,finite_difference_log_data12_opt5,centered-difference linear functional; distributionally equivalent to joint endpoint sampling,1.0,completed
log,6,0.0,-1.4195813942274167e-13,12,0.25,0.025,1e-10,0.0,finite_difference_optimization,2.7026984228465083,0.0003067336904430054,1.7991565174862504e-07,5,0.9999984186133026,finite_difference_log_data12_opt5,centered-difference linear functional; distributionally equivalent to joint endpoint sampling,1.0,completed
log,6,0.0,-6.883017609579849e-13,12,0.125,0.0125,1e-10,0.0,finite_difference_optimization,2.7026984228465083,0.00011195895216820741,2.0795783688149796e-08,5,0.9999996771275164,finite_difference_log_data12_opt5,centered-difference linear functional; distributionally equivalent to joint endpoint sampling,1.0,completed
log,6,0.0,-2.3833797851155503e-12,12,0.0625,0.00625,1e-10,0.0,finite_difference_optimization,2.7026984228465083,8.034591617488558e-05,1.086028988543831e-08,5,0.9999997559442252,finite_difference_log_data12_opt5,centered-difference linear functional; distributionally equivalent to joint endpoint sampling,1.0,completed
log,6,0.0,-3.387414442919943e-14,12,0.5,0.05,1e-10,0.0,finite_difference_optimization,2.3295137227371674,0.0009471291588156889,1.5329353395687944e-06,6,0.9999854002935462,finite_difference_log_data12_opt6,centered-difference linear functional; distributionally equivalent to joint endpoint sampling,1.0,completed
log,6,0.0,-1.4195813942274167e-13,12,0.25,0.025,1e-10,0.0,finite_difference_optimization,2.3295137227371674,0.0002540895107413942,1.0715263904466085e-07,6,0.9999988475341001,finite_difference_log_data12_opt6,centered-difference linear functional; distributionally equivalent to joint endpoint sampling,1.0,completed
log,6,0.0,-6.883017609579849e-13,12,0.125,0.0125,1e-10,0.0,finite_difference_optimization,2.3295137227371674,0.00010841288599185587,1.826090258688866e-08,6,0.999999686263871,finite_difference_log_data12_opt6,centered-difference linear functional; distributionally equivalent to joint endpoint sampling,1.0,completed
log,6,0.0,-2.3833797851155503e-12,12,0.0625,0.00625,1e-10,0.0,finite_difference_optimization,2.3295137227371674,8.800814902005765e-05,1.2710784649662931e-08,6,0.999999738516863,finite_difference_log_data12_opt6,centered-difference linear functional; distributionally equivalent to joint endpoint sampling,1.0,completed
log,6,0.0,-3.387414442919943e-14,12,0.5,0.05,1e-10,0.0,finite_difference_optimization,2.4295304980201586,0.0009071435956990858,1.2806634888512444e-06,7,0.9999865908649324,finite_difference_log_data12_opt7,centered-difference linear functional; distributionally equivalent to joint endpoint sampling,1.0,completed
log,6,0.0,-1.4195813942274167e-13,12,0.25,0.025,1e-10,0.0,finite_difference_optimization,2.4295304980201586,0.00023673862679888348,8.804108134294173e-08,7,0.9999989819011104,finite_difference_log_data12_opt7,centered-difference linear functional; distributionally equivalent to joint endpoint sampling,1.0,completed
log,6,0.0,-6.883017609579849e-13,12,0.125,0.0125,1e-10,0.0,finite_difference_optimization,2.4295304980201586,9.307332488023455e-05,1.3410398837882925e-08,7,0.9999997572220976,finite_difference_log_data12_opt7,centered-difference linear functional; distributionally equivalent to joint endpoint sampling,1.0,completed
log,6,0.0,-2.3833797851155503e-12,12,0.0625,0.00625,1e-10,0.0,finite_difference_optimization,2.4295304980201586,7.363695633461566e-05,8.74938918724995e-09,7,0.9999998057046072,finite_difference_log_data12_opt7,centered-difference linear functional; distributionally equivalent to joint endpoint sampling,1.0,completed
log,6,0.0,-3.387414442919943e-14,12,0.5,0.05,1e-10,0.0,finite_difference_optimization,2.5075514453476813,0.0012431795885090205,2.62873094772979e-06,8,0.9999878961166093,finite_difference_log_data12_opt8,centered-difference linear functional; distributionally equivalent to joint endpoint sampling,1.0,completed
log,6,0.0,-1.4195813942274167e-13,12,0.25,0.025,1e-10,0.0,finite_difference_optimization,2.5075514453476813,0.0003231190250799724,1.7777587898264006e-07,8,0.9999989822513076,finite_difference_log_data12_opt8,centered-difference linear functional; distributionally equivalent to joint endpoint sampling,1.0,completed
log,6,0.0,-6.883017609579849e-13,12,0.125,0.0125,1e-10,0.0,finite_difference_optimization,2.5075514453476813,0.00012479569834054132,2.495441387548349e-08,8,0.9999996806787529,finite_difference_log_data12_opt8,centered-difference linear functional; distributionally equivalent to joint endpoint sampling,1.0,completed
log,6,0.0,-2.3833797851155503e-12,12,0.0625,0.00625,1e-10,0.0,finite_difference_optimization,2.5075514453476813,9.673916989639826e-05,1.54108746975564e-08,8,0.9999997245563103,finite_difference_log_data12_opt8,centered-difference linear functional; distributionally equivalent to joint endpoint sampling,1.0,completed
log,6,0.0,-3.387414442919943e-14,12,0.5,0.05,1e-10,0.0,finite_difference_optimization,2.7213164145182516,0.0011432187655227705,2.295967079696818e-06,9,0.9999846383287342,finite_difference_log_data12_opt9,centered-difference linear functional; distributionally equivalent to joint endpoint sampling,1.0,completed
log,6,0.0,-1.4195813942274167e-13,12,0.25,0.025,1e-10,0.0,finite_difference_optimization,2.7213164145182516,0.00029763517402683865,1.5140851712897755e-07,9,0.9999988587568667,finite_difference_log_data12_opt9,centered-difference linear functional; distributionally equivalent to joint endpoint sampling,1.0,completed
log,6,0.0,-6.883017609579849e-13,12,0.125,0.0125,1e-10,0.0,finite_difference_optimization,2.7213164145182516,0.00010443331911963959,1.7208671783585097e-08,9,0.9999997564689435,finite_difference_log_data12_opt9,centered-difference linear functional; distributionally equivalent to joint endpoint sampling,1.0,completed
log,6,0.0,-2.3833797851155503e-12,12,0.0625,0.00625,1e-10,0.0,finite_difference_optimization,2.7213164145182516,7.379695614766725e-05,8.81266131989662e-09,9,0.9999998127580998,finite_difference_log_data12_opt9,centered-difference linear functional; distributionally equivalent to joint endpoint sampling,1.0,completed
sigmoid,0,0.0,4.3289370434713634e-13,13,0.5,0.05,1e-10,0.0,finite_difference_optimization,3.937096064330028,0.04288634462581776,0.008435394087373283,0,0.9959178630382256,finite_difference_sigmoid_data13_opt0,centered-difference linear functional; distributionally equivalent to joint endpoint sampling,0.97968,completed
sigmoid,0,0.0,3.098051545864759e-11,13,0.25,0.025,1e-10,0.0,finite_difference_optimization,3.937096064330028,0.011351448492410559,0.0005847451513644566,0,0.9997472107310242,finite_difference_sigmoid_data13_opt0,centered-difference linear functional; distributionally equivalent to joint endpoint sampling,0.9972,completed
sigmoid,0,0.0,7.274920358229344e-11,13,0.125,0.0125,1e-10,0.0,finite_difference_optimization,3.937096064330028,0.0028830410444161264,3.752966426262665e-05,0,0.9999842406230468,finite_difference_sigmoid_data13_opt0,centered-difference linear functional; distributionally equivalent to joint endpoint sampling,0.99998,completed
sigmoid,0,0.0,8.993130905789196e-11,13,0.0625,0.00625,1e-10,0.0,finite_difference_optimization,3.937096064330028,0.0007238945701282184,2.360601378295947e-06,0,0.9999990158271832,finite_difference_sigmoid_data13_opt0,centered-difference linear functional; distributionally equivalent to joint endpoint sampling,1.0,completed
sigmoid,0,0.0,4.3289370434713634e-13,13,0.5,0.05,1e-10,0.0,finite_difference_optimization,3.9381043236823876,0.04282263853295086,0.008438994953724395,1,0.9959615115190305,finite_difference_sigmoid_data13_opt1,centered-difference linear functional; distributionally equivalent to joint endpoint sampling,0.98159,completed
sigmoid,0,0.0,3.098051545864759e-11,13,0.25,0.025,1e-10,0.0,finite_difference_optimization,3.9381043236823876,0.011320771691760548,0.0005834002695378754,1,0.9997502943918825,finite_difference_sigmoid_data13_opt1,centered-difference linear functional; distributionally equivalent to joint endpoint sampling,0.99777,completed
sigmoid,0,0.0,7.274920358229344e-11,13,0.125,0.0125,1e-10,0.0,finite_difference_optimization,3.9381043236823876,0.0028747229190609915,3.7440756112943775e-05,1,0.9999844294904157,finite_difference_sigmoid_data13_opt1,centered-difference linear functional; distributionally equivalent to joint endpoint sampling,0.99999,completed
sigmoid,0,0.0,8.993130905789196e-11,13,0.0625,0.00625,1e-10,0.0,finite_difference_optimization,3.9381043236823876,0.0007218893057651876,2.3561682917880145e-06,1,0.9999990271459167,finite_difference_sigmoid_data13_opt1,centered-difference linear functional; distributionally equivalent to joint endpoint sampling,1.0,completed
sigmoid,0,0.0,4.3289370434713634e-13,13,0.5,0.05,1e-10,0.0,finite_difference_optimization,3.9385886708892843,0.043013335117274704,0.008596690947447198,2,0.9958821564792292,finite_difference_sigmoid_data13_opt2,centered-difference linear functional; distributionally equivalent to joint endpoint sampling,0.98034,completed
sigmoid,0,0.0,3.098051545864759e-11,13,0.25,0.025,1e-10,0.0,finite_difference_optimization,3.9385886708892843,0.011362355586130045,0.0005948560594535245,2,0.9997451410087352,finite_difference_sigmoid_data13_opt2,centered-difference linear functional; distributionally equivalent to joint endpoint sampling,0.99786,completed
sigmoid,0,0.0,7.274920358229344e-11,13,0.125,0.0125,1e-10,0.0,finite_difference_optimization,3.9385886708892843,0.0028827627616112854,3.812731003011074e-05,2,0.9999841326444178,finite_difference_sigmoid_data13_opt2,centered-difference linear functional; distributionally equivalent to joint endpoint sampling,1.0,completed
sigmoid,0,0.0,8.993130905789196e-11,13,0.0625,0.00625,1e-10,0.0,finite_difference_optimization,3.9385886708892843,0.0007238546392724162,2.3985316502390647e-06,2,0.999999008973734,finite_difference_sigmoid_data13_opt2,centered-difference linear functional; distributionally equivalent to joint endpoint sampling,1.0,completed
sigmoid,0,0.0,4.3289370434713634e-13,13,0.5,0.05,1e-10,0.0,finite_difference_optimization,3.9374549863772303,0.04321196707238834,0.008689906834610267,3,0.9958807020847095,finite_difference_sigmoid_data13_opt3,centered-difference linear functional; distributionally equivalent to joint endpoint sampling,0.98236,completed
sigmoid,0,0.0,3.098051545864759e-11,13,0.25,0.025,1e-10,0.0,finite_difference_optimization,3.9374549863772303,0.011425476716121184,0.000602026912284896,3,0.9997449882685944,finite_difference_sigmoid_data13_opt3,centered-difference linear functional; distributionally equivalent to joint endpoint sampling,0.99809,completed
sigmoid,0,0.0,7.274920358229344e-11,13,0.125,0.0125,1e-10,0.0,finite_difference_optimization,3.9374549863772303,0.0029001922226437513,3.861612990817434e-05,3,0.9999841097978652,finite_difference_sigmoid_data13_opt3,centered-difference linear functional; distributionally equivalent to joint endpoint sampling,1.0,completed
sigmoid,0,0.0,8.993130905789196e-11,13,0.0625,0.00625,1e-10,0.0,finite_difference_optimization,3.9374549863772303,0.0007280023111470047,2.4302856084779546e-06,3,0.9999990076639395,finite_difference_sigmoid_data13_opt3,centered-difference linear functional; distributionally equivalent to joint endpoint sampling,1.0,completed
sigmoid,0,0.0,4.3289370434713634e-13,13,0.5,0.05,1e-10,0.0,finite_difference_optimization,3.936508065631586,0.043439594276381825,0.00884257824089227,4,0.9958584449559211,finite_difference_sigmoid_data13_opt4,centered-difference linear functional; distributionally equivalent to joint endpoint sampling,0.98096,completed
sigmoid,0,0.0,3.098051545864759e-11,13,0.25,0.025,1e-10,0.0,finite_difference_optimization,3.936508065631586,0.011503385993742902,0.0006144581410054593,4,0.9997429715175358,finite_difference_sigmoid_data13_opt4,centered-difference linear functional; distributionally equivalent to joint endpoint sampling,0.99775,completed
sigmoid,0,0.0,7.274920358229344e-11,13,0.125,0.0125,1e-10,0.0,finite_difference_optimization,3.936508065631586,0.0029189498311759654,3.9402099333687136e-05,4,0.9999839924387279,finite_difference_sigmoid_data13_opt4,centered-difference linear functional; distributionally equivalent to joint endpoint sampling,0.99999,completed
sigmoid,0,0.0,8.993130905789196e-11,13,0.0625,0.00625,1e-10,0.0,finite_difference_optimization,3.936508065631586,0.0007328354864591063,2.478638579710128e-06,4,0.9999990003344682,finite_difference_sigmoid_data13_opt4,centered-difference linear functional; distributionally equivalent to joint endpoint sampling,1.0,completed
sigmoid,0,0.0,4.3289370434713634e-13,13,0.5,0.05,1e-10,0.0,finite_difference_optimization,3.936746471763376,0.043400877121587994,0.008738242398934086,5,0.9957759350122871,finite_difference_sigmoid_data13_opt5,centered-difference linear functional; distributionally equivalent to joint endpoint sampling,0.98105,completed
sigmoid,0,0.0,3.098051545864759e-11,13,0.25,0.025,1e-10,0.0,finite_difference_optimization,3.936746471763376,0.01148808749824533,0.0006064417916825665,5,0.9997381554124855,finite_difference_sigmoid_data13_opt5,centered-difference linear functional; distributionally equivalent to joint endpoint sampling,0.99773,completed
sigmoid,0,0.0,7.274920358229344e-11,13,0.125,0.0125,1e-10,0.0,finite_difference_optimization,3.936746471763376,0.002915150043935902,3.889796719703176e-05,5,0.9999836876468385,finite_difference_sigmoid_data13_opt5,centered-difference linear functional; distributionally equivalent to joint endpoint sampling,1.0,completed
sigmoid,0,0.0,8.993130905789196e-11,13,0.0625,0.00625,1e-10,0.0,finite_difference_optimization,3.936746471763376,0.0007321347679804937,2.447835612911723e-06,5,0.9999989809605846,finite_difference_sigmoid_data13_opt5,centered-difference linear functional; distributionally equivalent to joint endpoint sampling,1.0,completed
sigmoid,0,0.0,4.3289370434713634e-13,13,0.5,0.05,1e-10,0.0,finite_difference_optimization,3.937364414385974,0.04331677120667254,0.008766999570407328,6,0.9958281793698672,finite_difference_sigmoid_data13_opt6,centered-difference linear functional; distributionally equivalent to joint endpoint sampling,0.98215,completed
sigmoid,0,0.0,3.098051545864759e-11,13,0.25,0.025,1e-10,0.0,finite_difference_optimization,3.937364414385974,0.0114560387809821,0.0006069472923508665,6,0.9997417548665762,finite_difference_sigmoid_data13_opt6,centered-difference linear functional; distributionally equivalent to joint endpoint sampling,0.99811,completed
sigmoid,0,0.0,7.274920358229344e-11,13,0.125,0.0125,1e-10,0.0,finite_difference_optimization,3.937364414385974,0.0029080735628703417,3.897944959020509e-05,6,0.9999838951211254,finite_difference_sigmoid_data13_opt6,centered-difference linear functional; distributionally equivalent to joint endpoint sampling,1.0,completed
sigmoid,0,0.0,8.993130905789196e-11,13,0.0625,0.00625,1e-10,0.0,finite_difference_optimization,3.937364414385974,0.0007302210320574698,2.4513581565061528e-06,6,0.9999989942544805,finite_difference_sigmoid_data13_opt6,centered-difference linear functional; distributionally equivalent to joint endpoint sampling,1.0,completed
sigmoid,0,0.0,4.3289370434713634e-13,13,0.5,0.05,1e-10,0.0,finite_difference_optimization,3.936326524298454,0.04325023864051851,0.008669094116025733,7,0.9958858518273302,finite_difference_sigmoid_data13_opt7,centered-difference linear functional; distributionally equivalent to joint endpoint sampling,0.98109,completed
sigmoid,0,0.0,3.098051545864759e-11,13,0.25,0.025,1e-10,0.0,finite_difference_optimization,3.936326524298454,0.011440807712743094,0.000602168895544461,7,0.9997449237393585,finite_difference_sigmoid_data13_opt7,centered-difference linear functional; distributionally equivalent to joint endpoint sampling,0.99786,completed
sigmoid,0,0.0,7.274920358229344e-11,13,0.125,0.0125,1e-10,0.0,finite_difference_optimization,3.936326524298454,0.002903952441115083,3.862418111104238e-05,7,0.9999841085736825,finite_difference_sigmoid_data13_opt7,centered-difference linear functional; distributionally equivalent to joint endpoint sampling,0.99998,completed
sigmoid,0,0.0,8.993130905789196e-11,13,0.0625,0.00625,1e-10,0.0,finite_difference_optimization,3.936326524298454,0.0007291959538309106,2.430816677774098e-06,7,0.99999900729924,finite_difference_sigmoid_data13_opt7,centered-difference linear functional; distributionally equivalent to joint endpoint sampling,1.0,completed
sigmoid,0,0.0,4.3289370434713634e-13,13,0.5,0.05,1e-10,0.0,finite_difference_optimization,3.937510301420272,0.042817925626282824,0.008516087982750612,8,0.9959394924834621,finite_difference_sigmoid_data13_opt8,centered-difference linear functional; distributionally equivalent to joint endpoint sampling,0.98103,completed
sigmoid,0,0.0,3.098051545864759e-11,13,0.25,0.025,1e-10,0.0,finite_difference_optimization,3.937510301420272,0.011316362962688767,0.0005895871000050862,8,0.999748655629876,finite_difference_sigmoid_data13_opt8,centered-difference linear functional; distributionally equivalent to joint endpoint sampling,0.99764,completed
sigmoid,0,0.0,7.274920358229344e-11,13,0.125,0.0125,1e-10,0.0,finite_difference_optimization,3.937510301420272,0.0028727388784440494,3.782589535771814e-05,8,0.9999843368014469,finite_difference_sigmoid_data13_opt8,centered-difference linear functional; distributionally equivalent to joint endpoint sampling,1.0,completed
sigmoid,0,0.0,8.993130905789196e-11,13,0.0625,0.00625,1e-10,0.0,finite_difference_optimization,3.937510301420272,0.0007214964419634849,2.3812081578330493e-06,8,0.9999990213144858,finite_difference_sigmoid_data13_opt8,centered-difference linear functional; distributionally equivalent to joint endpoint sampling,1.0,completed
sigmoid,0,0.0,4.3289370434713634e-13,13,0.5,0.05,1e-10,0.0,finite_difference_optimization,3.9381098954265914,0.04276220457783778,0.00844194209087841,9,0.995969922631832,finite_difference_sigmoid_data13_opt9,centered-difference linear functional; distributionally equivalent to joint endpoint sampling,0.98114,completed
sigmoid,0,0.0,3.098051545864759e-11,13,0.25,0.025,1e-10,0.0,finite_difference_optimization,3.9381098954265914,0.011305089964340775,0.0005834677280415115,9,0.9997506164965289,finite_difference_sigmoid_data13_opt9,centered-difference linear functional; distributionally equivalent to joint endpoint sampling,0.99766,completed
sigmoid,0,0.0,7.274920358229344e-11,13,0.125,0.0125,1e-10,0.0,finite_difference_optimization,3.9381098954265914,0.002870064913797996,3.748129925369894e-05,9,0.9999844335840635,finite_difference_sigmoid_data13_opt9,centered-difference linear functional; distributionally equivalent to joint endpoint sampling,1.0,completed
sigmoid,0,0.0,8.993130905789196e-11,13,0.0625,0.00625,1e-10,0.0,finite_difference_optimization,3.9381098954265914,0.0007206369794700025,2.356201458998785e-06,9,0.9999990282858514,finite_difference_sigmoid_data13_opt9,centered-difference linear functional; distributionally equivalent to joint endpoint sampling,1.0,completed
