method,reverse_kl,reverse_kl_se,forward_kl,forward_kl_se,tv,tv_se,average_marginal_w1,sliced_w1,mean_relative_error,covariance_relative_error,metric_available,unavailable_reason,experiment,case,data_seed,m_constraints,normalizer_reliable,reference_reliable,logz,validation_elbo,normalized_gradient,converged,wall_time_seconds,jacobian_log_q01,jacobian_log_q50,jacobian_log_q99,minimum_derivative
Standard GP,inf,0.0,0.0,0.0,0.0,0.0,0.00025063694476524893,0.0003882924543691427,0.00011760569718002058,0.019786261105181627,True,,main,linear,0,5,True,True,0.0,,,,,,,,
Projection GP,inf,0.0,0.0,0.0,0.0,0.0,0.00025063694476524893,0.0003882924543691427,0.00011760569718002058,0.019786261105181627,True,,main,linear,0,5,True,True,0.0,,,,,,,,
Basis GP,inf,0.0,inf,0.0,1.0,0.0,0.026783812098919973,0.02814585511675505,0.024311797031922985,1.0,True,,main,linear,0,5,True,True,0.0,,,,,,,,
EP-GP,inf,0.0,-3.9071773827097424e-05,2.603046138844184e-05,0.001536044152694023,8.146704542338933e-06,0.00030397320367419055,0.00045167946850077254,0.0003110873291977235,0.014070125023438441,True,,main,linear,0,5,True,True,0.0,,,,,,,,
CTVGP,5.058549693370845,0.005556864940726185,1209.4863282520025,9.647099977265652,0.9766240676672479,0.00040903386071151714,0.003123875580083704,0.00433873670025027,0.00023950975092302957,0.4308511787452408,True,,main,linear,0,5,True,True,0.0,-5.054239760194495,0.0015553436331127023,True,9.531916599953547,-0.5427537369988409,-0.4615467494482416,-0.42855765380716526,0.8133321351744762
Standard GP,inf,0.0,0.0,0.0,0.0,0.0,0.0003827095081631864,0.0004743570397689215,0.00038588278752294404,0.013491072396347477,True,,main,linear,10,5,True,True,0.0,,,,,,,,
Projection GP,inf,0.0,0.0,0.0,0.0,0.0,0.0003827095081631864,0.0004743570397689215,0.00038588278752294404,0.013491072396347477,True,,main,linear,10,5,True,True,0.0,,,,,,,,
Basis GP,inf,0.0,inf,0.0,1.0,0.0,0.06740564576284827,0.06777782976921545,0.0773935793807479,1.0,True,,main,linear,10,5,True,True,0.0,,,,,,,,
EP-GP,inf,0.0,2.9152476754900885e-06,4.956529985245479e-06,0.00033997415734097027,1.2932731618369733e-06,0.00025520348755984104,0.000659637162543081,0.00013441370892076796,0.008349385588611665,True,,main,linear,10,5,True,True,0.0,,,,,,,,
CTVGP,1.2735879090751498,0.004499935616260049,3.3881296129323766,0.02993187563475092,0.599053263600808,0.0015026741932606127,0.0041764768802883025,0.005499475234472643,0.00011193487597142341,0.40204456497129004,True,,main,linear,10,5,True,True,0.0,-1.2770464072080703,2.3479636366808875e-05,True,5.674589600181207,-0.5125590681582547,-0.4482299528117328,-0.3603367616555799,0.867410866597885
Standard GP,inf,0.0,0.0,0.0,0.0,0.0,0.0002507946077536211,0.0005670236465899608,9.116345324358651e-05,0.029739365722237166,True,,main,linear,11,5,True,True,0.0,,,,,,,,
Projection GP,inf,0.0,0.0,0.0,0.0,0.0,0.0002507946077536211,0.0005670236465899608,9.116345324358651e-05,0.029739365722237166,True,,main,linear,11,5,True,True,0.0,,,,,,,,
Basis GP,inf,0.0,inf,0.0,1.0,0.0,0.022630042046945277,0.02307990408923865,0.018983300523775223,1.0,True,,main,linear,11,5,True,True,0.0,,,,,,,,
EP-GP,inf,0.0,0.003696131532846,0.000543428905179112,0.03473461690028963,0.00018575340980356327,0.00018101912275301525,0.00034898755571342307,0.00011549016003530904,0.013379555478195346,True,,main,linear,11,5,True,True,0.0,,,,,,,,
CTVGP,6.343905063233708,0.00543572991400116,8079.195766462656,65.87624300671338,0.9922379989831125,0.0002255427739080619,0.0008488238590139811,0.001542677136524897,7.600417006817685e-05,0.11282009808610186,True,,main,linear,11,5,True,True,0.0,-6.3415412532370325,0.0022742396203165507,True,9.358730799984187,-0.5343215232681501,-0.47551780196704574,-0.44501790681758535,0.8164987662729344
Standard GP,inf,0.0,0.0,0.0,0.0,0.0,0.00023987921673992527,0.00048419978060495713,0.0001606918845906563,0.005787090303302365,True,,main,linear,12,5,True,True,0.0,,,,,,,,
Projection GP,inf,0.0,0.0,0.0,0.0,0.0,0.00023987921673992527,0.00048419978060495713,0.0001606918845906563,0.005787090303302365,True,,main,linear,12,5,True,True,0.0,,,,,,,,
Basis GP,inf,0.0,inf,0.0,1.0,0.0,0.040274985805659656,0.04228644365107374,0.0457204941542426,1.0,True,,main,linear,12,5,True,True,0.0,,,,,,,,
EP-GP,inf,0.0,3.850553965375761e-06,1.653582447110679e-05,0.0010825973213909126,4.664225523707795e-06,0.00024594873812261095,0.0005133680215979073,0.0002299094328466841,0.00935305395305924,True,,main,linear,12,5,True,True,0.0,,,,,,,,
CTVGP,4.669772275510078,0.005510729445776635,692.7858893133547,5.5966738258275734,0.9684449547312619,0.0004814645694001157,0.003586789092054703,0.005107291749448816,0.0002777410662634771,0.46130793268258996,True,,main,linear,12,5,True,True,0.0,-4.669262897717006,0.000705764078930931,True,7.962613000068814,-0.555962109748657,-0.4697010305136516,-0.4324075120370253,0.7842270294470555
Standard GP,inf,0.0,0.0,0.0,0.0,0.0,0.0004124032113357664,0.000475225211420425,0.00034033427826331937,0.011208621099012606,True,,main,linear,13,5,True,True,0.0,,,,,,,,
Projection GP,inf,0.0,0.0,0.0,0.0,0.0,0.0004124032113357664,0.000475225211420425,0.00034033427826331937,0.011208621099012606,True,,main,linear,13,5,True,True,0.0,,,,,,,,
Basis GP,inf,0.0,inf,0.0,1.0,0.0,0.03347468184899636,0.03487367687175623,0.02796438908973089,1.0,True,,main,linear,13,5,True,True,0.0,,,,,,,,
EP-GP,inf,0.0,1.0054427034610273e-05,7.396279755571179e-05,0.004394829965484427,2.3436703214761525e-05,0.00038700886786081494,0.0005638718853037686,0.0003327904143722594,0.014152553676881325,True,,main,linear,13,5,True,True,0.0,,,,,,,,
CTVGP,5.690092725709719,0.005452896726280751,3168.3615640679695,25.625865749671775,0.9864560139669271,0.00029901936771283667,0.0018467875596935852,0.0027361513584703394,0.0002802189836386842,0.17619704557913832,True,,main,linear,13,5,True,True,0.0,-5.6915550639255486,0.001662900672351436,True,6.8024847998749465,-0.5356411022960971,-0.45811105954524134,-0.42163996766023937,0.7863532203592627
Standard GP,inf,0.0,0.0,0.0,0.0,0.0,0.0002923687786753093,0.0007798227708613241,0.00020330462116827704,0.008745254526870944,True,,main,linear,14,5,True,True,0.0,,,,,,,,
Projection GP,inf,0.0,0.0,0.0,0.0,0.0,0.0002923687786753093,0.0007798227708613241,0.00020330462116827704,0.008745254526870944,True,,main,linear,14,5,True,True,0.0,,,,,,,,
Basis GP,inf,0.0,inf,0.0,1.0,0.0,0.03837504998863769,0.0406796560551339,0.03710863400025625,1.0,True,,main,linear,14,5,True,True,0.0,,,,,,,,
EP-GP,inf,0.0,0.0016318698126571813,0.0003060971827746247,0.0189485286890709,9.910428325189512e-05,0.0007306908188718351,0.0014078272239470468,0.0007788351217770034,0.006612087920408508,True,,main,linear,14,5,True,True,0.0,,,,,,,,
CTVGP,6.220328051353449,0.005425129645822891,6706.602672753737,54.70066134246639,0.9913754949410252,0.00023672255113230383,0.0010850973736539814,0.0016448747211979383,0.00023176812157342196,0.08550525150725528,True,,main,linear,14,5,True,True,0.0,-6.226530552952351,0.004636579437910003,True,6.6164390000049025,-0.5555641043261116,-0.45455052034618604,-0.3989914627563376,0.7545905634854251
Standard GP,inf,0.0,0.0,0.0,0.0,0.0,0.0002134607886054006,0.00039796153094787275,9.45470284378318e-05,0.01039632482124449,True,,main,linear,15,5,True,True,0.0,,,,,,,,
Projection GP,inf,0.0,0.0,0.0,0.0,0.0,0.0002134607886054006,0.00039796153094787275,9.45470284378318e-05,0.01039632482124449,True,,main,linear,15,5,True,True,0.0,,,,,,,,
Basis GP,inf,0.0,inf,0.0,1.0,0.0,0.046203153893087365,0.04910494776025977,0.05184776526147295,1.0,True,,main,linear,15,5,True,True,0.0,,,,,,,,
EP-GP,inf,0.0,0.000479174047167366,0.00023055247263455703,0.013842281504586216,7.521010825486846e-05,0.0003064990730392438,0.0005713377722550587,0.000289086080853129,0.015375346024216016,True,,main,linear,15,5,True,True,0.0,,,,,,,,
CTVGP,6.112214113480034,0.0053993401324545845,5717.391412849884,46.06916015284707,0.9908127336618736,0.0002362104396549902,0.0014194245935968102,0.0019459100317796786,0.00010462069625387415,0.15284151996453652,True,,main,linear,15,5,True,True,0.0,-6.117744229452338,0.0017249991991219239,True,9.466652400093153,-0.5836820058809141,-0.4571656193054706,-0.39543108300088253,0.7089713832747243
Standard GP,inf,0.0,0.0,0.0,0.0,0.0,0.00030197297235226155,0.0004918749205237813,0.00011622489111730396,0.023517720475601356,True,,main,linear,16,5,True,True,0.0,,,,,,,,
Projection GP,inf,0.0,0.0,0.0,0.0,0.0,0.00030197297235226155,0.0004918749205237813,0.00011622489111730396,0.023517720475601356,True,,main,linear,16,5,True,True,0.0,,,,,,,,
Basis GP,inf,0.0,inf,0.0,1.0,0.0,0.030395468338628405,0.03109625836105786,0.029992696229244626,1.0,True,,main,linear,16,5,True,True,0.0,,,,,,,,
EP-GP,inf,0.0,0.00015766165540845,0.00016030599934537752,0.009735989612751218,5.2121843065090176e-05,0.00024241519976208405,0.0003968487250772181,0.00021277187989375573,0.018376307993332355,True,,main,linear,16,5,True,True,0.0,,,,,,,,
CTVGP,5.954855847727465,0.005447580975128062,4635.678215464245,37.37046517509883,0.9894960597800342,0.0002569490335595717,0.0016384557218106048,0.0022838293115801244,0.0001545547989225612,0.18539653126459116,True,,main,linear,16,5,True,True,0.0,-5.957221528663954,0.00039135706033843856,True,10.929311000043526,-0.53145544696174,-0.46847352989717844,-0.438396900124253,0.8101109709845574
Standard GP,inf,0.0,0.0,0.0,0.0,0.0,0.0006206098511156398,0.0010677668379373833,0.0006073987339265854,0.01665784216924607,True,,main,linear,17,5,True,True,0.0,,,,,,,,
Projection GP,inf,0.0,0.0,0.0,0.0,0.0,0.0006206098511156398,0.0010677668379373833,0.0006073987339265854,0.01665784216924607,True,,main,linear,17,5,True,True,0.0,,,,,,,,
Basis GP,inf,0.0,inf,0.0,1.0,0.0,0.09250643870630511,0.08448720992249238,0.11428891318948847,1.0,True,,main,linear,17,5,True,True,0.0,,,,,,,,
EP-GP,inf,0.0,2.5316529786300485e-05,4.04749555905876e-05,0.0027413951204106686,1.0742150602863144e-05,0.0005355606671884545,0.0009198679987450407,0.0005089999081053231,0.022004100835432614,True,,main,linear,17,5,True,True,0.0,,,,,,,,
CTVGP,3.0779481860943263,0.005359271961800342,63.61847403567753,0.5172442146111372,0.8848982771716939,0.0009575667001376898,0.006864675304200802,0.008248421676679355,0.00012293391402418382,0.5118047589727314,True,,main,linear,17,5,True,True,0.0,-3.0739353165090133,0.0006237155872360094,True,7.154879900161177,-0.6534978832135357,-0.46756537436083506,-0.39582229461461116,0.6611399407936922
Standard GP,inf,0.0,0.0,0.0,0.0,0.0,0.00035811006866404756,0.0008542027199938602,0.0003166212198315141,0.011167446732373925,True,,main,linear,18,5,True,True,0.0,,,,,,,,
Projection GP,inf,0.0,0.0,0.0,0.0,0.0,0.00035811006866404756,0.0008542027199938602,0.0003166212198315141,0.011167446732373925,True,,main,linear,18,5,True,True,0.0,,,,,,,,
Basis GP,inf,0.0,inf,0.0,1.0,0.0,0.03980564216315217,0.04222964320109553,0.03564049602671712,1.0,True,,main,linear,18,5,True,True,0.0,,,,,,,,
EP-GP,inf,0.0,5.008144234233155e-06,6.970353011014343e-06,0.0004760311658918516,1.842292933730799e-06,0.00039492262465093696,0.0009796681290524763,0.0003060277583232765,0.010904632045162762,True,,main,linear,18,5,True,True,0.0,,,,,,,,
CTVGP,1.6601185528475093,0.004865110903538549,6.389276225751271,0.05143849211985484,0.69073280503357,0.0014317812141586529,0.005445794208583514,0.00743968700952409,0.000493892762793952,0.4008360096557643,True,,main,linear,18,5,True,True,0.0,-1.6627155682134376,0.00033642117130904746,True,6.052834799978882,-0.5182476789478264,-0.4591045139879694,-0.36650871493288834,0.8524690723472128
Standard GP,inf,0.0,0.0,0.0,0.0,0.0,0.00021587957967933322,0.0005049487476430624,0.00017610505875474317,0.008288490781862954,True,,main,linear,19,5,True,True,0.0,,,,,,,,
Projection GP,inf,0.0,0.0,0.0,0.0,0.0,0.00021587957967933322,0.0005049487476430624,0.00017610505875474317,0.008288490781862954,True,,main,linear,19,5,True,True,0.0,,,,,,,,
Basis GP,inf,0.0,inf,0.0,1.0,0.0,0.03034469281800445,0.03158202911505862,0.03144882618698593,1.0,True,,main,linear,19,5,True,True,0.0,,,,,,,,
EP-GP,inf,0.0,0.001081101985201794,0.00022393943222803628,0.013734642414712301,7.23810219187759e-05,0.0002610246438878767,0.000451358336754279,0.000160655114968165,0.027635386639266693,True,,main,linear,19,5,True,True,0.0,,,,,,,,
CTVGP,6.08775784707892,0.005421543795505242,5493.306916349869,44.42029505233807,0.9905055935617622,0.0002455500988989198,0.0013919676378739225,0.002121353565435783,0.00025166684589711,0.18618373247212716,True,,main,linear,19,5,True,True,0.0,-6.085056980540067,0.0017935815651237612,True,8.13275450002402,-0.5496468580960899,-0.4681418506880548,-0.4309745264701447,0.787616438326307
Standard GP,inf,0.0,0.0,0.0,0.0,0.0,0.0002652612468595829,0.0004192232564128008,0.00023383084711656833,0.013743747326853987,True,,main,linear,1,5,True,True,0.0,,,,,,,,
Projection GP,inf,0.0,0.0,0.0,0.0,0.0,0.0002652612468595829,0.0004192232564128008,0.00023383084711656833,0.013743747326853987,True,,main,linear,1,5,True,True,0.0,,,,,,,,
Basis GP,inf,0.0,inf,0.0,1.0,0.0,0.02018044699671856,0.02110808604343405,0.012341876679617099,1.0,True,,main,linear,1,5,True,True,0.0,,,,,,,,
EP-GP,inf,0.0,0.00830279773136282,0.0006672499812229929,0.04340391953509674,0.00022572997850461144,0.0002622970662756421,0.00038945988617240004,0.0002446628625650398,0.014347721675726583,True,,main,linear,1,5,True,True,0.0,,,,,,,,
CTVGP,6.390134848404711,0.005463332999204114,8829.858215371489,72.25469391824868,0.9925383513727453,0.00021757888316631234,0.0007178641976566617,0.0014374529203071277,8.419477202182883e-05,0.09147250590584505,True,,main,linear,1,5,True,True,0.0,-6.387230013500776,0.0021251432701828595,True,9.725999600021169,-0.5193602836962172,-0.4679292818539549,-0.43977896930795213,0.8367503760323081
Standard GP,inf,0.0,0.0,0.0,0.0,0.0,0.00031026515004880595,0.0004663548015102233,0.00028400240334621233,0.011111541801518337,True,,main,linear,2,5,True,True,0.0,,,,,,,,
Projection GP,inf,0.0,0.0,0.0,0.0,0.0,0.00031026515004880595,0.0004663548015102233,0.00028400240334621233,0.011111541801518337,True,,main,linear,2,5,True,True,0.0,,,,,,,,
Basis GP,inf,0.0,inf,0.0,1.0,0.0,0.039047964727913595,0.040403125332870375,0.04156565650922098,1.0,True,,main,linear,2,5,True,True,0.0,,,,,,,,
EP-GP,inf,0.0,5.981663182667122e-06,7.37081446960958e-05,0.004418918051136076,2.350845815033384e-05,0.0004978866180325159,0.0006795016737919991,0.0004702058616845303,0.011435746978716303,True,,main,linear,2,5,True,True,0.0,,,,,,,,
CTVGP,5.6714681334066395,0.005407377730000494,3152.975792061163,25.58756307589341,0.9864642292865119,0.00030304065207125254,0.0020939132702749302,0.002694428816004956,0.00033914799219667355,0.23522465318184108,True,,main,linear,2,5,True,True,0.0,-5.671642457428106,0.002177384733117006,True,9.108015400124714,-0.5599742080528519,-0.46210337919901334,-0.42132664021970656,0.765681038662692
Standard GP,inf,0.0,0.0,0.0,0.0,0.0,0.0002842934827863969,0.0005151845486109218,0.0001557194639761879,0.005306457627306783,True,,main,linear,3,5,True,True,0.0,,,,,,,,
Projection GP,inf,0.0,0.0,0.0,0.0,0.0,0.0002842934827863969,0.0005151845486109218,0.0001557194639761879,0.005306457627306783,True,,main,linear,3,5,True,True,0.0,,,,,,,,
Basis GP,inf,0.0,inf,0.0,1.0,0.0,0.027218537272003053,0.027596270102603255,0.015352789621626072,1.0,True,,main,linear,3,5,True,True,0.0,,,,,,,,
EP-GP,inf,0.0,0.0007962258827949042,0.00018441580917719243,0.011299059880076448,5.9280633600726445e-05,0.0003344803798718641,0.0006926635637416652,0.0003311729238333712,0.01150771727045158,True,,main,linear,3,5,True,True,0.0,,,,,,,,
CTVGP,6.062811498214132,0.005444382746145124,5356.79050600938,43.90574320024949,0.9900592078349202,0.0002510183211224471,0.0013119087482375339,0.0021550095517246775,0.00029128157459228386,0.12123473503254688,True,,main,linear,3,5,True,True,0.0,-6.066738993784256,0.008004128597626692,True,8.730958100175485,-0.5200429082657334,-0.44941919423417664,-0.4140257609896369,0.7979612286757733
Standard GP,inf,0.0,0.0,0.0,0.0,0.0,0.0002273307843760976,0.0005219039061616736,0.00011655922317553329,0.011089518055841964,True,,main,linear,4,5,True,True,0.0,,,,,,,,
Projection GP,inf,0.0,0.0,0.0,0.0,0.0,0.0002273307843760976,0.0005219039061616736,0.00011655922317553329,0.011089518055841964,True,,main,linear,4,5,True,True,0.0,,,,,,,,
Basis GP,inf,0.0,inf,0.0,1.0,0.0,0.031632646458121694,0.03348963412107516,0.026417560316647083,1.0,True,,main,linear,4,5,True,True,0.0,,,,,,,,
EP-GP,inf,0.0,0.0004549559724241958,0.00022727913381202124,0.013673844330878017,7.394442631005077e-05,0.00023702871286582894,0.0006368541714135089,5.1879228660778343e-05,0.008593752914784104,True,,main,linear,4,5,True,True,0.0,,,,,,,,
CTVGP,6.114421237840912,0.0054755822533673545,5802.42259739297,47.31174710864019,0.9907690032378148,0.00023791144284259917,0.0012950762380957864,0.0021758934399697303,0.00014957667458323886,0.1154346957913903,True,,main,linear,4,5,True,True,0.0,-6.114789164218585,0.0015745147729586697,True,6.342588600004092,-0.546277190673899,-0.4649731548064127,-0.42275596662521225,0.7841560305548254
Standard GP,inf,0.0,0.0,0.0,0.0,0.0,0.000262463325424734,0.0007094162623192637,0.00010483453189451673,0.010873546884441754,True,,main,linear,5,5,True,True,0.0,,,,,,,,
Projection GP,inf,0.0,0.0,0.0,0.0,0.0,0.000262463325424734,0.0007094162623192637,0.00010483453189451673,0.010873546884441754,True,,main,linear,5,5,True,True,0.0,,,,,,,,
Basis GP,inf,0.0,inf,0.0,1.0,0.0,0.02544744441641254,0.0283693694930594,0.022286350580492612,1.0,True,,main,linear,5,5,True,True,0.0,,,,,,,,
EP-GP,inf,0.0,0.010242897767365249,0.0007359118087529802,0.048435587531435724,0.0002540785003995878,0.0002491899446553596,0.0005195655116917498,9.305368707190316e-05,0.017127361065091887,True,,main,linear,5,5,True,True,0.0,,,,,,,,
CTVGP,6.406225452563013,0.00542330169706577,9229.639172546009,74.66321145695031,0.9928189634668019,0.00020505961858429154,0.0007008362520337551,0.001186317538514407,0.00016497783290409933,0.07551069101997178,True,,main,linear,5,5,True,True,0.0,-6.406868790071396,0.0007545822429984103,True,8.860755299916491,-0.5204210928023301,-0.4627752701711403,-0.4297872471289071,0.8234501350392937
Standard GP,inf,0.0,0.0,0.0,0.0,0.0,0.0003709874305328802,0.0005468275436766357,0.00019233562152019525,0.031720484664440836,True,,main,linear,6,5,True,True,0.0,,,,,,,,
Projection GP,inf,0.0,0.0,0.0,0.0,0.0,0.0003709874305328802,0.0005468275436766357,0.00019233562152019525,0.031720484664440836,True,,main,linear,6,5,True,True,0.0,,,,,,,,
Basis GP,inf,0.0,inf,0.0,1.0,0.0,0.026342139388464764,0.027389778593045026,0.016197676155813273,1.0,True,,main,linear,6,5,True,True,0.0,,,,,,,,
EP-GP,inf,0.0,0.00519391648976182,0.000516835412766917,0.033161257709047404,0.000174477739944262,0.00024795132659316283,0.00038090053679172467,0.00010019525115946397,0.014083071081680644,True,,main,linear,6,5,True,True,0.0,,,,,,,,
CTVGP,6.355537132804364,0.0054504934421403415,8286.946650936596,67.11591291171646,0.992581795722626,0.00021175562747959204,0.0008149973714251047,0.0014560728540056861,0.00018555608881142745,0.07067571240741613,True,,main,linear,6,5,True,True,0.0,-6.353361634207868,0.005134758586127293,True,8.07533899997361,-0.5328716607294975,-0.4684396084803316,-0.4310654194321737,0.8103376617063278
Standard GP,inf,0.0,0.0,0.0,0.0,0.0,0.00020274344206704112,0.00031790059138440637,7.204253045020035e-05,0.010676361296768147,True,,main,linear,7,5,True,True,0.0,,,,,,,,
Projection GP,inf,0.0,0.0,0.0,0.0,0.0,0.00020274344206704112,0.00031790059138440637,7.204253045020035e-05,0.010676361296768147,True,,main,linear,7,5,True,True,0.0,,,,,,,,
Basis GP,inf,0.0,inf,0.0,1.0,0.0,0.02012214564645946,0.02128400287009393,0.012840226330562641,1.0,True,,main,linear,7,5,True,True,0.0,,,,,,,,
EP-GP,inf,0.0,0.014573731859710119,0.0009289442573078211,0.06215449939702319,0.0003252566712664169,0.00018993373718927784,0.00035896301795474,8.353267641255256e-05,0.009430855850992105,True,,main,linear,7,5,True,True,0.0,,,,,,,,
CTVGP,6.422267629459945,0.005446227086025135,9720.19213156237,78.59272154723388,0.9926239106668514,0.0002154315239031199,0.0006298497834456186,0.0008922466919621284,0.00011716195718370427,0.07265213118978942,True,,main,linear,7,5,True,True,0.0,-6.422918570838604,0.005058864908066659,True,9.446315900189802,-0.5188191083007392,-0.4669671124783409,-0.4360887538558678,0.8441997916619781
Standard GP,inf,0.0,0.0,0.0,0.0,0.0,0.00047602413090155297,0.0008016736743323982,0.00038410258631982227,0.023872609618071465,True,,main,linear,8,5,True,True,0.0,,,,,,,,
Projection GP,inf,0.0,0.0,0.0,0.0,0.0,0.00047602413090155297,0.0008016736743323982,0.00038410258631982227,0.023872609618071465,True,,main,linear,8,5,True,True,0.0,,,,,,,,
Basis GP,inf,0.0,inf,0.0,1.0,0.0,0.049395430906856844,0.05117082164350682,0.042987115628765594,1.0,True,,main,linear,8,5,True,True,0.0,,,,,,,,
EP-GP,inf,0.0,-1.71103509605229e-06,7.312256205409766e-06,0.0005021552380174483,1.930839779858587e-06,0.0005103031613845119,0.0010337438155091877,0.00037931776698400485,0.00990012774872226,True,,main,linear,8,5,True,True,0.0,,,,,,,,
CTVGP,1.1876876636744202,0.0041557712366917165,4.190235680571001,0.04087891625109695,0.586190371001106,0.001511046126650996,0.0064909029292992025,0.00555767222655784,0.0004172105414670687,0.28055760156117654,True,,main,linear,8,5,True,True,0.0,-1.184591410027636,2.8400698664685553e-05,True,3.808733500074595,-0.5188140668248933,-0.4373608020241985,-0.32749153406691217,0.7830607630227083
Standard GP,inf,0.0,0.0,0.0,0.0,0.0,0.000368500425992813,0.00037255195229071914,0.00026550224076340203,0.016269838354366625,True,,main,linear,9,5,True,True,0.0,,,,,,,,
Projection GP,inf,0.0,0.0,0.0,0.0,0.0,0.000368500425992813,0.00037255195229071914,0.00026550224076340203,0.016269838354366625,True,,main,linear,9,5,True,True,0.0,,,,,,,,
Basis GP,inf,0.0,inf,0.0,1.0,0.0,0.03597130280062361,0.039769110647728104,0.034797393856014214,1.0,True,,main,linear,9,5,True,True,0.0,,,,,,,,
EP-GP,inf,0.0,0.0006256151226236298,0.0002194137857152316,0.013231625091160337,7.08788110304687e-05,0.0003542853601831453,0.000599742538704986,0.0003299789091352299,0.01116685524977567,True,,main,linear,9,5,True,True,0.0,,,,,,,,
CTVGP,6.12237634216474,0.00545271880811243,5787.779851069675,46.943017043952736,0.9912591762530201,0.00022358171550386117,0.0013639254157384248,0.00205972421721345,0.0003635301481199872,0.12419216984027938,True,,main,linear,9,5,True,True,0.0,-6.119999733323315,0.002217854134584106,True,8.151286199921742,-0.5485009685213653,-0.45482502151153814,-0.40788873024853456,0.763733279259888
Standard GP,inf,0.0,0.04070734845994729,4.1185168179880326e-18,0.03988993347287828,0.0,0.0021198996907119834,0.002569949827881286,0.005192237264437221,0.11912840207509591,True,,main,log,0,5,True,True,-0.04070734845994739,,,,,,,,
Projection GP,inf,0.0,0.04070734845994729,4.1185168179880326e-18,0.03988993347287828,0.0,0.0021198996907119834,0.002569949827881286,0.005192237264437221,0.11912840207509591,True,,main,log,0,5,True,True,-0.04070734845994739,,,,,,,,
Basis GP,inf,0.0,inf,0.0,1.0,0.0,0.12744468278400348,0.12374058439505725,0.23791459806670723,1.0,True,,main,log,0,5,True,True,-0.04070734845994739,,,,,,,,
EP-GP,inf,0.0,0.03690418562983064,0.0005301036729642171,0.05359313236980663,0.0006127191811534819,0.002256638159250756,0.0021949753999253143,0.0026550641733527596,0.09940396302184543,True,,main,log,0,5,True,True,-0.04070734845994739,,,,,,,,
CTVGP,0.36776861800734756,0.002736695475913042,1.2294252931421188,0.034881718203474216,0.2996203459159078,0.0012850386628814076,0.005887716536432511,0.004789765325715234,0.0020150687321323266,0.21648383530861665,True,,main,log,0,5,True,True,-0.04070734845994739,-0.40942401901245784,0.0002960493835794013,True,4.367577200056985,-2.8083178662701282,-1.285128646067187,-0.3453118464398142,0.01704204774008432
Standard GP,inf,0.0,6.347922843999173e-07,1.6853471521529948e-18,6.347920825655606e-07,0.0,0.0006075644831706662,0.0010934215754339661,0.0006142263666537421,0.01632258986761549,True,,main,log,10,5,True,True,-6.347922840710396e-07,,,,,,,,
Projection GP,inf,0.0,6.347922843999173e-07,1.6853471521529948e-18,6.347920825655606e-07,0.0,0.0006075644831706662,0.0010934215754339661,0.0006142263666537421,0.01632258986761549,True,,main,log,10,5,True,True,-6.347922840710396e-07,,,,,,,,
Basis GP,inf,0.0,inf,0.0,1.0,0.0,0.12462787405420366,0.12998858814618403,0.24073031537388165,1.0,True,,main,log,10,5,True,True,-6.347922840710396e-07,,,,,,,,
EP-GP,inf,0.0,0.0008475051636975128,0.00029466240747298055,0.020160173342317674,7.841000108485076e-05,0.001027664081030905,0.0015379872468869078,0.0018407507313226228,0.019598341347702743,True,,main,log,10,5,True,True,-6.347922840710396e-07,,,,,,,,
CTVGP,0.2748996385173327,0.0023907452819073457,0.39708635694176314,0.007972544963913055,0.25264240193218174,0.0011600083828430933,0.004708098943488797,0.004308270869014655,0.0002895343804935605,0.19707390792186683,True,,main,log,10,5,True,True,-6.347922840710396e-07,-0.2771167418145639,9.748052790795603e-05,True,3.161553299985826,-1.8026739817960924,-1.2194621319979677,-0.302454119006398,0.10060468384125074
Standard GP,inf,0.0,0.0004239551704862575,1.3410992359930013e-18,0.0004238653141911408,0.0,0.0007146124730053819,0.0008123951748822263,0.0017266172385768472,0.023396998422750104,True,,main,log,11,5,True,True,-0.000423955170485657,,,,,,,,
Projection GP,inf,0.0,0.0004239551704862575,1.3410992359930013e-18,0.0004238653141911408,0.0,0.0007146124730053819,0.0008123951748822263,0.0017266172385768472,0.023396998422750104,True,,main,log,11,5,True,True,-0.000423955170485657,,,,,,,,
Basis GP,inf,0.0,inf,0.0,1.0,0.0,0.06564483527608397,0.06464713611580794,0.13078416895096479,1.0,True,,main,log,11,5,True,True,-0.000423955170485657,,,,,,,,
EP-GP,inf,0.0,0.0024667098795628497,0.00047086433713608856,0.032290002037087234,0.00013347916396080683,0.0011813560977722896,0.001802318672002411,0.0028396272931087443,0.016033185086649963,True,,main,log,11,5,True,True,-0.000423955170485657,,,,,,,,
CTVGP,0.7231005880594915,0.003911605693339495,1.3982981343784724,0.02622997921529944,0.4283795131563941,0.0014544520771883858,0.005916736418915437,0.00718839000959617,0.0009078003923423041,0.3763682227570987,True,,main,log,11,5,True,True,-0.000423955170485657,-0.7212414365794526,0.00020496784891340763,True,4.381219299975783,-2.1531126120962063,-1.3835795845850474,-0.47292793556111307,0.08329632537494658
Standard GP,inf,0.0,0.02188581349016338,5.165399624211149e-19,0.021648056732903043,0.0,0.0014808357106070363,0.0016824765212939347,0.0039036090012716912,0.08517120707266543,True,,main,log,12,5,True,True,-0.021885813490162942,,,,,,,,
Projection GP,inf,0.0,0.02188581349016338,5.165399624211149e-19,0.021648056732903043,0.0,0.0014808357106070363,0.0016824765212939347,0.0039036090012716912,0.08517120707266543,True,,main,log,12,5,True,True,-0.021885813490162942,,,,,,,,
Basis GP,inf,0.0,inf,0.0,1.0,0.0,0.08025902475590255,0.07796454565713566,0.1788890187523787,1.0,True,,main,log,12,5,True,True,-0.021885813490162942,,,,,,,,
EP-GP,inf,0.0,0.022396691806790603,0.0005891290493674097,0.04981688208126876,0.0004779541979419715,0.0018391928454680167,0.0015420644255144413,0.0034194472265643427,0.06519713394971206,True,,main,log,12,5,True,True,-0.021885813490162942,,,,,,,,
CTVGP,1.758961091418367,0.005286833341464219,9.849984156025766,0.1744661474432362,0.697890321102726,0.0014314746762765995,0.010559097408624686,0.011691320305875273,0.002247124343729552,0.5924331534069208,True,,main,log,12,5,True,True,-0.021885813490162942,-1.7840550675589775,0.00057609524563048,True,4.294062000000849,-2.5207482331688564,-1.2182841205785238,-0.5350526582579835,0.04245769042357226
Standard GP,inf,0.0,0.5205293088573857,1.2484609906013794e-18,0.4057940537536593,0.0,0.022242753752910453,0.025999749526968752,0.05788031178203497,0.4729504531886539,True,,main,log,13,5,True,True,-0.5205293088573855,,,,,,,,
Projection GP,inf,0.0,0.5205293088573857,1.2484609906013794e-18,0.4057940537536593,0.0,0.022242753752910453,0.025999749526968752,0.05788031178203497,0.4729504531886539,True,,main,log,13,5,True,True,-0.5205293088573855,,,,,,,,
Basis GP,inf,0.0,inf,0.0,1.0,0.0,0.0827810732501843,0.08348041762736459,0.12450788276385939,1.0,True,,main,log,13,5,True,True,-0.5205293088573855,,,,,,,,
EP-GP,inf,0.0,0.4068120814984017,0.0006201830089856607,0.32804859494413785,0.0014991524522641978,0.015886602531958303,0.018346148532096075,0.04236603855160381,0.43444819047993766,True,,main,log,13,5,True,True,-0.5205293088573855,,,,,,,,
CTVGP,0.3246204039081315,0.00269050978884644,0.7764931971783678,0.017940550684360942,0.27834287731224033,0.0012159864812901898,0.006660153773606239,0.005273305440210147,0.0055543908819210945,0.17915363520596675,True,,main,log,13,5,True,True,-0.5205293088573855,-0.8421417838675125,0.00036967490324230973,True,7.967936399858445,-3.749650373226405,-1.1838731545089636,-0.34885796479898495,0.005615643474002359
Standard GP,inf,0.0,0.10124422730308247,5.530939575695074e-19,0.09628770528468356,0.0,0.00618199647106329,0.008246459413891993,0.015224843055271558,0.21327618915845992,True,,main,log,14,5,True,True,-0.10124422730308247,,,,,,,,
Projection GP,inf,0.0,0.10124422730308247,5.530939575695074e-19,0.09628770528468356,0.0,0.00618199647106329,0.008246459413891993,0.015224843055271558,0.21327618915845992,True,,main,log,14,5,True,True,-0.10124422730308247,,,,,,,,
Basis GP,inf,0.0,inf,0.0,1.0,0.0,0.08613737894736606,0.08271627879566591,0.1228199022910777,1.0,True,,main,log,14,5,True,True,-0.10124422730308247,,,,,,,,
EP-GP,inf,0.0,0.08173062309812604,0.000668277337616235,0.09045176375284956,0.0009153296203665271,0.003838851195340809,0.00422265774611582,0.0066616161325169804,0.17788841927105686,True,,main,log,14,5,True,True,-0.10124422730308247,,,,,,,,
CTVGP,0.3677890086254547,0.0026835316954066752,1.1244595313466959,0.030324839489018054,0.29574788099274985,0.0013041765410554316,0.00752020300814984,0.0060854209472113036,0.0019603434241424684,0.2447490132919612,True,,main,log,14,5,True,True,-0.10124422730308247,-0.46675357243286125,0.00037926335653745474,True,4.173473699949682,-2.8442170237228086,-1.3512109704724011,-0.34405155895684525,0.01879424066977443
Standard GP,inf,0.0,0.25412220019890164,6.868359263368707e-19,0.22440298185459684,0.0,0.010708772625111435,0.012675499808276602,0.02667477574822508,0.3660437504395551,True,,main,log,15,5,True,True,-0.25412220019890186,,,,,,,,
Projection GP,inf,0.0,0.25412220019890164,6.868359263368707e-19,0.22440298185459684,0.0,0.010708772625111435,0.012675499808276602,0.02667477574822508,0.3660437504395551,True,,main,log,15,5,True,True,-0.25412220019890186,,,,,,,,
Basis GP,inf,0.0,inf,0.0,1.0,0.0,0.0575076830583441,0.05849549699034157,0.06843153283578736,1.0,True,,main,log,15,5,True,True,-0.25412220019890186,,,,,,,,
EP-GP,inf,0.0,0.20819002243553586,0.00058092068542295,0.18066190595961984,0.0012917905292891552,0.007862536749047487,0.009212408593490292,0.018443036977556882,0.3337206912966507,True,,main,log,15,5,True,True,-0.25412220019890186,,,,,,,,
CTVGP,0.24712986477645182,0.0023546587577673713,0.7752863817443882,0.021716864027011215,0.23950265409663302,0.0011246086865691347,0.0044630026245904755,0.003883461921364043,0.0009984141486850994,0.1222278187008104,True,,main,log,15,5,True,True,-0.25412220019890186,-0.5028211866057541,0.0008385735702647336,True,3.6526962001807988,-3.50585349982543,-1.4048653940888183,-0.3382344178837093,0.004990447063032871
Standard GP,inf,0.0,0.2763323151135094,1.725512034010278e-18,0.2414391923494965,0.0,0.015513257477240222,0.019292220839988137,0.038584447188828794,0.29115633326378476,True,,main,log,16,5,True,True,-0.2763323151135093,,,,,,,,
Projection GP,inf,0.0,0.2763323151135094,1.725512034010278e-18,0.2414391923494965,0.0,0.015513257477240222,0.019292220839988137,0.038584447188828794,0.29115633326378476,True,,main,log,16,5,True,True,-0.2763323151135093,,,,,,,,
Basis GP,inf,0.0,inf,0.0,1.0,0.0,0.10506443448067335,0.11258508656833795,0.1772230945693356,1.0,True,,main,log,16,5,True,True,-0.2763323151135093,,,,,,,,
EP-GP,inf,0.0,0.21493963492658819,0.000633746859419186,0.18893459394082138,0.001331043885125378,0.010110988119312866,0.01219351030354401,0.02374109512838162,0.23878179692986667,True,,main,log,16,5,True,True,-0.2763323151135093,,,,,,,,
CTVGP,0.6190110810236715,0.0033030553578777986,2.5547036056650283,0.057001962098583,0.40778052618623173,0.0014911286874957359,0.014836982590195086,0.012697347445316757,0.008562810280513427,0.40181024474625676,True,,main,log,16,5,True,True,-0.2763323151135093,-0.8999648941631305,0.0004614379447433489,True,3.239925100002438,-3.2402255406153495,-1.2615106515724537,-0.3261755833684895,0.013372574152225071
Standard GP,inf,0.0,0.492923794332232,4.958526438926829e-18,0.38916218340401953,0.0,0.015135034736951264,0.01597286313896464,0.04009413820055356,0.5270576881707473,True,,main,log,17,5,True,True,-0.4929237943322322,,,,,,,,
Projection GP,inf,0.0,0.492923794332232,4.958526438926829e-18,0.38916218340401953,0.0,0.015135034736951264,0.01597286313896464,0.04009413820055356,0.5270576881707473,True,,main,log,17,5,True,True,-0.4929237943322322,,,,,,,,
Basis GP,inf,0.0,inf,0.0,1.0,0.0,0.12020543270420854,0.12363429320901526,0.2756814664069279,1.0,True,,main,log,17,5,True,True,-0.4929237943322322,,,,,,,,
EP-GP,inf,0.0,0.41321963310595516,0.0005348630170754324,0.33431514534811196,0.0015005444862485192,0.01171485813330258,0.01293303411621813,0.030728891332422754,0.5135141231137927,True,,main,log,17,5,True,True,-0.4929237943322322,,,,,,,,
CTVGP,2.196044220852721,0.005200098684151487,17.01321270875286,0.1456383113667307,0.7852523881344059,0.0012567566683504162,0.00998023851911357,0.009723127059591849,0.020799477483204317,0.4006606252554674,True,,main,log,17,5,True,True,-0.4929237943322322,-2.680825601465008,0.0004479650959584607,True,10.533915200037882,-3.9128173134202546,-1.0961991215793314,-0.5392915293612988,0.007955328077040165
Standard GP,inf,0.0,0.0008273726047161029,7.091197962163867e-20,0.00082703042637855,0.0,0.00046630862747218957,0.000960831351708453,0.0004878549834212293,0.013782453764282958,True,,main,log,18,5,True,True,-0.0008273726047158814,,,,,,,,
Projection GP,inf,0.0,0.0008273726047161029,7.091197962163867e-20,0.00082703042637855,0.0,0.00046630862747218957,0.000960831351708453,0.0004878549834212293,0.013782453764282958,True,,main,log,18,5,True,True,-0.0008273726047158814,,,,,,,,
Basis GP,inf,0.0,inf,0.0,1.0,0.0,0.06488595782504977,0.06416958796277085,0.0974764437916201,1.0,True,,main,log,18,5,True,True,-0.0008273726047158814,,,,,,,,
EP-GP,inf,0.0,0.004412816945560464,0.0004560366118791459,0.031173801138220346,0.00013497802695795245,0.0017457372824890734,0.002166799124540531,0.003948433967983359,0.01263517316282334,True,,main,log,18,5,True,True,-0.0008273726047158814,,,,,,,,
CTVGP,0.15665016482455738,0.0017308010886363764,0.3485074809147342,0.016212427399123597,0.18219252063013558,0.0009638828284793766,0.0038276036404291205,0.003181148272543308,0.002193073585549664,0.15572134739803728,True,,main,log,18,5,True,True,-0.0008273726047158814,-0.15645686169883977,0.00015161622460933353,True,4.523566100047901,-2.028422070853803,-1.410965079894197,-0.33278571175852345,0.062257805492217544
Standard GP,inf,0.0,0.00932999305565999,1.456406015997752e-18,0.009286603716046837,0.0,0.0005493408236055075,0.0009528995972000327,0.0009680966584288083,0.03479492682423669,True,,main,log,19,5,True,True,-0.009329993055659402,,,,,,,,
Projection GP,inf,0.0,0.00932999305565999,1.456406015997752e-18,0.009286603716046837,0.0,0.0005493408236055075,0.0009528995972000327,0.0009680966584288083,0.03479492682423669,True,,main,log,19,5,True,True,-0.009329993055659402,,,,,,,,
Basis GP,inf,0.0,inf,0.0,1.0,0.0,0.06743027944355692,0.07122308178722944,0.13774516748047258,1.0,True,,main,log,19,5,True,True,-0.009329993055659402,,,,,,,,
EP-GP,inf,0.0,0.011192468183120498,0.0005513186053137556,0.04153772214928079,0.00032055517600987305,0.0016025019835617092,0.001701356645005518,0.0038931462218653053,0.030760723384478973,True,,main,log,19,5,True,True,-0.009329993055659402,,,,,,,,
CTVGP,0.7584116595900509,0.003965929479501846,2.1976955965449294,0.05799125692521058,0.44520038262013795,0.0014699812920253735,0.006881077438074398,0.007671803428013095,0.002156328249694309,0.39352561235471023,True,,main,log,19,5,True,True,-0.009329993055659402,-0.7643290498598891,0.000256440553300899,True,3.8112025998998433,-2.4161862333123962,-1.32783380703514,-0.45888333619533134,0.0422634795819414
Standard GP,inf,0.0,5.880648645906183e-05,4.1189124263176484e-20,5.880475739128421e-05,0.0,0.00037028966527693775,0.0008521526339944636,0.00039501947816825714,0.012571242047578968,True,,main,log,1,5,True,True,-5.880648645884001e-05,,,,,,,,
Projection GP,inf,0.0,5.880648645906183e-05,4.1189124263176484e-20,5.880475739128421e-05,0.0,0.00037028966527693775,0.0008521526339944636,0.00039501947816825714,0.012571242047578968,True,,main,log,1,5,True,True,-5.880648645884001e-05,,,,,,,,
Basis GP,inf,0.0,inf,0.0,1.0,0.0,0.05897010053592272,0.06112029042607631,0.10511802843689258,1.0,True,,main,log,1,5,True,True,-5.880648645884001e-05,,,,,,,,
EP-GP,inf,0.0,0.0028284504747986042,0.0004242732333038932,0.029055551389544486,0.00011348510901635797,0.0013035542535463315,0.0012751042726147342,0.0029785525597151572,0.008895991133604581,True,,main,log,1,5,True,True,-5.880648645884001e-05,,,,,,,,
CTVGP,0.46876922969764295,0.003188387652275839,0.7153058281023614,0.013183597847709784,0.33928174969795993,0.001313720012492886,0.00492533213822797,0.005140994953875686,0.0009477540360667715,0.31854205744227165,True,,main,log,1,5,True,True,-5.880648645884001e-05,-0.4710263502207397,0.0004166205821126184,True,3.3297747001051903,-1.9326108194495093,-1.3583272513974052,-0.44900696384016064,0.10161378872983089
Standard GP,inf,0.0,0.7780809369064275,2.602715999082378e-18,0.5407134339868305,0.0,0.02443796882339814,0.02978825757443841,0.06253937205271247,0.5584444859773079,True,,main,log,2,5,True,True,-0.7780809369064279,,,,,,,,
Projection GP,inf,0.0,0.7780809369064275,2.602715999082378e-18,0.5407134339868305,0.0,0.02443796882339814,0.02978825757443841,0.06253937205271247,0.5584444859773079,True,,main,log,2,5,True,True,-0.7780809369064279,,,,,,,,
Basis GP,inf,0.0,inf,0.0,1.0,0.0,0.06992355449547165,0.06614540172136037,0.10909238521989825,1.0,True,,main,log,2,5,True,True,-0.7780809369064279,,,,,,,,
EP-GP,inf,0.0,0.646330180920034,0.0005015031312996715,0.4744015659407153,0.001478095887345621,0.020005773620367297,0.0234823372416378,0.05061526893100883,0.5227873774252065,True,,main,log,2,5,True,True,-0.7780809369064279,,,,,,,,
CTVGP,0.5320665378517704,0.003410800111761969,1.1196466971084722,0.018557339367126082,0.37274597664509884,0.0013917410980958667,0.007815207213600437,0.007043686942478309,0.0014008043354212325,0.45220230865938293,True,,main,log,2,5,True,True,-0.7780809369064279,-1.3103460209320124,0.0003003308563295823,True,10.005860299803317,-4.231940127118075,-1.279742704475129,-0.3610832663651043,0.0016462219368535164
Standard GP,inf,0.0,0.004287017832171137,1.798698933240023e-18,0.004277841688671624,0.0,0.0009044431711325107,0.0014500205842975637,0.0022830157509758273,0.02369449732406765,True,,main,log,3,5,True,True,-0.004287017832171447,,,,,,,,
Projection GP,inf,0.0,0.004287017832171137,1.798698933240023e-18,0.004277841688671624,0.0,0.0009044431711325107,0.0014500205842975637,0.0022830157509758273,0.02369449732406765,True,,main,log,3,5,True,True,-0.004287017832171447,,,,,,,,
Basis GP,inf,0.0,inf,0.0,1.0,0.0,0.06611551415823905,0.06771092721490994,0.1026615327157927,1.0,True,,main,log,3,5,True,True,-0.004287017832171447,,,,,,,,
EP-GP,inf,0.0,0.0069218591168134615,0.0005572540356063302,0.03972563909720028,0.00024112281039008918,0.0017717708604501163,0.002761114851924979,0.004239773861573201,0.017739912938751826,True,,main,log,3,5,True,True,-0.004287017832171447,,,,,,,,
CTVGP,0.19732808092745643,0.0019218141103198778,0.5863003243550249,0.026277834926110123,0.21162763535767598,0.001032985009392868,0.005070930949034215,0.0055398077216761285,0.0026329162703849687,0.21195613838611577,True,,main,log,3,5,True,True,-0.004287017832171447,-0.20014492341519752,0.00013792423534785477,True,4.966061499901116,-2.1080036523727697,-1.2438164984302045,-0.44067224800195626,0.058648385045549825
Standard GP,inf,0.0,0.03989885176447849,2.4052386182486023e-19,0.03911337377613133,0.0,0.0021453771046323795,0.003088442443680209,0.005993192155821865,0.12007718015527143,True,,main,log,4,5,True,True,-0.03989885176447849,,,,,,,,
Projection GP,inf,0.0,0.03989885176447849,2.4052386182486023e-19,0.03911337377613133,0.0,0.0021453771046323795,0.003088442443680209,0.005993192155821865,0.12007718015527143,True,,main,log,4,5,True,True,-0.03989885176447849,,,,,,,,
Basis GP,inf,0.0,inf,0.0,1.0,0.0,0.07056990773228564,0.07363397645202112,0.12052815573465855,1.0,True,,main,log,4,5,True,True,-0.03989885176447849,,,,,,,,
EP-GP,inf,0.0,0.036760910107172945,0.000667268654557598,0.060606384159878714,0.0005869212974618092,0.0023215029219306625,0.002439961211524008,0.0032385432107090487,0.08967091134305787,True,,main,log,4,5,True,True,-0.03989885176447849,,,,,,,,
CTVGP,0.35202363660412306,0.0026432981313474187,1.2212660124668802,0.03776452751433044,0.2942998280170168,0.0012423871579303099,0.00670128083432388,0.006503186845201077,0.0022432112213521768,0.2627021494432743,True,,main,log,4,5,True,True,-0.03989885176447849,-0.3898157520060668,0.0002722576432028224,True,4.497412600088865,-2.566462515438823,-1.3283479606599569,-0.43026521249031047,0.02830967143337358
Standard GP,inf,0.0,0.04468384939915855,2.5461048215067573e-18,0.0437002312070317,0.0,0.0026312297149981892,0.0030400350774012416,0.006201992501052168,0.12928482161891014,True,,main,log,5,5,True,True,-0.044683849399158815,,,,,,,,
Projection GP,inf,0.0,0.04468384939915855,2.5461048215067573e-18,0.0437002312070317,0.0,0.0026312297149981892,0.0030400350774012416,0.006201992501052168,0.12928482161891014,True,,main,log,5,5,True,True,-0.044683849399158815,,,,,,,,
Basis GP,inf,0.0,inf,0.0,1.0,0.0,0.07252926942964333,0.07111751742700506,0.11310596605195063,1.0,True,,main,log,5,5,True,True,-0.044683849399158815,,,,,,,,
EP-GP,inf,0.0,0.038128466769966896,0.0005738587921029933,0.05716190360673061,0.0006267041246906164,0.0015842530830931136,0.0021518871874188165,0.0012729785004457585,0.09900687952342925,True,,main,log,5,5,True,True,-0.044683849399158815,,,,,,,,
CTVGP,0.41640803418158917,0.002844229188578499,1.0738195502831485,0.027310299683731252,0.3173566802257852,0.001325701425513346,0.006494066648668115,0.005378950705046238,0.0023516818881634365,0.26503360689819727,True,,main,log,5,5,True,True,-0.044683849399158815,-0.454012622517598,0.00023250478686206552,True,2.42400459991768,-2.778187883224605,-1.308699655094225,-0.3361979433301273,0.021984637770318827
Standard GP,inf,0.0,0.9496516298220051,2.35464287715464e-18,0.6131242240358049,0.0,0.05170767749690595,0.049994133910899526,0.0984595711889209,0.5831894309702803,True,,main,log,6,5,True,True,-0.949651629822005,,,,,,,,
Projection GP,inf,0.0,0.9496516298220051,2.35464287715464e-18,0.6131242240358049,0.0,0.05170767749690595,0.049994133910899526,0.0984595711889209,0.5831894309702803,True,,main,log,6,5,True,True,-0.949651629822005,,,,,,,,
Basis GP,inf,0.0,inf,0.0,1.0,0.0,0.18153080174802627,0.17327607807565062,0.2943812377229054,1.0,True,,main,log,6,5,True,True,-0.949651629822005,,,,,,,,
EP-GP,inf,0.0,0.7988076072520227,0.0006883685136303438,0.5466881664196342,0.0014057067529873464,0.04008497566979581,0.042994040627938566,0.0809117608338457,0.5329298187972444,True,,main,log,6,5,True,True,-0.949651629822005,,,,,,,,
CTVGP,0.594991718554112,0.003707597898780595,1.7396939804987137,0.03744741652293062,0.38335425565550035,0.0014420454892348144,0.011963386705347754,0.01046483077643591,0.006273117426285678,0.2848729069168731,True,,main,log,6,5,True,True,-0.949651629822005,-1.5405384048887885,0.001295875514765575,True,11.698778900085017,-4.110327650374918,-1.154200022624225,-0.3000159033071961,0.002630776418113146
Standard GP,inf,0.0,1.0807497479981724e-05,1.4195138286519691e-18,1.0807439078774905e-05,0.0,0.00047379164581332864,0.000757034815007544,0.000648479378633891,0.009874474327465669,True,,main,log,7,5,True,True,-1.0807497479614625e-05,,,,,,,,
Projection GP,inf,0.0,1.0807497479981724e-05,1.4195138286519691e-18,1.0807439078774905e-05,0.0,0.00047379164581332864,0.000757034815007544,0.000648479378633891,0.009874474327465669,True,,main,log,7,5,True,True,-1.0807497479614625e-05,,,,,,,,
Basis GP,inf,0.0,inf,0.0,1.0,0.0,0.06550548615994803,0.06667106570554968,0.11535381804842523,1.0,True,,main,log,7,5,True,True,-1.0807497479614625e-05,,,,,,,,
EP-GP,inf,0.0,0.002028449370659978,0.000359373880296844,0.024511320450082166,9.368263882519889e-05,0.0013736652664787749,0.0014883692844965598,0.003398005976998285,0.01606439858588404,True,,main,log,7,5,True,True,-1.0807497479614625e-05,,,,,,,,
CTVGP,0.11952403857091685,0.0015395699361865026,0.17108450334327824,0.006011543649135608,0.15763352311596945,0.0008444266539561337,0.0028252139406886472,0.0027941918426281627,0.0009447681339177634,0.1408474394449053,True,,main,log,7,5,True,True,-1.0807497479614625e-05,-0.11931404401978662,0.00010667868865844004,True,3.6480467999354005,-1.8440578638548084,-1.3626898566302925,-0.40027829246760604,0.09840484283606288
Standard GP,inf,0.0,3.285559425947293e-05,4.961425834548908e-20,3.285505452010895e-05,0.0,0.000422994754569625,0.0008024782624990864,0.000312038271008245,0.010227720971082637,True,,main,log,8,5,True,True,-3.285559425925122e-05,,,,,,,,
Projection GP,inf,0.0,3.285559425947293e-05,4.961425834548908e-20,3.285505452010895e-05,0.0,0.000422994754569625,0.0008024782624990864,0.000312038271008245,0.010227720971082637,True,,main,log,8,5,True,True,-3.285559425925122e-05,,,,,,,,
Basis GP,inf,0.0,inf,0.0,1.0,0.0,0.07860815185979139,0.07384380456550635,0.12700083110130614,1.0,True,,main,log,8,5,True,True,-3.285559425925122e-05,,,,,,,,
EP-GP,inf,0.0,0.0026114852264387655,0.0004075390573697207,0.027871606086330387,0.0001083341526197061,0.0014516476825937054,0.0019522104952532818,0.0032533885490092884,0.013343699473028115,True,,main,log,8,5,True,True,-3.285559425925122e-05,,,,,,,,
CTVGP,0.14218464258512087,0.0016635950927135668,0.2378887020186889,0.007979258536981964,0.17843416131066467,0.0008993502065893267,0.0032409263908756503,0.0026431937157162955,0.001330671197162874,0.18169777909239881,True,,main,log,8,5,True,True,-3.285559425925122e-05,-0.14157719810414449,7.555322664274163e-05,True,3.2763173999264836,-2.0656408280126373,-1.3841944809305877,-0.3282831472015137,0.0860069410707649
Standard GP,inf,0.0,0.027380044708216644,1.9414241526039477e-19,0.027008608980372606,0.0,0.0017030536597428298,0.0019057274231674562,0.004576543001323088,0.10748705017233383,True,,main,log,9,5,True,True,-0.027380044708216644,,,,,,,,
Projection GP,inf,0.0,0.027380044708216644,1.9414241526039477e-19,0.027008608980372606,0.0,0.0017030536597428298,0.0019057274231674562,0.004576543001323088,0.10748705017233383,True,,main,log,9,5,True,True,-0.027380044708216644,,,,,,,,
Basis GP,inf,0.0,inf,0.0,1.0,0.0,0.0769904862667378,0.08241657723260605,0.1479060382258212,1.0,True,,main,log,9,5,True,True,-0.027380044708216644,,,,,,,,
EP-GP,inf,0.0,0.027026389784379694,0.0006742409015254905,0.055594682842913426,0.0004871656960884263,0.0026676404196411714,0.002041262212552412,0.0043819656684690195,0.0778009879532789,True,,main,log,9,5,True,True,-0.027380044708216644,,,,,,,,
CTVGP,0.755115130811603,0.003957209719725761,2.342289018068563,0.062149931364440046,0.4447180633092077,0.001467734312531414,0.009114116771454604,0.010374827491925878,0.0026780519074539066,0.3834754629781499,True,,main,log,9,5,True,True,-0.027380044708216644,-0.7805558323598514,0.000185547338578193,True,4.374424899928272,-2.427361615793184,-1.2676715995934187,-0.43135759705470395,0.04218530801734019
Standard GP,inf,0.0,8.594832383710095,1.0364453371095732e-17,0.9998149403557899,0.0,0.24192978635027657,0.22887198596597355,0.2617885422286124,1.171736013201505,True,,main,sigmoid,0,5,True,True,-8.594832383710093,,,,,,,,
Projection GP,inf,0.0,8.594832383710095,1.0364453371095732e-17,0.9998149403557899,0.0,0.24192978635027657,0.22887198596597355,0.2617885422286124,1.171736013201505,True,,main,sigmoid,0,5,True,True,-8.594832383710093,,,,,,,,
Basis GP,inf,0.0,inf,0.0,1.0,0.0,0.4016841927124915,0.5543527705483914,0.645363663466199,1.0,True,,main,sigmoid,0,5,True,True,-8.594832383710093,,,,,,,,
EP-GP,inf,0.0,6.010614806511453,0.0015336812775716938,0.9974608059243734,1.358343291903251e-05,0.1642348049569819,0.1609089857720464,0.18595347745675264,0.9809893521559063,True,,main,sigmoid,0,5,True,True,-8.594832383710093,,,,,,,,
CTVGP,0.4324718014416078,0.0032474204456918628,1.1538167871481393,0.02153124093369928,0.32761135108159817,0.0013100946803164654,0.010814089686041051,0.006462692395232242,0.0019170650331444678,0.05881502588623251,True,,main,sigmoid,0,5,True,True,-8.594832383710093,-9.025708408082489,0.0007348480306669188,True,5.804953300161287,-5.079227082508507,-2.2521147228716534,-0.07675470003882294,0.0005307346384509379
Standard GP,inf,0.0,7.536216127317033,2.990103947450437e-19,0.9994665878282603,0.0,0.167375760835842,0.19788342558674515,0.208575410368684,0.8073178506797898,True,,main,sigmoid,10,5,True,True,-7.536216127317033,,,,,,,,
Projection GP,inf,0.0,7.536216127317033,2.990103947450437e-19,0.9994665878282603,0.0,0.167375760835842,0.19788342558674515,0.208575410368684,0.8073178506797898,True,,main,sigmoid,10,5,True,True,-7.536216127317033,,,,,,,,
Basis GP,inf,0.0,inf,0.0,1.0,0.0,0.4541844244203799,0.5691930233672193,0.6563260652278898,1.0,True,,main,sigmoid,10,5,True,True,-7.536216127317033,,,,,,,,
EP-GP,inf,0.0,5.622098600778017,0.0015216395126902147,0.9962566844835837,1.9911663138899085e-05,0.1205466645744299,0.14392520406541132,0.16004168823349335,0.6777175561851245,True,,main,sigmoid,10,5,True,True,-7.536216127317033,,,,,,,,
CTVGP,0.42271172524071776,0.0031932749246997676,1.2177550883199708,0.023514515766703558,0.3227549175911301,0.0013081651715011863,0.011927658400150034,0.006634677943867391,0.0030888940463965966,0.05304637953175243,True,,main,sigmoid,10,5,True,True,-7.536216127317033,-7.958347320010155,0.000569554546488381,True,6.118160099955276,-5.158395377496798,-2.0233415691761527,-0.07223330629163656,0.00044418988691615646
Standard GP,inf,0.0,6.202716567493298,5.601566760063313e-18,0.9979760749674428,0.0,0.11572494334379142,0.10773061051518996,0.1570450418688791,2.2163946885090335,True,,main,sigmoid,11,5,True,True,-6.202716567493299,,,,,,,,
Projection GP,inf,0.0,6.202716567493298,5.601566760063313e-18,0.9979760749674428,0.0,0.11572494334379142,0.10773061051518996,0.1570450418688791,2.2163946885090335,True,,main,sigmoid,11,5,True,True,-6.202716567493299,,,,,,,,
Basis GP,inf,0.0,inf,0.0,1.0,0.0,0.24984781614667823,0.3144696023769161,0.5344218445194957,1.0,True,,main,sigmoid,11,5,True,True,-6.202716567493299,,,,,,,,
EP-GP,inf,0.0,5.3383287303692075,0.0009440943468228903,0.9951250165975644,2.494101847090715e-05,0.09863892995459289,0.09440097508443121,0.1307239842537849,1.9094962762181225,True,,main,sigmoid,11,5,True,True,-6.202716567493299,,,,,,,,
CTVGP,0.47811226648229166,0.0038237486037087575,1.0630206232791173,0.01852031502486607,0.33934603231679,0.0013219297033752215,0.007026545212643479,0.0044387835799925505,0.003118279552270956,0.12266953111490153,True,,main,sigmoid,11,5,True,True,-6.202716567493299,-6.673001132625076,0.004227289200578643,True,9.861988099990413,-5.368032893525746,-3.0357479121572473,-0.18120967543152364,0.0009137889912185887
Standard GP,inf,0.0,7.419150737152786,5.900972892031552e-18,0.9994003418032479,0.0,0.1264829590492467,0.11225903378494363,0.19623895987002624,2.7661239394256127,True,,main,sigmoid,12,5,True,True,-7.419150737152785,,,,,,,,
Projection GP,inf,0.0,7.419150737152786,5.900972892031552e-18,0.9994003418032479,0.0,0.1264829590492467,0.11225903378494363,0.19623895987002624,2.7661239394256127,True,,main,sigmoid,12,5,True,True,-7.419150737152785,,,,,,,,
Basis GP,inf,0.0,inf,0.0,1.0,0.0,0.2391143615436356,0.31345706530310063,0.513257249246041,1.0,True,,main,sigmoid,12,5,True,True,-7.419150737152785,,,,,,,,
EP-GP,inf,0.0,6.75743944889297,0.0006657839651021307,0.9988290298396747,5.926798285456308e-06,0.11067700241733917,0.1093800239306287,0.17376249050309844,2.480533554560255,True,,main,sigmoid,12,5,True,True,-7.419150737152785,,,,,,,,
CTVGP,0.6116110318460652,0.004320274425630655,1.6503720854279003,0.026490949351229476,0.3912109215469448,0.0014359208593548406,0.005590630196408376,0.004218766990905382,0.0030236922243663546,0.15874909087424674,True,,main,sigmoid,12,5,True,True,-7.419150737152785,-8.029407664179947,0.0016036623004022793,True,8.624831599881873,-5.718228003669139,-3.29473199538348,-0.195829176749185,0.00047523117275574434
Standard GP,inf,0.0,4.998482495522685,0.0,0.9932518203741106,0.0,0.24018389931434103,0.23972886433900698,0.24768621776101216,1.0809664230819738,True,,main,sigmoid,13,5,True,True,-4.998482495522685,,,,,,,,
Projection GP,inf,0.0,4.998482495522685,0.0,0.9932518203741106,0.0,0.24018389931434103,0.23972886433900698,0.24768621776101216,1.0809664230819738,True,,main,sigmoid,13,5,True,True,-4.998482495522685,,,,,,,,
Basis GP,inf,0.0,inf,0.0,1.0,0.0,0.4565222612245119,0.6458498899192113,0.648272388912518,1.0,True,,main,sigmoid,13,5,True,True,-4.998482495522685,,,,,,,,
EP-GP,inf,0.0,2.745705719938753,0.001931584044686986,0.9319078519071697,0.00034993858961490903,0.11864417370703381,0.1268700020500801,0.1276549963815521,0.7548224181950746,True,,main,sigmoid,13,5,True,True,-4.998482495522685,,,,,,,,
CTVGP,0.3825150843860792,0.0029037544873742,0.9273696678670403,0.017393649720850887,0.30696598752490867,0.0012696760266783643,0.016282769494371865,0.00965523796807473,0.002539313474561423,0.08832396635573027,True,,main,sigmoid,13,5,True,True,-4.998482495522685,-5.381300859380136,0.00045049785721001294,True,4.355022999923676,-4.296759388532551,-1.8229413939781174,-0.057103773682724165,0.0012415942155989557
Standard GP,inf,0.0,5.10496127855409,1.8093871575932556e-18,0.9939334261828748,0.0,0.25429068498350627,0.2622607698889747,0.2838362192533592,1.0678667139348206,True,,main,sigmoid,14,5,True,True,-5.10496127855409,,,,,,,,
Projection GP,inf,0.0,5.10496127855409,1.8093871575932556e-18,0.9939334261828748,0.0,0.25429068498350627,0.2622607698889747,0.2838362192533592,1.0678667139348206,True,,main,sigmoid,14,5,True,True,-5.10496127855409,,,,,,,,
Basis GP,inf,0.0,inf,0.0,1.0,0.0,0.42825734850546643,0.600016616917119,0.6143137275714802,1.0,True,,main,sigmoid,14,5,True,True,-5.10496127855409,,,,,,,,
EP-GP,inf,0.0,2.713767565850933,0.002025632538313723,0.929684197655924,0.00036435037539217984,0.11926128536710619,0.1370269474592601,0.14131133408264898,0.6971834804086093,True,,main,sigmoid,14,5,True,True,-5.10496127855409,,,,,,,,
CTVGP,0.37908258088042324,0.0028570974116789117,0.9368869874494389,0.017616677303752992,0.30472256896039734,0.0012648953958080097,0.017158011979984965,0.010089557212154203,0.0032440747112296962,0.07472940878962622,True,,main,sigmoid,14,5,True,True,-5.10496127855409,-5.481318248293343,0.00044644854992222945,True,5.449657800141722,-4.256552062058408,-1.7743569831904242,-0.06481994934708828,0.0016759927789794014
Standard GP,inf,0.0,9.245237278396772,0.0,0.9999034295030892,0.0,0.1868791593709493,0.18462431507369623,0.24404938885907845,2.104595292099471,True,,main,sigmoid,15,5,True,True,-9.245237278396772,,,,,,,,
Projection GP,inf,0.0,9.245237278396772,0.0,0.9999034295030892,0.0,0.1868791593709493,0.18462431507369623,0.24404938885907845,2.104595292099471,True,,main,sigmoid,15,5,True,True,-9.245237278396772,,,,,,,,
Basis GP,inf,0.0,inf,0.0,1.0,0.0,0.28982113876268245,0.40101182159948146,0.5558549858358637,1.0,True,,main,sigmoid,15,5,True,True,-9.245237278396772,,,,,,,,
EP-GP,inf,0.0,7.6494254349468,0.0009086738438262816,0.9995181628526761,2.4705917268608857e-06,0.1541802861136377,0.14005532655583422,0.19803947022824347,1.7996988442654445,True,,main,sigmoid,15,5,True,True,-9.245237278396772,,,,,,,,
CTVGP,0.457586549210907,0.0037353709343487854,1.0891430159245699,0.019293020634189292,0.33565285709151604,0.0013194732878841814,0.006904262550278768,0.004841278002064185,0.0021168944742446186,0.13774239579248354,True,,main,sigmoid,15,5,True,True,-9.245237278396772,-9.698777845044084,0.0006013386192734215,True,9.277489600004628,-5.428311355753392,-3.045036609254322,-0.1314811601241737,0.00033139123766353653
Standard GP,inf,0.0,6.273510688537826,1.3395074141849436e-18,0.9981144027948257,0.0,0.14702343642943302,0.14204937854335517,0.1818373968299132,1.4455083647359535,True,,main,sigmoid,16,5,True,True,-6.273510688537826,,,,,,,,
Projection GP,inf,0.0,6.273510688537826,1.3395074141849436e-18,0.9981144027948257,0.0,0.14702343642943302,0.14204937854335517,0.1818373968299132,1.4455083647359535,True,,main,sigmoid,16,5,True,True,-6.273510688537826,,,,,,,,
Basis GP,inf,0.0,inf,0.0,1.0,0.0,0.3252315718850757,0.443292236243051,0.6074801711761025,1.0,True,,main,sigmoid,16,5,True,True,-6.273510688537826,,,,,,,,
EP-GP,inf,0.0,4.8735939553478635,0.0012458952818450737,0.9921633123868924,4.073181939907852e-05,0.11563115542368593,0.11644376429564582,0.14147878222718116,1.2220799087689656,True,,main,sigmoid,16,5,True,True,-6.273510688537826,,,,,,,,
CTVGP,0.43601287682646817,0.003360486812924424,0.9980515859144251,0.018278896939044807,0.327529349992423,0.0012959106357547504,0.008783207140082485,0.005356584947275087,0.001279996576276704,0.0909804320868427,True,,main,sigmoid,16,5,True,True,-6.273510688537826,-6.709327038327121,0.0007900846357635487,True,9.236519099911675,-5.01350292623793,-2.630779436420391,-0.11740809344267454,0.0010747230836360192
Standard GP,inf,0.0,5.333155854925505,2.5055516440417124e-18,0.9951711930732493,0.0,0.18578816490526187,0.1798793805584188,0.2651496951336038,1.3761533114844946,True,,main,sigmoid,17,5,True,True,-5.333155854925505,,,,,,,,
Projection GP,inf,0.0,5.333155854925505,2.5055516440417124e-18,0.9951711930732493,0.0,0.18578816490526187,0.1798793805584188,0.2651496951336038,1.3761533114844946,True,,main,sigmoid,17,5,True,True,-5.333155854925505,,,,,,,,
Basis GP,inf,0.0,inf,0.0,1.0,0.0,0.27253464268779204,0.33782017283090093,0.5068790966816848,1.0,True,,main,sigmoid,17,5,True,True,-5.333155854925505,,,,,,,,
EP-GP,inf,0.0,3.465160827250015,0.0016708824572293905,0.9674103758518613,0.0001710321030083774,0.1167186077157186,0.11565628617343143,0.16555102253806833,1.0285650222296012,True,,main,sigmoid,17,5,True,True,-5.333155854925505,,,,,,,,
CTVGP,0.40008456123989156,0.003122807520784518,0.9137318925706415,0.01713963324479712,0.31205058479687925,0.0012741434023335794,0.013806644201194141,0.008069315770772852,0.0031640302334627578,0.09315804221092647,True,,main,sigmoid,17,5,True,True,-5.333155854925505,-5.7304117383049675,0.0003063324391068548,True,5.073714700061828,-4.524756210942443,-2.2186491736442786,-0.13331764003389276,0.0011739630376748635
Standard GP,inf,0.0,6.651511187105502,1.0415619920144943e-17,0.9987079319272278,0.0,0.1434815903638044,0.14285157560651227,0.1800378522934104,2.0623169542181596,True,,main,sigmoid,18,5,True,True,-6.651511187105504,,,,,,,,
Projection GP,inf,0.0,6.651511187105502,1.0415619920144943e-17,0.9987079319272278,0.0,0.1434815903638044,0.14285157560651227,0.1800378522934104,2.0623169542181596,True,,main,sigmoid,18,5,True,True,-6.651511187105504,,,,,,,,
Basis GP,inf,0.0,inf,0.0,1.0,0.0,0.3049164822160531,0.40156729806453956,0.5607902467207689,1.0,True,,main,sigmoid,18,5,True,True,-6.651511187105504,,,,,,,,
EP-GP,inf,0.0,5.504410884695539,0.0010643023582413483,0.9958643458168348,2.1309236928964107e-05,0.1193211670144636,0.11451791689142388,0.14535705829155648,1.7551505742904778,True,,main,sigmoid,18,5,True,True,-6.651511187105504,,,,,,,,
CTVGP,0.44896936649262287,0.0035915041613024065,1.0660573760911807,0.018578078050258788,0.3319978112646914,0.0013126271516379778,0.007703187303826247,0.005662239544938496,0.002114015499052759,0.10245819925317279,True,,main,sigmoid,18,5,True,True,-6.651511187105504,-7.098340594181176,0.0006331808754459761,True,8.903125599958003,-5.242443216854813,-2.879160369634127,-0.12752406399286706,0.0007410443213605108
Standard GP,inf,0.0,6.321071937450284,1.5888483391045836e-18,0.9982019848868791,0.0,0.14383771963258196,0.13827411088672117,0.19138524178457675,1.6726643820793077,True,,main,sigmoid,19,5,True,True,-6.321071937450284,,,,,,,,
Projection GP,inf,0.0,6.321071937450284,1.5888483391045836e-18,0.9982019848868791,0.0,0.14383771963258196,0.13827411088672117,0.19138524178457675,1.6726643820793077,True,,main,sigmoid,19,5,True,True,-6.321071937450284,,,,,,,,
Basis GP,inf,0.0,inf,0.0,1.0,0.0,0.27896111591032535,0.3887062795675119,0.5500589773599349,1.0,True,,main,sigmoid,19,5,True,True,-6.321071937450284,,,,,,,,
EP-GP,inf,0.0,5.011800338164438,0.001172676520568914,0.9931998700797502,3.5240459485245386e-05,0.11464087229023404,0.11190613209358646,0.15040747563106827,1.4325966225681117,True,,main,sigmoid,19,5,True,True,-6.321071937450284,,,,,,,,
CTVGP,0.4388337078070004,0.003542315230371562,1.0518623676261951,0.018749140422229083,0.3284999548167375,0.001308460786469609,0.008477344719123321,0.005289117159232221,0.0023374076190586512,0.09548637309069773,True,,main,sigmoid,19,5,True,True,-6.321071937450284,-6.760940488386819,0.0010403642467833514,True,5.173413099953905,-5.076343639234322,-2.7280093195831063,-0.14652630679865558,0.0012975241931864243
Standard GP,inf,0.0,2.110428446834525,2.6423230060430017e-18,0.8788139664635238,0.0,0.1065568847596512,0.11473500282443122,0.14247366031977565,0.5988933525749579,True,,main,sigmoid,1,5,True,True,-2.1104284468345247,,,,,,,,
Projection GP,inf,0.0,2.110428446834525,2.6423230060430017e-18,0.8788139664635238,0.0,0.1065568847596512,0.11473500282443122,0.14247366031977565,0.5988933525749579,True,,main,sigmoid,1,5,True,True,-2.1104284468345247,,,,,,,,
Basis GP,inf,0.0,inf,0.0,1.0,0.0,0.4476494851336823,0.5173196788438624,0.6346705122096988,1.0,True,,main,sigmoid,1,5,True,True,-2.1104284468345247,,,,,,,,
EP-GP,inf,0.0,1.2917632094329063,0.001979519658644582,0.7082245646331876,0.0011754788554306924,0.0583708605487826,0.07062351391756704,0.0807162252842201,0.43970567155556206,True,,main,sigmoid,1,5,True,True,-2.1104284468345247,,,,,,,,
CTVGP,0.40890933744956337,0.0028228593169873713,1.3346318559712738,0.02708426165927399,0.32236889943427577,0.0013110626339174767,0.017827238880944445,0.010813345721338316,0.005314760785393178,0.09369461332466036,True,,main,sigmoid,1,5,True,True,-2.1104284468345247,-2.522065766410269,0.00026928828960265654,True,4.874246699968353,-4.01178545003458,-1.4312522813469146,-0.08692560840942701,0.002153449259161464
Standard GP,inf,0.0,4.448161417345546,5.127985964167805e-18,0.9882999412678078,0.0,0.2407825405796271,0.22384558316417305,0.24585157573922523,1.076259747435911,True,,main,sigmoid,2,5,True,True,-4.448161417345547,,,,,,,,
Projection GP,inf,0.0,4.448161417345546,5.127985964167805e-18,0.9882999412678078,0.0,0.2407825405796271,0.22384558316417305,0.24585157573922523,1.076259747435911,True,,main,sigmoid,2,5,True,True,-4.448161417345547,,,,,,,,
Basis GP,inf,0.0,inf,0.0,1.0,0.0,0.44431220188674614,0.6416157028364855,0.645692630761156,1.0,True,,main,sigmoid,2,5,True,True,-4.448161417345547,,,,,,,,
EP-GP,inf,0.0,2.360794703264234,0.0020698591715544367,0.899282288007478,0.0005063839976163782,0.10951609575233645,0.11923834384949375,0.11922285147137612,0.709498320394619,True,,main,sigmoid,2,5,True,True,-4.448161417345547,,,,,,,,
CTVGP,0.4045538701705764,0.0029851091615079386,0.9676729507857937,0.01809998147797323,0.31583841745109287,0.0012781944992886303,0.01681647605037483,0.009447755268164357,0.0015804888648666613,0.08300003939963371,True,,main,sigmoid,2,5,True,True,-4.448161417345547,-4.846109771693412,0.0003230565685284824,True,3.707060599932447,-4.1939534147836675,-1.7892045632785631,-0.05828062838201626,0.0010539675155263528
Standard GP,inf,0.0,3.513672478796515,5.662594609309943e-18,0.9702126799826576,0.0,0.0922660133274352,0.08279287766846084,0.1074424672283102,2.310381034228346,True,,main,sigmoid,3,5,True,True,-3.513672478796516,,,,,,,,
Projection GP,inf,0.0,3.513672478796515,5.662594609309943e-18,0.9702126799826576,0.0,0.0922660133274352,0.08279287766846084,0.1074424672283102,2.310381034228346,True,,main,sigmoid,3,5,True,True,-3.513672478796516,,,,,,,,
Basis GP,inf,0.0,inf,0.0,1.0,0.0,0.21865377859714658,0.23770562507781015,0.440912657793484,1.0,True,,main,sigmoid,3,5,True,True,-3.513672478796516,,,,,,,,
EP-GP,inf,0.0,2.9903798735514875,0.0010349999531819563,0.9489494363653961,0.00025036967660646824,0.07392854883649659,0.06765777066109609,0.07767433317842089,1.892336977030616,True,,main,sigmoid,3,5,True,True,-3.513672478796516,,,,,,,,
CTVGP,0.6098974211093271,0.004077296331690403,1.6695308445341415,0.026231080939487037,0.3914516076448124,0.0014529634878104407,0.009799396356038898,0.007513271687355865,0.0050225736311684714,0.15180131760672963,True,,main,sigmoid,3,5,True,True,-3.513672478796516,-4.125402114243343,0.0016143085073641876,True,9.970213999971747,-4.706723487974338,-2.66077344046301,-0.18946689332396818,0.0018198879557144551
Standard GP,inf,0.0,6.840981980652166,5.859607549280944e-18,0.9989309469054206,0.0,0.11291167667663242,0.1093359648973035,0.17403123486466984,1.619948767223822,True,,main,sigmoid,4,5,True,True,-6.840981980652167,,,,,,,,
Projection GP,inf,0.0,6.840981980652166,5.859607549280944e-18,0.9989309469054206,0.0,0.11291167667663242,0.1093359648973035,0.17403123486466984,1.619948767223822,True,,main,sigmoid,4,5,True,True,-6.840981980652167,,,,,,,,
Basis GP,inf,0.0,inf,0.0,1.0,0.0,0.2151776009423188,0.267266223521923,0.4732317826049417,1.0,True,,main,sigmoid,4,5,True,True,-6.840981980652167,,,,,,,,
EP-GP,inf,0.0,6.282139445532513,0.000708969122076309,0.9981138848733035,9.552581084602039e-06,0.1015897869836172,0.09375374309677635,0.1544680360318655,1.4226409265341584,True,,main,sigmoid,4,5,True,True,-6.840981980652167,,,,,,,,
CTVGP,0.7404685679438012,0.0043835846678633925,2.3745079919304213,0.04273464745714492,0.4456413952162504,0.0014870652868340533,0.010753760561682731,0.011933857227978718,0.0015930198823036882,0.5711474453232767,True,,main,sigmoid,4,5,True,True,-6.840981980652167,-7.583610062372159,0.0004097648949182455,True,8.771256499923766,-5.821674446479179,-3.055841775633948,-0.20973164887664236,0.0004185967046479891
Standard GP,inf,0.0,6.832505731808316,1.0462641378546418e-17,0.9989218468326071,0.0,0.16104866839829673,0.14281604913057425,0.19175089078889768,1.9169717478476562,True,,main,sigmoid,5,5,True,True,-6.832505731808318,,,,,,,,
Projection GP,inf,0.0,6.832505731808316,1.0462641378546418e-17,0.9989218468326071,0.0,0.16104866839829673,0.14281604913057425,0.19175089078889768,1.9169717478476562,True,,main,sigmoid,5,5,True,True,-6.832505731808318,,,,,,,,
Basis GP,inf,0.0,inf,0.0,1.0,0.0,0.30572212876661886,0.4101911440135077,0.5692997600071759,1.0,True,,main,sigmoid,5,5,True,True,-6.832505731808318,,,,,,,,
EP-GP,inf,0.0,5.600574391453751,0.0010551119039709314,0.996240661110584,1.9373157946206945e-05,0.13141425872183984,0.11996343783274929,0.15467053009216233,1.6378283164178231,True,,main,sigmoid,5,5,True,True,-6.832505731808318,,,,,,,,
CTVGP,0.45528596425373014,0.0038038211305122024,1.0609234825269673,0.01838930617997365,0.3351320672320316,0.0013125696712623497,0.007952986109797316,0.005674750789060461,0.002268910451838722,0.1295314079322246,True,,main,sigmoid,5,5,True,True,-6.832505731808318,-7.289313666808807,0.0005491565805877981,True,7.243548800004646,-5.220973463695806,-2.8493782914928607,-0.1268333980673781,0.0006925055331713331
Standard GP,inf,0.0,4.387888652639601,1.025597192833561e-17,0.9875730608732782,0.0,0.2216918459947733,0.23160970724578056,0.24022080521853315,0.7509601757873298,True,,main,sigmoid,6,5,True,True,-4.3878886526395995,,,,,,,,
Projection GP,inf,0.0,4.387888652639601,1.025597192833561e-17,0.9875730608732782,0.0,0.2216918459947733,0.23160970724578056,0.24022080521853315,0.7509601757873298,True,,main,sigmoid,6,5,True,True,-4.3878886526395995,,,,,,,,
Basis GP,inf,0.0,inf,0.0,1.0,0.0,0.5386976053814608,0.6040921991473267,0.6737596934588023,1.0,True,,main,sigmoid,6,5,True,True,-4.3878886526395995,,,,,,,,
EP-GP,inf,0.0,2.4942088915108362,0.0018534537332616976,0.9133586906779687,0.0004318456126367797,0.10794401081442548,0.13164582948848302,0.13164951589626608,0.5054161378324882,True,,main,sigmoid,6,5,True,True,-4.3878886526395995,,,,,,,,
CTVGP,0.35285630163493575,0.0026907093752103956,1.0099435600495754,0.022225325087742175,0.2904878620292097,0.0012493646923405547,0.01816188893939232,0.01089535706233005,0.0062416157884274135,0.051830030865862034,True,,main,sigmoid,6,5,True,True,-4.3878886526395995,-4.732857735758692,0.005658860942133407,True,5.522125600138679,-4.400883444543094,-1.2683387553367664,-0.05882287109861875,0.0016250793502800792
Standard GP,inf,0.0,4.916528263902835,4.186983006788382e-20,0.9926754844581884,0.0,0.14206805215364182,0.1422474288726937,0.19190615772628902,0.9215627509865618,True,,main,sigmoid,7,5,True,True,-4.916528263902835,,,,,,,,
Projection GP,inf,0.0,4.916528263902835,4.186983006788382e-20,0.9926754844581884,0.0,0.14206805215364182,0.1422474288726937,0.19190615772628902,0.9215627509865618,True,,main,sigmoid,7,5,True,True,-4.916528263902835,,,,,,,,
Basis GP,inf,0.0,inf,0.0,1.0,0.0,0.373683630933262,0.46784518410618564,0.6081775841166982,1.0,True,,main,sigmoid,7,5,True,True,-4.916528263902835,,,,,,,,
EP-GP,inf,0.0,3.4216287055110355,0.0015273180415222621,0.9661389174232252,0.00017456267011286972,0.09669732425823792,0.10571407435615116,0.13393495986660614,0.7794746777016973,True,,main,sigmoid,7,5,True,True,-4.916528263902835,,,,,,,,
CTVGP,0.4102731700213642,0.0030966793390450795,1.1769430805349206,0.023490155046160928,0.3202345064367634,0.0013039532995484837,0.012002606326710304,0.007466838863926122,0.0037860193480860806,0.06703908286164872,True,,main,sigmoid,7,5,True,True,-4.916528263902835,-5.327205879055954,0.00042373774751205604,True,5.251286200014874,-4.704217291815784,-2.0481029018851395,-0.10361907497547562,0.0012882554428854712
Standard GP,inf,0.0,5.13544723311035,6.274470297821701e-18,0.9941155807904751,0.0,0.09451461279617461,0.09533163434137033,0.10283761659504623,2.1518734450857884,True,,main,sigmoid,8,5,True,True,-5.135447233110349,,,,,,,,
Projection GP,inf,0.0,5.13544723311035,6.274470297821701e-18,0.9941155807904751,0.0,0.09451461279617461,0.09533163434137033,0.10283761659504623,2.1518734450857884,True,,main,sigmoid,8,5,True,True,-5.135447233110349,,,,,,,,
Basis GP,inf,0.0,inf,0.0,1.0,0.0,0.28870150560229824,0.36325547499678557,0.5151378127328823,1.0,True,,main,sigmoid,8,5,True,True,-5.135447233110349,,,,,,,,
EP-GP,inf,0.0,4.453693885950428,0.0009243780176350974,0.9882000558562426,5.9816716501552545e-05,0.08174688487383537,0.07393733008577665,0.08484700590471118,1.9058392296332312,True,,main,sigmoid,8,5,True,True,-5.135447233110349,,,,,,,,
CTVGP,0.49777914124958755,0.004004749554622943,1.19357767296436,0.02009556906371291,0.3422071563629953,0.0013602730869014703,0.006788635456317858,0.004544958670063794,0.0027064862325820588,0.07278848363761889,True,,main,sigmoid,8,5,True,True,-5.135447233110349,-5.626982088377604,0.0010830782253030303,True,11.00979940011166,-5.2312758121645,-3.002319453849327,-0.1357150187576067,0.0007332770000697035
Standard GP,inf,0.0,5.655598993300435,5.607744371216273e-18,0.996502122745866,0.0,0.2330494717591825,0.22729358545643558,0.2561240865097932,1.2635181537255469,True,,main,sigmoid,9,5,True,True,-5.655598993300436,,,,,,,,
Projection GP,inf,0.0,5.655598993300435,5.607744371216273e-18,0.996502122745866,0.0,0.2330494717591825,0.22729358545643558,0.2561240865097932,1.2635181537255469,True,,main,sigmoid,9,5,True,True,-5.655598993300436,,,,,,,,
Basis GP,inf,0.0,inf,0.0,1.0,0.0,0.39271744005048986,0.4969093305668117,0.6157939689080264,1.0,True,,main,sigmoid,9,5,True,True,-5.655598993300436,,,,,,,,
EP-GP,inf,0.0,3.2918019863260213,0.001804236811914809,0.9609984942007496,0.00020579717890914108,0.12944822356132782,0.13268638977460429,0.14410462809965974,0.9100711076863435,True,,main,sigmoid,9,5,True,True,-5.655598993300436,,,,,,,,
CTVGP,0.3907239622747456,0.00304951169760304,0.8826283848206546,0.016601343485717693,0.3092184358517168,0.001257466997714058,0.014621496548897462,0.00957622022337616,0.0036354063915635224,0.08282641827627633,True,,main,sigmoid,9,5,True,True,-5.655598993300436,-6.044433588149923,0.0031844852947495905,True,4.627825699979439,-4.41624093878804,-2.1132201720803243,-0.07038852178848008,0.0014044431734817429
