family,rank,map,map_scale,validation_elbo,normalized_gradient,adam_steps,lbfgs_iterations,wall_time_seconds,plateau_passed,gradient_passed,independent_elbo_1,independent_elbo_1_se,independent_elbo_2,independent_elbo_2_se,independent_agreement_passed,converged,failure_reason,initialization,selected,experiment,case,data_seed,m_constraints,restart
rank2,2,softplus,1.0,-5.055671029917676,0.00311430968969462,6600,202,10.425765899941325,True,True,-5.070448985579843,0.019589655661297806,-5.056260126193614,0.019682793515946727,True,True,,independent,False,main,linear,0,5,0
rank2,2,softplus,1.0,-5.054581844553997,0.0014580436700664427,6800,192,10.533474599942565,True,True,-5.05982205077306,0.019570735784980975,-5.049341044843162,0.019258676519418687,True,True,,independent,False,main,linear,0,5,1
rank2,2,softplus,1.0,-5.054239760194495,0.0015553436331127023,6000,212,9.531916599953547,True,True,-5.0620066610197,0.019583331795009783,-5.056513211969763,0.01940963827786445,True,True,,independent,True,main,linear,0,5,2
rank2,2,softplus,1.0,-1.2770464072080703,2.3479636366808875e-05,3400,72,5.674589600181207,True,True,-1.3029357696233663,0.016021813321906306,-1.2708238111556798,0.015702088427567033,True,True,,independent,True,main,linear,10,5,0
rank2,2,softplus,1.0,-1.2772439775690856,2.3131887852384907e-05,4800,75,6.427368700038642,True,True,-1.2689314091220842,0.015150831808253797,-1.3139576001985662,0.015800234731996776,True,True,,independent,False,main,linear,10,5,1
rank2,2,softplus,1.0,-1.277176366873718,8.932166727854064e-05,3200,87,4.5978225998114794,True,True,-1.2727624980116024,0.015567518738238792,-1.2607020981539012,0.015594247394076326,True,True,,independent,False,main,linear,10,5,2
rank2,2,softplus,1.0,-6.341575953911324,0.000618882690876871,5000,421,11.846978100016713,True,True,-6.353944963402873,0.018961977461210516,-6.3584756376327904,0.019145707466551136,True,True,,independent,False,main,linear,11,5,0
rank2,2,softplus,1.0,-6.341637870309924,0.0020288681678231743,3800,319,7.695993500063196,True,True,-6.325750949835429,0.019029387173549524,-6.329613464526102,0.018532909072128047,True,True,,independent,False,main,linear,11,5,1
rank2,2,softplus,1.0,-6.3415412532370325,0.0022742396203165507,5800,300,9.358730799984187,True,True,-6.359249886484277,0.018904764212595078,-6.370482624185611,0.01928679654836346,True,True,,independent,True,main,linear,11,5,2
rank2,2,softplus,1.0,-4.669462402883635,0.0016792993793589592,4800,273,9.101630700053647,True,True,-4.6689295945588185,0.018759375940826103,-4.652647946785054,0.01918548046821749,True,True,,independent,False,main,linear,12,5,0
rank2,2,softplus,1.0,-4.669262897717006,0.000705764078930931,4600,262,7.962613000068814,True,True,-4.651781651177494,0.01892863880761873,-4.648862631910914,0.01882998308543483,True,True,,independent,True,main,linear,12,5,1
rank2,2,softplus,1.0,-4.6697573296025645,0.0013168191750645253,5200,251,8.173690099967644,True,True,-4.675531162900635,0.0186669007354781,-4.668492858993302,0.019486224549672596,True,True,,independent,False,main,linear,12,5,2
rank2,2,softplus,1.0,-5.691606522329753,0.0009708474408743202,3400,255,5.95395109988749,True,True,-5.663790076412395,0.018402604412317447,-5.68535419974792,0.018443541461340685,True,True,,independent,False,main,linear,13,5,0
rank2,2,softplus,1.0,-5.6915550639255486,0.001662900672351436,3200,303,6.8024847998749465,True,True,-5.703784680924462,0.019275601853096166,-5.708046399119368,0.019312343728154643,True,True,,independent,True,main,linear,13,5,1
rank2,2,softplus,1.0,-5.691692331652142,0.0022003924108844413,5000,388,9.370400999905542,True,True,-5.676977493008058,0.01898527901222949,-5.680181716736494,0.018902081043394473,True,True,,independent,False,main,linear,13,5,2
rank2,2,softplus,1.0,-6.22695217544835,0.00655365573917309,5800,437,10.930916900048032,True,True,-6.223837932166573,0.018920529879466328,-6.221958164811925,0.01899421775587967,True,True,,independent,False,main,linear,14,5,0
rank2,2,softplus,1.0,-6.226530552952351,0.004636579437910003,3000,348,6.6164390000049025,True,True,-6.210996812017703,0.01874369492535786,-6.2209497828697025,0.019418050796309,True,True,,independent,True,main,linear,14,5,1
rank2,2,softplus,1.0,-6.2267743152802595,0.0017965580519329223,5000,278,8.378499200101942,True,True,-6.206062282709692,0.018555584949734524,-6.208526861543537,0.018926719526194572,True,True,,independent,False,main,linear,14,5,2
rank2,2,softplus,1.0,-6.1177511806099965,0.0013113286818325844,5800,254,8.355981700122356,True,True,-6.121209249308304,0.01889962820483999,-6.116271379276434,0.01901633937187802,True,True,,independent,False,main,linear,15,5,0
rank2,2,softplus,1.0,-6.117912380521183,0.0008307983382654029,4800,244,7.195879400009289,True,True,-6.134508577913191,0.018467767828828228,-6.135099904580963,0.019280153465247293,True,True,,independent,False,main,linear,15,5,1
rank2,2,softplus,1.0,-6.117744229452338,0.0017249991991219239,5600,309,9.466652400093153,True,True,-6.112356337296779,0.01897635991781391,-6.14162521360659,0.0184846769356646,True,True,,independent,True,main,linear,15,5,2
rank2,2,softplus,1.0,-5.957258145765653,0.0029838379535744716,5000,308,8.10909239994362,True,True,-5.968249265842693,0.01917300730115838,-5.942064329395668,0.018613129674659515,True,True,,independent,False,main,linear,16,5,0
rank2,2,softplus,1.0,-5.957254703683773,0.0009174753977493188,3800,317,7.008473600028083,True,True,-5.968532775765409,0.019506509501564767,-5.977437576199385,0.019015097997635105,True,True,,independent,False,main,linear,16,5,1
rank2,2,softplus,1.0,-5.957221528663954,0.00039135706033843856,6200,252,10.929311000043526,True,True,-5.962607699493729,0.019104762387155434,-5.958783876065073,0.019012054750809897,True,True,,independent,True,main,linear,16,5,2
rank2,2,softplus,1.0,-3.0744540958842457,0.0006011547880303834,6200,137,7.670800699852407,True,True,-3.0675550789860226,0.018532686280271837,-3.093254709817751,0.018830526394216437,True,True,,independent,False,main,linear,17,5,0
rank2,2,softplus,1.0,-3.0744487327143535,0.0014025392610352361,5200,151,8.69045290001668,True,True,-3.064928588149326,0.018735729099906517,-3.1089121137744344,0.018997670632700872,True,True,,independent,False,main,linear,17,5,1
rank2,2,softplus,1.0,-3.0739353165090133,0.0006237155872360094,4400,130,7.154879900161177,True,True,-3.085455838667721,0.019056555353802764,-3.0599329456014885,0.01857880456630806,True,True,,independent,True,main,linear,17,5,2
rank2,2,softplus,1.0,-1.662879679669654,0.00016929950873940993,5600,89,8.673771400004625,True,True,-1.6615031439586603,0.017185192724292322,-1.6532155333572536,0.0165634899780836,True,True,,independent,False,main,linear,18,5,0
rank2,2,softplus,1.0,-1.6629547127065614,8.092689476956134e-05,4600,98,6.47912220004946,True,True,-1.667641214287967,0.017013371899462393,-1.6621083613644834,0.0171670633466105,True,True,,independent,False,main,linear,18,5,1
rank2,2,softplus,1.0,-1.6627155682134376,0.00033642117130904746,4400,96,6.052834799978882,True,True,-1.6427844806614589,0.016348332860343255,-1.6962068603650864,0.017556540458100865,True,True,,independent,True,main,linear,18,5,2
rank2,2,softplus,1.0,-6.0851390510914065,0.0020859792208765783,3000,298,7.343914899975061,True,True,-6.1088718401015445,0.019367106876797643,-6.114172672152712,0.019518304897492324,True,True,,independent,False,main,linear,19,5,0
rank2,2,softplus,1.0,-6.085056980540067,0.0017935815651237612,3800,304,8.13275450002402,True,True,-6.04484129942519,0.018349713842392517,-6.066668516422583,0.018475416200082247,True,True,,independent,True,main,linear,19,5,1
rank2,2,softplus,1.0,-6.085525018270715,0.0008314191999861457,5000,312,8.206287800101563,True,True,-6.0753211068829955,0.01902437481458189,-6.093450766772357,0.01889376885989262,True,True,,independent,False,main,linear,19,5,2
rank2,2,softplus,1.0,-6.387230013500776,0.0021251432701828595,3000,445,9.725999600021169,True,True,-6.3729937823050715,0.019169655106914266,-6.391258499506927,0.018990172858084336,True,True,,independent,True,main,linear,1,5,0
rank2,2,softplus,1.0,-6.387253616325687,0.002136580834798117,4200,289,8.585622000042349,True,True,-6.382700952484251,0.01903089513799637,-6.391968770457426,0.018738288702707308,True,True,,independent,False,main,linear,1,5,1
rank2,2,softplus,1.0,-6.387466490675237,0.0005946355799297687,5000,332,9.71471850015223,True,True,-6.385413341109762,0.018967125614663485,-6.405520878041592,0.018958665232409994,True,True,,independent,False,main,linear,1,5,2
rank2,2,softplus,1.0,-5.671642457428106,0.002177384733117006,5200,257,9.108015400124714,True,True,-5.674803301431753,0.019224748600176037,-5.677822512339379,0.019276285008985712,True,True,,independent,True,main,linear,2,5,0
rank2,2,softplus,1.0,-5.671707547672625,0.0006672920827556117,5600,286,10.05676420009695,True,True,-5.658485636694266,0.018931518209794763,-5.658855206966598,0.019055934012336295,True,True,,independent,False,main,linear,2,5,1
rank2,2,softplus,1.0,-5.671662494042515,0.0006461195999891994,5400,258,9.132324599893764,True,True,-5.646406168621233,0.018665943399470628,-5.701211385209307,0.01926575475209595,True,True,,independent,False,main,linear,2,5,2
rank2,2,softplus,1.0,-6.066738993784256,0.008004128597626692,4400,266,8.730958100175485,True,True,-6.065845778002281,0.01917433938163868,-6.0639235616486875,0.01940865737422697,True,True,,independent,True,main,linear,3,5,0
rank2,2,softplus,1.0,-6.066739336363934,0.002032665749866197,3000,232,6.272472499869764,True,True,-6.078484888141794,0.019691782506997223,-6.075002358480804,0.019552618415524393,True,True,,independent,False,main,linear,3,5,1
rank2,2,softplus,1.0,-6.066879497181134,0.001002541101959793,3800,314,8.398593199905008,True,True,-6.079532056260616,0.01896568877790694,-6.071267440107473,0.018133821234224568,True,True,,independent,False,main,linear,3,5,2
rank2,2,softplus,1.0,-6.114980714040648,0.003423735690667861,5000,241,8.155324399936944,True,True,-6.138413474747278,0.01938007714555482,-6.139089583335778,0.01920340602265708,True,True,,independent,False,main,linear,4,5,0
rank2,2,softplus,1.0,-6.114928366140543,0.0012957384122173348,5200,303,8.433964099967852,True,True,-6.1213186991457,0.019337322969517852,-6.119421390634208,0.019331686298064022,True,True,,independent,False,main,linear,4,5,1
rank2,2,softplus,1.0,-6.114789164218585,0.0015745147729586697,2400,364,6.342588600004092,True,True,-6.109822074771655,0.01910336692093254,-6.121318063289102,0.01905382533992319,True,True,,independent,True,main,linear,4,5,2
rank2,2,softplus,1.0,-6.406883990560715,0.0014917665312917832,3200,369,6.969473999924958,True,True,-6.4086953888610285,0.01897170866718514,-6.373522156356338,0.018284553910417674,True,True,,independent,False,main,linear,5,5,0
rank2,2,softplus,1.0,-6.406868790071396,0.0007545822429984103,3800,446,8.860755299916491,True,True,-6.380623464241467,0.019075493978646354,-6.40585765761717,0.01923957777678517,True,True,,independent,True,main,linear,5,5,1
rank2,2,softplus,1.0,-6.4069109562581374,0.0014431684340938012,4600,414,10.018597400048748,True,True,-6.412717689534926,0.019242046915551134,-6.415638358700255,0.01921223009116339,True,True,,independent,False,main,linear,5,5,2
rank2,2,softplus,1.0,-6.353791586299124,0.008010970789387678,3200,365,7.138955800095573,True,True,-6.3722844296264665,0.019296154372484154,-6.347676376560354,0.019164219047359442,True,True,,independent,False,main,linear,6,5,0
rank2,2,softplus,1.0,-6.353834639439846,0.0028729930084587375,4400,335,7.815135099925101,True,True,-6.347459708677912,0.019146627858234167,-6.351908965514943,0.018656961634532315,True,True,,independent,False,main,linear,6,5,1
rank2,2,softplus,1.0,-6.353361634207868,0.005134758586127293,3800,351,8.07533899997361,True,True,-6.3483488662753444,0.01895569466408867,-6.331878922266717,0.01872282237873957,True,True,,independent,True,main,linear,6,5,2
rank2,2,softplus,1.0,-6.423090138593217,0.0040108954514240635,4000,372,8.0791303999722,True,True,-6.404514854309958,0.018526378437650398,-6.431587766912006,0.018912059709389657,True,True,,independent,False,main,linear,7,5,0
rank2,2,softplus,1.0,-6.422918570838604,0.005058864908066659,7000,264,9.446315900189802,True,True,-6.4316554420647964,0.01902202815734562,-6.421194470627492,0.019187991319044622,True,True,,independent,True,main,linear,7,5,1
rank2,2,softplus,1.0,-6.423236976856117,0.003105371672798545,2000,313,6.315595200052485,True,True,-6.423632090938725,0.018933253344345608,-6.411552176127148,0.01899728947139431,True,True,,independent,False,main,linear,7,5,2
rank2,2,softplus,1.0,-1.18478749872029,4.570982259020029e-05,2000,92,3.542556299827993,True,True,-1.1799646569438695,0.01449423423441701,-1.1496190311070558,0.014748345146610803,True,True,,independent,False,main,linear,8,5,0
rank2,2,softplus,1.0,-1.184591410027636,2.8400698664685553e-05,2400,83,3.808733500074595,True,True,-1.1566101199736536,0.014276587356273433,-1.1690464257198983,0.014529707253647155,True,True,,independent,True,main,linear,8,5,1
rank2,2,softplus,1.0,-1.184799628092538,2.8010609356803783e-05,2600,146,5.796411900082603,True,True,-1.1711823436175899,0.014379613025927471,-1.174751283684151,0.014343727611130766,True,True,,independent,False,main,linear,8,5,2
rank2,2,softplus,1.0,-6.120026837483259,0.004286889850948059,4200,266,8.613171800039709,True,True,-6.094116061059634,0.019090140301656556,-6.096326901866775,0.018782996757238827,True,True,,independent,False,main,linear,9,5,0
rank2,2,softplus,1.0,-6.119999733323315,0.002217854134584106,3400,350,8.151286199921742,True,True,-6.120661242342242,0.0192236814343957,-6.094083773044428,0.018624438299085624,True,True,,independent,True,main,linear,9,5,1
rank2,2,softplus,1.0,-6.120105273188628,0.002779222841417804,4600,281,7.9313818998634815,True,True,-6.139052401862206,0.018870758981252577,-6.111934281066008,0.018974711346324856,True,True,,independent,False,main,linear,9,5,2
rank2,2,softplus,1.0,-0.4098371652679207,0.00010633551035578346,1800,51,3.8712679999880493,True,True,-0.4035415296981116,0.009147871441961207,-0.3954408054327828,0.009089067255270075,True,True,,independent,False,main,log,0,5,0
rank2,2,softplus,1.0,-0.40942401901245784,0.0002960493835794013,1800,75,4.367577200056985,True,True,-0.4020305959535708,0.008478511085062953,-0.4220707628614848,0.009297103264726022,True,True,,independent,True,main,log,0,5,1
rank2,2,softplus,1.0,-0.4102716886949631,0.00036005829242966557,2400,142,4.95558000006713,True,True,-0.4132125743385535,0.009758561439898382,-0.39928724294623935,0.008807397329001631,True,True,,independent,False,main,log,0,5,2
rank2,2,softplus,1.0,-0.2780856690098519,0.00011546351694173157,1600,57,2.8447147000115365,True,True,-0.2778330316649223,0.0082875641319706,-0.2731595144495629,0.008354923299317911,True,True,,independent,False,main,log,10,5,0
rank2,2,softplus,1.0,-0.2771167418145639,9.748052790795603e-05,1400,79,3.161553299985826,True,True,-0.25582504394427025,0.008118474926971169,-0.2771525167006023,0.008446090833049707,True,True,,independent,True,main,log,10,5,1
rank2,2,softplus,1.0,-0.27740073596605885,0.00020176814918149833,2000,75,3.5037994999438524,True,True,-0.27824927978354264,0.008439130496214716,-0.27885462398394445,0.007976150896466893,True,True,,independent,False,main,log,10,5,2
rank2,2,softplus,1.0,-0.721290848776933,0.0003237097381811261,2200,77,3.921846600016579,True,True,-0.738157177189841,0.013639918288415355,-0.7500827372570185,0.013787130650786066,True,True,,independent,False,main,log,11,5,0
rank2,2,softplus,1.0,-0.7212414365794526,0.00020496784891340763,2400,65,4.381219299975783,True,True,-0.7047013338604353,0.013618931650911758,-0.7180089532059424,0.01354310324952646,True,True,,independent,True,main,log,11,5,1
rank2,2,softplus,1.0,-0.7234777191572075,0.0005773724075017502,2200,103,3.893562500132248,True,True,-0.7091666814619231,0.01338843251713846,-0.7577820403265456,0.013763813015122512,True,True,,independent,False,main,log,11,5,2
rank2,2,softplus,1.0,-1.7840550675589775,0.00057609524563048,2600,102,4.294062000000849,True,True,-1.7607333335130888,0.018747546789314753,-1.806691028894809,0.01865785693772115,True,True,,independent,True,main,log,12,5,0
rank2,2,softplus,1.0,-1.784807043723056,0.0010975001701506535,3600,72,5.358106900006533,True,True,-1.8207863315892556,0.019507380513390793,-1.775523374839805,0.018056720620996943,True,True,,independent,False,main,log,12,5,1
rank2,2,softplus,1.0,-1.7842510667540328,0.00028322409038310887,3400,112,5.012119800085202,True,True,-1.786507260333881,0.01862129050094356,-1.7681992931697392,0.01834519340488968,True,True,,independent,False,main,log,12,5,2
rank2,2,softplus,1.0,-0.8421417838675125,0.00036967490324230973,4800,147,7.967936399858445,True,True,-0.8550920675297503,0.009296872987372633,-0.8607733241411473,0.01068084584373408,True,True,,independent,True,main,log,13,5,0
rank2,2,softplus,1.0,-0.8423037099262134,0.0001859548761391901,4800,171,8.454214200144634,True,True,-0.8216400613220479,0.008275250387107752,-0.8329606679220118,0.010384154062409466,True,True,,independent,False,main,log,13,5,1
rank2,2,softplus,1.0,-1.0822704504675151,0.00025578993643008823,4800,58,5.621655400143936,True,True,-1.0956904394295672,0.01170620495984641,-1.0766035734480623,0.011878309520690404,True,True,,independent,False,main,log,13,5,2
rank2,2,softplus,1.0,-0.46675357243286125,0.00037926335653745474,2200,72,4.173473699949682,True,True,-0.46543071335313346,0.00920001485388542,-0.4723149943532895,0.009338391275582763,True,True,,independent,True,main,log,14,5,0
rank2,2,softplus,1.0,-0.467236562384246,0.00020940844371247015,1200,220,3.8756308001466095,True,True,-0.4451869708022183,0.008465083416954565,-0.46659378862480827,0.009200038870186153,True,True,,independent,False,main,log,14,5,1
rank2,2,softplus,1.0,-0.46702938908323877,0.00034062190896922047,1600,148,3.65183710004203,True,True,-0.45662772700482696,0.00881156531969948,-0.478714436458032,0.009027685351869666,True,True,,independent,False,main,log,14,5,2
rank2,2,softplus,1.0,-0.5028211866057541,0.0008385735702647336,1200,174,3.6526962001807988,True,True,-0.5105297028554676,0.00886957307849535,-0.49158831098525757,0.007591722961813678,True,True,,independent,True,main,log,15,5,0
rank2,2,softplus,1.0,-0.5030421582026525,0.00034703767776392025,1000,166,4.169234200147912,True,True,-0.5166620944937753,0.008204660282942082,-0.4926689167762149,0.008299802657474875,True,True,,independent,False,main,log,15,5,1
rank2,2,softplus,1.0,-0.5043150583712879,0.000787055133655796,1200,129,3.5011378000490367,True,True,-0.499482621011679,0.008733964966514749,-0.5004618907329412,0.009165951639460984,True,True,,independent,False,main,log,15,5,2
rank2,2,softplus,1.0,-0.9000505341428171,0.0006490754429528716,1000,130,2.934243399882689,True,True,-0.8830815795278616,0.011081110340237621,-0.8922803734241251,0.011784686857867287,True,True,,independent,False,main,log,16,5,0
rank2,2,softplus,1.0,-0.9026188907390342,0.0005803185147253411,1000,106,2.6291402999777347,True,True,-0.8977415349162915,0.01224596646872893,-0.9152278270160785,0.011799646043717056,True,True,,independent,False,main,log,16,5,1
rank2,2,softplus,1.0,-0.8999648941631305,0.0004614379447433489,1200,121,3.239925100002438,True,True,-0.9142100167047191,0.012325348035554068,-0.9034958440319927,0.011405326707369745,True,True,,independent,True,main,log,16,5,2
rank2,2,softplus,1.0,-2.681721805151928,0.00047581161136410694,8000,90,9.684404999949038,True,True,-2.679292167368086,0.017487618380392485,-2.6784376248102726,0.017527013779604687,True,True,,independent,False,main,log,17,5,0
rank2,2,softplus,1.0,-2.680825601465008,0.0004479650959584607,8000,147,10.533915200037882,True,True,-2.689124324778161,0.01795567790311086,-2.662046565020812,0.01776920234677527,True,True,,independent,True,main,log,17,5,1
rank2,2,softplus,1.0,-2.683375539163011,0.0009752275590744928,6400,227,10.79142770008184,True,True,-2.669241250452262,0.017592651695881235,-2.6992123798008,0.01871880124519054,True,True,,independent,False,main,log,17,5,2
rank2,2,softplus,1.0,-0.15645686169883977,0.00015161622460933353,2400,62,4.523566100047901,True,True,-0.16379277741935708,0.006155598576820823,-0.14810194871534776,0.005662157191754461,True,True,,independent,True,main,log,18,5,0
rank2,2,softplus,1.0,-0.15737134087136173,0.00019108641219769168,2000,49,3.556934099877253,True,True,-0.15862928994815095,0.005556670995861729,-0.15660024482824286,0.006238004026444086,True,True,,independent,False,main,log,18,5,1
rank2,2,softplus,1.0,-0.15695934639919784,0.0001764350006217083,2200,55,3.0786877998616546,True,True,-0.1641058117332623,0.006369596499605047,-0.15904698905028655,0.006371995537475483,True,True,,independent,False,main,log,18,5,2
rank2,2,softplus,1.0,-0.7659206340634115,0.00033505036331625196,3000,85,3.99633920006454,True,True,-0.7788118122578399,0.014018875361125583,-0.7454096326516326,0.013632870950827448,True,True,,independent,False,main,log,19,5,0
rank2,2,softplus,1.0,-0.7648873778410481,0.00014247451601985526,1800,113,3.0711258000228554,True,True,-0.7633674500713545,0.01373484580239026,-0.7620278509680677,0.013692656541616532,True,True,,independent,False,main,log,19,5,1
rank2,2,softplus,1.0,-0.7643290498598891,0.000256440553300899,3000,63,3.8112025998998433,True,True,-0.7619175741401323,0.013425949148659203,-0.737096563109624,0.013217693486352823,True,True,,independent,True,main,log,19,5,2
rank2,2,softplus,1.0,-0.4716999328481233,0.00019247285666848648,2400,61,3.8165074998978525,True,True,-0.4632261263781392,0.010979080890443842,-0.4626499472042708,0.011034735472923746,True,True,,independent,False,main,log,1,5,0
rank2,2,softplus,1.0,-0.4710263502207397,0.0004166205821126184,2000,84,3.3297747001051903,True,True,-0.4623392010657867,0.011124464635358874,-0.4724716524354861,0.011083958789079551,True,True,,independent,True,main,log,1,5,1
rank2,2,softplus,1.0,-0.47165237923815706,0.00016786467772308915,1800,74,2.9931036999914795,True,True,-0.4802321360577594,0.011149199947481366,-0.4614719810009409,0.011252837442577953,True,True,,independent,False,main,log,1,5,2
rank2,2,softplus,1.0,-1.3103460209320124,0.0003003308563295823,8000,60,10.005860299803317,True,True,-1.311938416250351,0.011434438277359517,-1.3214176155915736,0.01173429245663583,True,True,,independent,True,main,log,2,5,0
rank2,2,softplus,1.0,-1.3105773330884285,0.00025870631125303716,8000,66,9.164899499854073,True,True,-1.3417131461038236,0.012327140391795891,-1.3227756117795146,0.01141520385760649,True,True,,independent,False,main,log,2,5,1
rank2,2,softplus,1.0,-1.3107235077164534,0.00018397452878297926,8000,47,8.743244300130755,True,True,-1.3109176484659195,0.012150396975575713,-1.2962412587283372,0.010732318037797619,True,True,,independent,False,main,log,2,5,2
rank2,2,softplus,1.0,-0.20040345497258638,0.00022883592967072475,1800,61,3.1292739000637084,True,True,-0.21110264528209577,0.0067161272546441475,-0.19169314564085588,0.006500026211149674,True,True,,independent,False,main,log,3,5,0
rank2,2,softplus,1.0,-0.20034544626245143,0.00041732097877984363,1600,66,3.247248499887064,True,True,-0.19327771491615875,0.006241143146062091,-0.19005659511278541,0.006595411435319849,True,True,,independent,False,main,log,3,5,1
rank2,2,softplus,1.0,-0.20014492341519752,0.00013792423534785477,2400,66,4.966061499901116,True,True,-0.195804137073356,0.006689158083241052,-0.1999694287620154,0.006270546991114468,True,True,,independent,True,main,log,3,5,2
rank2,2,softplus,1.0,-0.3922071293837499,0.0003623735484207172,1000,80,2.8825386001262814,True,True,-0.38624512843008707,0.009170153880289309,-0.39542170001873866,0.009128570145140036,True,True,,independent,False,main,log,4,5,0
rank2,2,softplus,1.0,-0.3898157520060668,0.0002722576432028224,2800,78,4.497412600088865,True,True,-0.39894862228857286,0.009148279471859998,-0.38047634273848563,0.008750636560167871,True,True,,independent,True,main,log,4,5,1
rank2,2,softplus,1.0,-0.39057752461923423,0.0002260896342347205,2600,64,3.920797999948263,True,True,-0.3939481523701178,0.009214794738442387,-0.3924053054231739,0.009347988233456618,True,True,,independent,False,main,log,4,5,2
rank2,2,softplus,1.0,-0.45490887167019745,0.00025212084547416403,1400,95,3.054778499994427,True,True,-0.4429100958614919,0.009657078643300268,-0.46682549104252674,0.010125732828470731,True,True,,independent,False,main,log,5,5,0
rank2,2,softplus,1.0,-0.454012622517598,0.00023250478686206552,1600,49,2.42400459991768,True,True,-0.45068577273508215,0.010411955059560723,-0.45380761916189494,0.009637030165920936,True,True,,independent,True,main,log,5,5,1
rank2,2,softplus,1.0,-0.4555407748130127,0.0005610953565616217,1400,143,13.211505899904296,True,True,-0.4819281087478965,0.009998064472533602,-0.4616769877577411,0.009527439272441731,True,True,,independent,False,main,log,5,5,2
rank2,2,softplus,1.0,-1.545073843091545,0.0034253962821755974,8000,60,9.056327200029045,True,True,-1.5382677609672064,0.013070151118294137,-1.5384381421030153,0.01307176543764242,True,True,,independent,False,main,log,6,5,0
rank2,2,softplus,1.0,-1.544392347255884,0.002789960206405642,8000,77,10.232465300010517,True,True,-1.554101911112137,0.012987451107068703,-1.5344202000216172,0.012214151505144417,True,True,,independent,False,main,log,6,5,1
rank2,2,softplus,1.0,-1.5405384048887885,0.001295875514765575,8000,71,11.698778900085017,True,True,-1.5463143885281194,0.01476452534680235,-1.5303382811677033,0.011965197203937074,True,True,,independent,True,main,log,6,5,2
rank2,2,softplus,1.0,-0.11931404401978662,0.00010667868865844004,2000,60,3.6480467999354005,True,True,-0.12670046179686953,0.005486759951786845,-0.12126233116826413,0.005423487755585704,True,True,,independent,True,main,log,7,5,0
rank2,2,softplus,1.0,-0.11983102175440763,7.274328997527593e-05,2600,37,3.784020199906081,True,True,-0.11577762201173264,0.005227177621866145,-0.11563786408812593,0.0054757260795569645,True,True,,independent,False,main,log,7,5,1
rank2,2,softplus,1.0,-0.12031214652957933,0.00011941278322782179,1600,92,2.8102263000328094,True,True,-0.10168318163512205,0.005301257968531956,-0.11375887920105682,0.005285553779124972,True,True,,independent,False,main,log,7,5,2
rank2,2,softplus,1.0,-0.14157719810414449,7.555322664274163e-05,2000,60,3.2763173999264836,True,True,-0.14576913342366227,0.005622028316216309,-0.13514819609448317,0.005716376816761216,True,True,,independent,True,main,log,8,5,0
rank2,2,softplus,1.0,-0.1424531175152417,0.0001293496481039153,1400,65,2.9161662999540567,True,True,-0.1484321440819037,0.005724634419258108,-0.13854784659569908,0.005526366089211278,True,True,,independent,False,main,log,8,5,1
rank2,2,softplus,1.0,-0.14327859856520453,0.0002759588123391242,2400,78,4.561756399925798,True,True,-0.14443181220826484,0.0058855869120872425,-0.1365606247351566,0.005632268914794163,True,True,,independent,False,main,log,8,5,2
rank2,2,softplus,1.0,-0.7827049069282648,0.0004145544010194595,1600,81,2.5640342000406235,True,True,-0.7610865463090947,0.013505150587276244,-0.8020303018936701,0.013859103229395101,True,True,,independent,False,main,log,9,5,0
rank2,2,softplus,1.0,-0.7809014564967898,0.0002114738488872143,2200,81,3.8852070001885295,True,True,-0.7885459435871256,0.013777818870154354,-0.8047651584365061,0.014115461363500757,True,True,,independent,False,main,log,9,5,1
rank2,2,softplus,1.0,-0.7805558323598514,0.000185547338578193,2000,62,4.374424899928272,True,True,-0.7824884141424264,0.013559046909299726,-0.7718606758816062,0.013997182463940331,True,True,,independent,True,main,log,9,5,2
rank2,2,softplus,1.0,-9.026255388688302,0.000622823879532087,4400,80,5.678715199930593,True,True,-9.027884334238355,0.01210993575260745,-9.018079468316365,0.010992971690528843,True,True,,independent,False,main,sigmoid,0,5,0
rank2,2,softplus,1.0,-9.025708408082489,0.0007348480306669188,4200,78,5.804953300161287,True,True,-9.039043388015873,0.011513413096202801,-9.045483172318125,0.01306688744265632,True,True,,independent,True,main,sigmoid,0,5,1
rank2,2,softplus,1.0,-9.026524032456923,0.0007369377696693906,4200,91,7.447577899787575,True,True,-9.02909923354671,0.010610557048786858,-9.021743941124951,0.010340190152812966,True,True,,independent,False,main,sigmoid,0,5,2
rank2,2,softplus,1.0,-7.958347320010155,0.000569554546488381,4200,90,6.118160099955276,True,True,-7.956796026468784,0.010916021509914752,-7.947761475797973,0.010293541009522908,True,True,,independent,True,main,sigmoid,10,5,0
rank2,2,softplus,1.0,-7.961829104270004,0.0011960809771193993,3600,55,4.8542222999967635,True,True,-7.952215837256103,0.010340980777057805,-7.958839975448232,0.010896391478977498,True,True,,independent,False,main,sigmoid,10,5,1
rank2,2,softplus,1.0,-7.96445726934463,0.0014987805441492382,3600,48,4.867820700164884,True,True,-7.955783120387965,0.010563843240763392,-7.975531282143482,0.013699631400908695,True,True,,independent,False,main,sigmoid,10,5,2
rank2,2,softplus,1.0,-6.67467782359128,0.002208196035895786,7200,57,9.174836299847811,True,True,-6.676178584352284,0.0163949809249122,-6.682872679717134,0.013269714860278718,True,True,,independent,False,main,sigmoid,11,5,0
rank2,2,softplus,1.0,-6.673001132625076,0.004227289200578643,6800,101,9.861988099990413,True,True,-6.720408558279242,0.015303260354412342,-6.668476050880154,0.01253496515329058,True,True,,independent,True,main,sigmoid,11,5,1
rank2,2,softplus,1.0,-6.67482128198328,0.001631353447680798,6800,75,7.9116498997900635,True,True,-6.684691491716817,0.013150236655769698,-6.7004895059107845,0.015332982073072033,True,True,,independent,False,main,sigmoid,11,5,2
rank2,2,softplus,1.0,-8.034035750887796,0.004507407179344841,8000,83,10.10589149990119,True,True,-8.024373612650372,0.01411144636712804,-8.037190372462177,0.01568856591043059,True,True,,independent,False,main,sigmoid,12,5,0
rank2,2,softplus,1.0,-8.030530430576457,0.0019699631322984226,8000,64,9.339489399921149,True,True,-8.037580722036608,0.014172873927002734,-8.043988842946934,0.01589091427081449,True,True,,independent,False,main,sigmoid,12,5,1
rank2,2,softplus,1.0,-8.029407664179947,0.0016036623004022793,8000,53,8.624831599881873,True,True,-8.017979879963491,0.017355474601744806,-8.034014369809949,0.017848465741867943,True,True,,independent,True,main,sigmoid,12,5,2
rank2,2,softplus,1.0,-5.38357660625652,0.00043368111189658564,3000,164,5.69849650003016,True,True,-5.385226648188,0.009787554177511362,-5.382964141804768,0.010778515262067714,True,True,,independent,False,main,sigmoid,13,5,0
rank2,2,softplus,1.0,-5.381300859380136,0.00045049785721001294,2800,102,4.355022999923676,True,True,-5.379973663254484,0.009963059529259598,-5.374466971114232,0.009797467739462131,True,True,,independent,True,main,sigmoid,13,5,1
rank2,2,softplus,1.0,-5.384387744055639,0.0006122366989999768,3000,61,3.7704950000625104,True,True,-5.39195780671332,0.010695662159596487,-5.370821177398851,0.00999687313069912,True,True,,independent,False,main,sigmoid,13,5,2
rank2,2,softplus,1.0,-5.482707322959564,0.0006722557935762912,2600,108,5.704977599903941,True,True,-5.462673403302356,0.009583397523249687,-5.484120797052015,0.010837376743766187,True,True,,independent,False,main,sigmoid,14,5,0
rank2,2,softplus,1.0,-5.481318248293343,0.00044644854992222945,3000,134,5.449657800141722,True,True,-5.498520089516211,0.011083725703303356,-5.506642392288322,0.011789434520495062,True,True,,independent,True,main,sigmoid,14,5,1
rank2,2,softplus,1.0,-5.482858501083697,0.00037593079651593607,3000,118,4.717515300028026,True,True,-5.478773605054297,0.009770100220795311,-5.464218822977772,0.009400580400198214,True,True,,independent,False,main,sigmoid,14,5,2
rank2,2,softplus,1.0,-9.706131388684428,0.0008343464618433548,6000,72,6.749593099812046,True,True,-9.714776549386322,0.011936214793009794,-9.699615743685463,0.011749222846347784,True,True,,independent,False,main,sigmoid,15,5,0
rank2,2,softplus,1.0,-9.702977515586955,0.0005104183061977016,6200,86,8.488855100004002,True,True,-9.69835337939937,0.01311349757696688,-9.704347293153461,0.012074912493177575,True,True,,independent,False,main,sigmoid,15,5,1
rank2,2,softplus,1.0,-9.698777845044084,0.0006013386192734215,6000,63,9.277489600004628,True,True,-9.71316995566898,0.01440520209579368,-9.686860320682012,0.012146493772020088,True,True,,independent,True,main,sigmoid,15,5,2
rank2,2,softplus,1.0,-6.712786195790537,0.0034613125116702763,4200,73,5.994770699879155,True,True,-6.705575489451235,0.011762707146146186,-6.712457339880672,0.011603452713877279,True,True,,independent,False,main,sigmoid,16,5,0
rank2,2,softplus,1.0,-6.711071992443964,0.0018182154635163305,4600,160,6.944357600063086,True,True,-6.720707511836979,0.01448973994520203,-6.737457106810557,0.01279524235183014,True,True,,independent,False,main,sigmoid,16,5,1
rank2,2,softplus,1.0,-6.709327038327121,0.0007900846357635487,4800,88,9.236519099911675,True,True,-6.7187287820932555,0.011076950804637872,-6.720323900701375,0.011887551013756655,True,True,,independent,True,main,sigmoid,16,5,2
rank2,2,softplus,1.0,-5.732213118692778,0.0035425420380445407,3200,74,4.9756216001696885,True,True,-5.706861679982056,0.009808989469876385,-5.759577063503108,0.011949102688075856,False,False,independent_elbo_agreement,independent,False,main,sigmoid,17,5,0
rank2,2,softplus,1.0,-5.7308218278807885,0.00048059791181880853,3000,128,6.909098699921742,True,True,-5.756262117333435,0.01106258090337608,-5.716015307638481,0.009968484996380589,True,True,,independent,False,main,sigmoid,17,5,1
rank2,2,softplus,1.0,-5.7304117383049675,0.0003063324391068548,3000,112,5.073714700061828,True,True,-5.733296741704937,0.01142548364821464,-5.7244453247736455,0.010765767567824956,True,True,,independent,True,main,sigmoid,17,5,2
rank2,2,softplus,1.0,-7.098340594181176,0.0006331808754459761,5800,65,8.903125599958003,True,True,-7.11394757326899,0.01469098494264037,-7.11669194055346,0.012546021923274748,True,True,,independent,True,main,sigmoid,18,5,0
rank2,2,softplus,1.0,-7.102117405616284,0.001081736833867963,5800,43,7.311340299900621,True,True,-7.125372476062058,0.013046464073427199,-7.102580258527064,0.011613787137929625,True,True,,independent,False,main,sigmoid,18,5,1
rank2,2,softplus,1.0,-7.10380994101454,0.0009943901462549337,5600,49,6.299515400081873,True,True,-7.1051932015344335,0.01238703428456056,-7.090559713890107,0.013752385139266616,True,True,,independent,False,main,sigmoid,18,5,2
rank2,2,softplus,1.0,-6.761170760385079,0.000683973505730076,5600,86,6.747529600048438,True,True,-6.748063271627245,0.013271875398886327,-6.758404424879908,0.011499142504524145,True,True,,independent,False,main,sigmoid,19,5,0
rank2,2,softplus,1.0,-6.762016638855425,0.0014601256428277882,5200,112,6.442342600086704,True,True,-6.7710040750225735,0.013096495649502665,-6.77167040538013,0.012877175826038716,True,True,,independent,False,main,sigmoid,19,5,1
rank2,2,softplus,1.0,-6.760940488386819,0.0010403642467833514,4400,87,5.173413099953905,True,True,-6.76063681307034,0.013017487876053117,-6.724922021262847,0.012110363168719518,True,True,,independent,True,main,sigmoid,19,5,2
rank2,2,softplus,1.0,-2.522864954626886,0.00013782520441848626,3400,96,5.607097000116482,True,True,-2.5280541143851085,0.009924931941167567,-2.54186333310929,0.010404859191541996,True,True,,independent,False,main,sigmoid,1,5,0
rank2,2,softplus,1.0,-2.522065766410269,0.00026928828960265654,3400,69,4.874246699968353,True,True,-2.5093632867865967,0.009716030852313708,-2.5282875318915563,0.009861936672844794,True,True,,independent,True,main,sigmoid,1,5,1
rank2,2,softplus,1.0,-2.52543338781141,0.00663072572115442,3600,89,7.099873299943283,True,True,-2.527566669526918,0.00970673793152921,-2.5195750888009165,0.0100415417800057,True,True,,independent,False,main,sigmoid,1,5,2
rank2,2,softplus,1.0,-4.848400897788993,0.0008563874068140984,2400,75,4.277788499835879,True,True,-4.8556116506052085,0.010399152838586698,-4.845963477368829,0.010611497129616025,True,True,,independent,False,main,sigmoid,2,5,0
rank2,2,softplus,1.0,-4.846109771693412,0.0003230565685284824,2400,64,3.707060599932447,True,True,-4.84828966856499,0.009826061969335916,-4.856322795994121,0.010702823681901492,True,True,,independent,True,main,sigmoid,2,5,1
rank2,2,softplus,1.0,-4.846844149177329,0.0004689655625342228,2400,68,3.937736599938944,True,True,-4.841135612782825,0.009936318342475728,-4.848877910704957,0.009931876284031797,True,True,,independent,False,main,sigmoid,2,5,2
rank2,2,softplus,1.0,-4.125402114243343,0.0016143085073641876,7400,73,9.970213999971747,True,True,-4.112730414263653,0.014709928220029174,-4.098540218703833,0.013672898371498531,True,True,,independent,True,main,sigmoid,3,5,0
rank2,2,softplus,1.0,-4.128706804751911,0.0025177023069312353,7800,75,9.249774900032207,True,True,-4.115956799570149,0.015009353678550295,-4.126109738367978,0.014942994812710069,True,True,,independent,False,main,sigmoid,3,5,1
rank2,2,softplus,1.0,-4.1269087179828325,0.0016225061515965195,7600,85,9.312148199882358,True,True,-4.097582442259817,0.014045077200390499,-4.146100169566485,0.01536567116111486,True,True,,independent,False,main,sigmoid,3,5,2
rank2,2,softplus,1.0,-7.586654149349931,0.0013157701230580902,7600,73,9.635476600145921,True,True,-7.578189229360721,0.01611875827149289,-7.581530580316169,0.016194098336811347,True,True,,independent,False,main,sigmoid,4,5,0
rank2,2,softplus,1.0,-7.586011733694996,0.0014484429349474184,8000,90,9.051528099924326,True,True,-7.570419073651094,0.013231749114172133,-7.57973568173138,0.015169458171104266,True,True,,independent,False,main,sigmoid,4,5,1
rank2,2,softplus,1.0,-7.583610062372159,0.0004097648949182455,7800,66,8.771256499923766,True,True,-7.597321209627305,0.014622547870410533,-7.594757108135161,0.01668713345373013,True,True,,independent,True,main,sigmoid,4,5,2
rank2,2,softplus,1.0,-7.289313666808807,0.0005491565805877981,6000,56,7.243548800004646,True,True,-7.293794115456272,0.013779680658842835,-7.257120824371615,0.012260621466439876,True,True,,independent,True,main,sigmoid,5,5,0
rank2,2,softplus,1.0,-7.2975124534980615,0.0014812545088691063,5600,74,6.687720600049943,True,True,-7.293493003434591,0.014538489209757715,-7.277912099166596,0.011489285768161597,True,True,,independent,False,main,sigmoid,5,5,1
rank2,2,softplus,1.0,-7.294462753826561,0.0018839997368128851,6400,68,7.423660299973562,True,True,-7.3048370995303,0.014732253027299943,-7.283964630646287,0.012856743000694743,True,True,,independent,False,main,sigmoid,5,5,2
rank2,2,softplus,1.0,-4.732857735758692,0.005658860942133407,3000,111,5.522125600138679,True,True,-4.735905489449904,0.009234700983305706,-4.729496953894953,0.009153712354005746,True,True,,independent,True,main,sigmoid,6,5,0
rank2,2,softplus,1.0,-4.736502923660791,0.0007402016297613809,2600,66,3.677847399841994,True,True,-4.742024352112555,0.009555654985136565,-4.71693945607285,0.009344365741171364,True,True,,independent,False,main,sigmoid,6,5,1
rank2,2,softplus,1.0,-4.734376252144061,0.00024568253581668735,3000,81,4.306642800103873,True,True,-4.719660559072729,0.008746719493937438,-4.74349505109782,0.009144351098957903,True,True,,independent,False,main,sigmoid,6,5,2
rank2,2,softplus,1.0,-5.327205879055954,0.00042373774751205604,4000,90,5.251286200014874,True,True,-5.300728002893564,0.0105596481428738,-5.328857786466163,0.010912430688017281,True,True,,independent,True,main,sigmoid,7,5,0
rank2,2,softplus,1.0,-5.329779855795014,0.0005265941195041538,4200,145,6.537564600119367,True,True,-5.3051539899090585,0.009843042262677097,-5.355684619145988,0.011501446740029512,False,False,independent_elbo_agreement,independent,False,main,sigmoid,7,5,1
rank2,2,softplus,1.0,-5.3302017983039445,0.0012588196196471908,4200,91,5.281366099836305,True,True,-5.324479518995142,0.011537989189873529,-5.324679570139841,0.010844027738422825,True,True,,independent,False,main,sigmoid,7,5,2
rank2,2,softplus,1.0,-5.649295229780261,0.0015574467621557082,5600,89,8.433011499932036,True,True,-5.634483310247711,0.013855914125887424,-5.640374329561665,0.014629336737958732,True,True,,independent,False,main,sigmoid,8,5,0
rank2,2,softplus,1.0,-5.626982088377604,0.0010830782253030303,8000,90,11.00979940011166,True,True,-5.619070594658183,0.012943330328004361,-5.624662093548494,0.012026058907867369,True,True,,independent,True,main,sigmoid,8,5,1
rank2,2,softplus,1.0,-5.628941883592109,0.0013324838434317747,8000,77,10.91627710009925,True,True,-5.644452311769897,0.013223704223225396,-5.608743171520822,0.013150849214135922,True,True,,independent,False,main,sigmoid,8,5,2
rank2,2,softplus,1.0,-6.047150124047842,0.00289562662250273,2600,113,4.529552599880844,True,True,-6.0652670061807115,0.011231172245087193,-6.050312411932199,0.012064233466632098,True,True,,independent,False,main,sigmoid,9,5,0
rank2,2,softplus,1.0,-6.044433588149923,0.0031844852947495905,3000,70,4.627825699979439,True,True,-6.053617924787025,0.011068312800488683,-6.053510062127661,0.011726833907007128,True,True,,independent,True,main,sigmoid,9,5,1
rank2,2,softplus,1.0,-6.04538317899138,0.0006212651988894334,2600,79,4.034880999941379,True,True,-6.041617531728194,0.010187067312565681,-6.05794792321041,0.01024304847653852,True,True,,independent,False,main,sigmoid,9,5,2
