family,rank,map,map_scale,validation_elbo,normalized_gradient,adam_steps,lbfgs_iterations,wall_time_seconds,plateau_passed,gradient_passed,independent_elbo_1,independent_elbo_1_se,independent_elbo_2,independent_elbo_2_se,independent_agreement_passed,converged,failure_reason,initialization,selected,experiment,case,data_seed,m_constraints,derivative_scale,restart
rank2,2,softplus,1.0,-57.44612342590845,0.699013452379756,8000,500,49.579960300121456,True,False,-57.5113213953654,0.0528515870707445,-57.58408430647237,0.05382543514058495,True,False,normalized_gradient,independent,False,map,log,0,20,0.05247499375245364,0
rank2,2,softplus,1.0,-57.574926507610314,2.1280736313137845,8000,500,53.76129760011099,True,False,-57.54039115255043,0.051498152206933746,-57.56852196806746,0.0517311906099981,True,False,normalized_gradient,independent,False,map,log,0,20,0.05247499375245364,1
rank2,2,softplus,1.0,-57.29457279860479,2.1403538609813855,7000,500,50.964553699828684,True,False,-57.24411419144456,0.057754372538353894,-57.28647757141397,0.05543785052793783,True,False,normalized_gradient,independent,False,map,log,0,20,0.05247499375245364,2
rank2,2,exp,1.0,-59.22292412890663,1.1985930855659561,8000,500,31.168077199952677,True,False,-59.296596143082766,0.05928641985886121,-59.356087064137824,0.05946771158367891,True,False,normalized_gradient,independent,False,map,log,0,20,0.05247499375245364,0
rank2,2,exp,1.0,-60.32580513263079,0.8838024247249708,8000,500,31.52867849986069,True,False,-60.387739069669585,0.065487235322252,-60.28987731575138,0.06556793718042528,True,False,normalized_gradient,independent,False,map,log,0,20,0.05247499375245364,1
rank2,2,exp,1.0,-61.38530062651782,1.8220501884577147,7800,500,29.87480380013585,True,False,-61.379851838260436,0.06880208658930523,-61.4138778321229,0.07225635635134706,True,False,normalized_gradient,independent,False,map,log,0,20,0.05247499375245364,2
rank2,2,squareplus,0.01311874843811341,-50.4697027876162,2.4125367901241868,7400,500,58.27437189989723,True,False,-50.46728136191862,0.039306099373869446,-50.490232697000465,0.039684191529658255,True,False,normalized_gradient,independent,False,map,log,0,20,0.05247499375245364,0
rank2,2,squareplus,0.01311874843811341,-50.05155053173178,0.6719112716615577,7200,500,58.52331129997037,True,False,-50.06410867645895,0.03856711687570866,-50.017223538510976,0.037795142756759784,True,False,normalized_gradient,independent,False,map,log,0,20,0.05247499375245364,1
rank2,2,squareplus,0.01311874843811341,-49.8426009822993,0.8400180914291957,8000,500,61.78887859988026,True,False,-49.87956861599358,0.03964281302926011,-49.87170502625945,0.03917051603573044,True,False,normalized_gradient,independent,False,map,log,0,20,0.05247499375245364,2
rank2,2,softplus,1.0,-0.4094851071782113,0.0002044466779564769,2000,62,3.3393606001045555,True,True,-0.4058789193137709,0.009260887695879226,-0.4088792989250174,0.0094216565479269,True,True,,independent,True,map,log,0,5,0.051555328087114834,0
rank2,2,softplus,1.0,-0.411280777868654,0.0005152228140040238,2000,74,3.253766299923882,True,True,-0.419149020471105,0.009314560523801139,-0.416950327381163,0.009474115475159068,True,True,,independent,False,map,log,0,5,0.051555328087114834,1
rank2,2,softplus,1.0,-0.4106932360493931,0.0005093164109287769,1800,93,3.3102076000068337,True,True,-0.40470355170658967,0.009594587483443481,-0.42032317556248905,0.00959924558198092,True,True,,independent,False,map,log,0,5,0.051555328087114834,2
rank2,2,exp,1.0,-0.4530570735105708,0.0006519155007331243,2400,92,3.3986929999664426,True,True,-0.4517665478683137,0.010463741673654442,-0.46170848029298084,0.010610671866714024,True,True,,independent,False,map,log,0,5,0.051555328087114834,0
rank2,2,exp,1.0,-0.45278232504508775,0.0001616471159517267,2600,74,2.9804344000294805,True,True,-0.44193593422057004,0.009901719807285476,-0.4741957538069308,0.010239030516188156,True,True,,independent,True,map,log,0,5,0.051555328087114834,1
rank2,2,exp,1.0,-0.45351479549359563,0.00043996165119728316,1600,112,2.389014800079167,True,True,-0.4600489178739825,0.010222704260888898,-0.4793892759839157,0.01254992978708759,True,True,,independent,False,map,log,0,5,0.051555328087114834,2
rank2,2,squareplus,0.012888832021778708,-0.2208847509897609,0.0001727078949655088,2200,52,3.0950621999800205,True,True,-0.21130526421436405,0.0064923237564847,-0.22151338199349946,0.006397709051233271,True,True,,independent,False,map,log,0,5,0.051555328087114834,0
rank2,2,squareplus,0.012888832021778708,-0.2203518218380971,0.0002269865794148173,1200,44,1.9267092000227422,True,True,-0.21605309777040116,0.006637530263005114,-0.21369169592306017,0.006336459836160355,True,True,,independent,True,map,log,0,5,0.051555328087114834,1
rank2,2,squareplus,0.012888832021778708,-0.22072715295060696,0.0002996262147975973,1800,47,2.659290899988264,True,True,-0.22789118684930176,0.006694310295488474,-0.22023631924957038,0.006508569688427941,True,True,,independent,False,map,log,0,5,0.051555328087114834,2
rank2,2,softplus,1.0,-31.525081021208152,0.21560530942116093,6200,500,45.4925241000019,True,False,-31.55706288470417,0.025096403320139567,-31.501470061383657,0.025171577399183225,True,False,normalized_gradient,independent,False,map,log,1,20,0.032390315496944225,0
rank2,2,softplus,1.0,-31.527325407421827,0.22023480819955313,6600,500,46.360962599981576,True,False,-31.53549217551968,0.025248353558950193,-31.507575320739164,0.024926723630987625,True,False,normalized_gradient,independent,False,map,log,1,20,0.032390315496944225,1
rank2,2,softplus,1.0,-31.519206894171845,0.20081268632708255,7200,500,51.398232199950144,True,False,-31.468190114650398,0.024769475848091284,-31.517773017766828,0.024869856431753934,True,False,normalized_gradient,independent,False,map,log,1,20,0.032390315496944225,2
rank2,2,exp,1.0,-31.59989403784958,0.1653538314531057,8000,500,30.792344300076365,True,False,-31.59391635553331,0.02520663082828178,-31.627592204983678,0.024504544473244808,True,False,normalized_gradient,independent,False,map,log,1,20,0.032390315496944225,0
rank2,2,exp,1.0,-31.58919488692328,0.13922243728769143,7400,500,30.138699900126085,True,False,-31.553137123780946,0.024912116878729712,-31.542478932922805,0.025564615899103714,True,False,normalized_gradient,independent,False,map,log,1,20,0.032390315496944225,1
rank2,2,exp,1.0,-31.595585525036313,0.5594267258967502,8000,500,29.52860249998048,True,False,-31.55219462302336,0.024484076429363493,-31.656667792329316,0.025442481345321784,True,False,normalized_gradient,independent,False,map,log,1,20,0.032390315496944225,2
rank2,2,squareplus,0.008097578874236056,-30.289840355633004,0.037390828483075886,8000,500,59.62446950003505,True,False,-30.299226526947116,0.026677282014450302,-30.28359053973932,0.026095360348108405,True,False,normalized_gradient,independent,False,map,log,1,20,0.032390315496944225,0
rank2,2,squareplus,0.008097578874236056,-30.290015189563263,0.06607342394709416,6600,500,57.084857099922374,True,False,-30.326249198375166,0.02612236084190372,-30.28438176215625,0.02613010557437442,True,False,normalized_gradient,independent,False,map,log,1,20,0.032390315496944225,1
rank2,2,squareplus,0.008097578874236056,-30.2895204524431,0.0659368441312184,7200,500,59.703750600107014,True,False,-30.310108655453867,0.026500675098981293,-30.331682316217027,0.026290945776697463,True,False,normalized_gradient,independent,False,map,log,1,20,0.032390315496944225,2
rank2,2,softplus,1.0,-0.470461479476322,0.00013498642205260445,1800,134,4.401253300020471,True,True,-0.4956374926363837,0.011497022403755398,-0.47081301915612367,0.011349004836888053,True,True,,independent,False,map,log,1,5,0.03233473952504486,0
rank2,2,softplus,1.0,-0.47107628413150326,0.00016673078067522577,1800,77,2.72804949991405,True,True,-0.4528527915479048,0.011400860084702421,-0.47286120389897135,0.011105245682211023,True,True,,independent,False,map,log,1,5,0.03233473952504486,1
rank2,2,softplus,1.0,-0.4698664525513916,0.0002811840958219254,1400,95,2.650311900069937,True,True,-0.4653192411409583,0.011157098612435188,-0.4691784536982512,0.01116239434082189,True,True,,independent,True,map,log,1,5,0.03233473952504486,2
rank2,2,exp,1.0,-0.49905315733358613,0.00018862746782521446,2400,73,2.3514326999429613,True,True,-0.512092916229679,0.012069131312133845,-0.5023869820289684,0.011395183107086638,True,True,,independent,True,map,log,1,5,0.03233473952504486,0
rank2,2,exp,1.0,-0.4996202049972158,0.00012156643291603992,2400,99,2.696799600031227,True,True,-0.5158451057470501,0.011488420957107842,-0.506244429620067,0.01125763506574829,True,True,,independent,False,map,log,1,5,0.03233473952504486,1
rank2,2,exp,1.0,-0.5002118210342967,0.0002982124710301868,2200,73,2.7983023999258876,True,True,-0.4992412559718934,0.01167186244020055,-0.49559059867788313,0.011551263508783225,True,True,,independent,False,map,log,1,5,0.03233473952504486,2
rank2,2,squareplus,0.008083684881261216,-0.8251466824691178,0.00010874512312743791,2200,113,3.82744610006921,True,True,-0.8368337623339139,0.012131561048064137,-0.8271988986565577,0.01250509657885273,True,True,,independent,False,map,log,1,5,0.03233473952504486,0
rank2,2,squareplus,0.008083684881261216,-0.8250696494285705,3.546834977875909e-06,1600,103,3.3439566001761705,True,True,-0.79547048977306,0.012104627917381776,-0.8175534140140679,0.01236037990427624,True,True,,independent,True,map,log,1,5,0.03233473952504486,1
rank2,2,squareplus,0.008083684881261216,-0.8251614522122921,0.00010190663701231926,2400,107,3.968648700043559,True,True,-0.8401653728294571,0.012678088348790703,-0.8228430887653493,0.012406736370592239,True,True,,independent,False,map,log,1,5,0.03233473952504486,2
rank2,2,softplus,1.0,-49.185371015199195,1.3708889600062029,8000,500,52.92891760007478,True,False,-49.137673058154945,0.03757791991120545,-49.19146106743975,0.037341210422146755,True,False,normalized_gradient,independent,False,map,log,2,20,0.054648089155877,0
rank2,2,softplus,1.0,-48.85054921049178,23.31375395216334,6600,500,48.4656144999899,False,False,-48.80788983674163,0.03559676734481185,-48.832602870146744,0.03539330991291193,True,False,"validation_plateau,normalized_gradient",independent,False,map,log,2,20,0.054648089155877,1
rank2,2,softplus,1.0,-47.62199579224493,4.973685821756613,8000,500,49.03431020001881,False,False,-47.640289673892,0.03640221741818625,-47.61014761257515,0.036680737277639666,True,False,"validation_plateau,normalized_gradient",independent,False,map,log,2,20,0.054648089155877,2
rank2,2,exp,1.0,-47.66347606944035,21.34056066305338,5400,500,27.45028209988959,False,False,-47.71078978198095,0.02972654030367201,-47.65766308161085,0.03028100686272892,True,False,"validation_plateau,normalized_gradient",independent,False,map,log,2,20,0.054648089155877,0
rank2,2,exp,1.0,-47.48265044638265,15.349994565183108,4200,500,24.522641299990937,False,False,-47.48976439943908,0.03408021018112902,-47.469431609020155,0.03364406526538001,True,False,"validation_plateau,normalized_gradient",independent,False,map,log,2,20,0.054648089155877,1
rank2,2,exp,1.0,-47.8753663498219,3.8771367750970134,6800,500,29.209409900009632,False,False,-47.92677913806746,0.03517411465309177,-47.863237706749466,0.03394322381402271,True,False,"validation_plateau,normalized_gradient",independent,False,map,log,2,20,0.054648089155877,2
rank2,2,squareplus,0.01366202228896925,-43.26613353890565,3.997219509064049,8000,500,59.845360200153664,True,False,-43.338454481640966,0.03355587544934848,-43.22668780669375,0.03331676039739967,True,False,normalized_gradient,independent,False,map,log,2,20,0.054648089155877,0
rank2,2,squareplus,0.01366202228896925,-43.19000333314892,0.16638232553186302,8000,500,63.542127900058404,True,False,-43.15657775398479,0.034407504495290335,-43.19364029005975,0.03498874606356903,True,False,normalized_gradient,independent,False,map,log,2,20,0.054648089155877,1
rank2,2,squareplus,0.01366202228896925,-43.28172163714372,1.3528546901346612,7600,500,60.82929049991071,True,False,-43.24175404606042,0.035785158209417633,-43.2564051528025,0.03502138471978356,True,False,normalized_gradient,independent,False,map,log,2,20,0.054648089155877,2
rank2,2,softplus,1.0,-1.2535410444174175,0.0014079368119131637,8000,69,11.078200000105426,True,True,-1.2355685407777692,0.010932607355042825,-1.2659554768084325,0.012935570936375101,True,True,,independent,True,map,log,2,5,0.05433071537750141,0
rank2,2,softplus,1.0,-1.3107052674257338,0.0004909101149324482,8000,76,9.88748629996553,True,True,-1.301089212347566,0.012243284151073824,-1.308941695954055,0.011791167890466865,True,True,,independent,False,map,log,2,5,0.05433071537750141,1
rank2,2,softplus,1.0,-1.3079382834866402,0.000551464172151043,8000,75,10.890086099971086,True,True,-1.2802176983317235,0.010631211101521177,-1.308211159995918,0.012252686641923654,True,True,,independent,False,map,log,2,5,0.05433071537750141,2
rank2,2,exp,1.0,-1.0967402655636027,0.0004252400074121785,8000,135,7.666805099928752,True,True,-1.0968160067443584,0.009323005808172987,-1.0969695610188774,0.00950524807566562,True,True,,independent,True,map,log,2,5,0.05433071537750141,0
rank2,2,exp,1.0,-1.0971053171593599,0.0005856727358465523,8000,175,8.411624800181016,True,True,-1.0997957501253275,0.011338785449800758,-1.1021099649543624,0.009799714440280952,True,True,,independent,False,map,log,2,5,0.05433071537750141,1
rank2,2,exp,1.0,-1.0967958272598568,0.0009378943803798288,8000,144,7.343092700000852,True,True,-1.107611660283323,0.010276491353628393,-1.079659673882781,0.009541558657747723,True,True,,independent,False,map,log,2,5,0.05433071537750141,2
rank2,2,squareplus,0.013582678844375352,-1.142227787454054,0.0001275920661957711,2200,56,4.297550299903378,True,True,-1.1503655952683065,0.009202133013811835,-1.161006955523792,0.009203433703259798,True,True,,independent,False,map,log,2,5,0.05433071537750141,0
rank2,2,squareplus,0.013582678844375352,-1.1419596248562849,0.0001464865480687307,1600,61,2.5884168001357466,True,True,-1.1404665599610082,0.009077058511234793,-1.1525953136145488,0.009060287169354581,True,True,,independent,True,map,log,2,5,0.05433071537750141,1
rank2,2,squareplus,0.013582678844375352,-1.1427952982536969,5.974506621063359e-05,1600,52,2.999373000115156,True,True,-1.1306182668056786,0.008637352552301485,-1.1248448990921318,0.009197316085933296,True,True,,independent,False,map,log,2,5,0.05433071537750141,2
rank2,2,softplus,1.0,-37.35525951147682,0.36494140209598,8000,500,52.61834749998525,True,False,-37.31330470124317,0.029262118135447903,-37.39667460721745,0.02951080072977276,True,False,normalized_gradient,independent,False,map,log,3,20,0.04693355640065608,0
rank2,2,softplus,1.0,-37.399951085448464,2.6919040555581577,7000,500,46.22682390012778,True,False,-37.43067991937702,0.028987697721239422,-37.35843103926106,0.029269551742846622,True,False,normalized_gradient,independent,False,map,log,3,20,0.04693355640065608,1
rank2,2,softplus,1.0,-37.442009307312574,0.7139758789614734,8000,500,53.07479609991424,True,False,-37.447737902193346,0.03025232302855061,-37.43421355493949,0.029797656201558425,True,False,normalized_gradient,independent,False,map,log,3,20,0.04693355640065608,2
rank2,2,exp,1.0,-37.72005037454895,0.6437010048553162,8000,500,33.02365420013666,True,False,-37.68753543867548,0.029612076633447663,-37.7107666120274,0.030384349056610055,True,False,normalized_gradient,independent,False,map,log,3,20,0.04693355640065608,0
rank2,2,exp,1.0,-37.64129553407088,1.5256420229067873,8000,500,30.582426799926907,True,False,-37.661559485194324,0.029497335609229708,-37.62375606650813,0.029360454467511496,True,False,normalized_gradient,independent,False,map,log,3,20,0.04693355640065608,1
rank2,2,exp,1.0,-37.64871599340529,0.3030910125361014,8000,500,35.06922630011104,True,False,-37.61908972610759,0.029740230520420897,-37.597826710352905,0.030008010211777764,True,False,normalized_gradient,independent,False,map,log,3,20,0.04693355640065608,2
rank2,2,squareplus,0.01173338910016402,-35.917026222449834,0.2725188876773436,8000,500,61.162292500026524,True,False,-35.888240821730285,0.02930001049405801,-35.868427492725594,0.029153456412960962,True,False,normalized_gradient,independent,False,map,log,3,20,0.04693355640065608,0
rank2,2,squareplus,0.01173338910016402,-35.93045506307641,0.11748676868804321,8000,500,57.00449980003759,True,False,-35.86280226353222,0.028809770758861455,-36.03383136851913,0.1351118077230516,True,False,normalized_gradient,independent,False,map,log,3,20,0.04693355640065608,1
rank2,2,squareplus,0.01173338910016402,-35.97457747851351,0.1666960140558868,7600,500,46.95743379998021,True,False,-35.957645311329,0.02942768541386053,-35.917179545736474,0.02921008325149712,True,False,normalized_gradient,independent,False,map,log,3,20,0.04693355640065608,2
rank2,2,softplus,1.0,-0.19966745292368548,0.0002350176651697395,2800,38,3.87654189998284,True,True,-0.1903544232787117,0.006434648009778864,-0.19966492810458966,0.006740331868092512,True,True,,independent,True,map,log,3,5,0.0470225328528657,0
rank2,2,softplus,1.0,-0.19967015141771594,0.00010335231679554788,2200,62,4.167225999990478,True,True,-0.19830947700933232,0.006558812540426923,-0.2003382694644772,0.006534597382232345,True,True,,independent,False,map,log,3,5,0.0470225328528657,1
rank2,2,softplus,1.0,-0.20039112113124524,0.0002932468863232332,2000,53,3.6335802997928113,True,True,-0.1910593032187165,0.006288543446203359,-0.19069305086425403,0.006768962305560074,True,True,,independent,False,map,log,3,5,0.0470225328528657,2
rank2,2,exp,1.0,-0.23871723781378318,0.0002741840532895017,1000,148,2.2410991999786347,True,True,-0.2377326411325527,0.00767272418496397,-0.23892168386829343,0.0072006462028075474,True,True,,independent,True,map,log,3,5,0.0470225328528657,0
rank2,2,exp,1.0,-0.2387854583339042,0.00022302142973328076,800,144,2.3760294001549482,True,True,-0.2323030258872397,0.007032136505095805,-0.2320258846457501,0.007551293548513497,True,True,,independent,False,map,log,3,5,0.0470225328528657,1
rank2,2,exp,1.0,-0.24065482262160964,0.0004294464729144342,1400,114,2.2516431000549346,True,True,-0.24061637259018337,0.007493839993068146,-0.23893620159651968,0.007508104435314145,True,True,,independent,False,map,log,3,5,0.0470225328528657,2
rank2,2,squareplus,0.011755633213216425,-0.07730227572200654,0.0001236541655997625,3000,64,3.8412179001607,True,True,-0.07664925295879302,0.004298193313580125,-0.07880985144297374,0.004223735059716055,True,True,,independent,True,map,log,3,5,0.0470225328528657,0
rank2,2,squareplus,0.011755633213216425,-0.07731968006725864,8.90952962239771e-05,2000,66,5.216087599983439,True,True,-0.07661161837263436,0.0042853020035203,-0.07231044851301752,0.0042251973259290814,True,True,,independent,False,map,log,3,5,0.0470225328528657,1
rank2,2,squareplus,0.011755633213216425,-0.07737002317576724,0.0001907605775300007,1600,47,3.6769592000637203,True,True,-0.08066724544873496,0.0042315777198778095,-0.07070294618640294,0.004245602920200602,True,True,,independent,False,map,log,3,5,0.0470225328528657,2
rank2,2,softplus,1.0,-36.37494789849484,12.846546186873313,6800,500,45.467458199942484,False,False,-36.425142274618594,0.03250536767654826,-36.39548163764666,0.030893022082310644,True,False,"validation_plateau,normalized_gradient",independent,False,map,log,4,20,0.04749272954085326,0
rank2,2,softplus,1.0,-36.46176269108267,10.370610937519027,7200,500,46.99380959989503,False,False,-36.45239812107162,0.02809328826335622,-36.45695724302557,0.027734817297728042,True,False,"validation_plateau,normalized_gradient",independent,False,map,log,4,20,0.04749272954085326,1
rank2,2,softplus,1.0,-36.422502393391454,1.3218596655655295,8000,500,52.654809000203386,False,False,-36.39060325566505,0.02927718440432684,-36.46545300217973,0.028966566792440626,True,False,"validation_plateau,normalized_gradient",independent,False,map,log,4,20,0.04749272954085326,2
rank2,2,exp,1.0,-37.24745263783598,7.457833368963603,8000,500,33.02973100007512,False,False,-37.247320368303065,0.029934392224084082,-37.19854843683024,0.029405843477828642,True,False,"validation_plateau,normalized_gradient",independent,False,map,log,4,20,0.04749272954085326,0
rank2,2,exp,1.0,-37.278300427122545,0.6886859353785741,8000,500,31.651494200108573,True,False,-37.258398801878265,0.03236579251771805,-37.27687990876481,0.02936776728730339,True,False,normalized_gradient,independent,False,map,log,4,20,0.04749272954085326,1
rank2,2,exp,1.0,-37.320639951707534,0.9790345635730617,8000,500,34.8952785001602,True,False,-37.36221509664864,0.03081178938449844,-37.37666646840244,0.03072234421344002,True,False,normalized_gradient,independent,False,map,log,4,20,0.04749272954085326,2
rank2,2,squareplus,0.011873182385213316,-34.75254133769448,1.6366419450926952,8000,500,62.81490690005012,True,False,-34.83780189595146,0.03100102230002887,-34.73681750925892,0.028739235571669405,True,False,normalized_gradient,independent,False,map,log,4,20,0.04749272954085326,0
rank2,2,squareplus,0.011873182385213316,-34.8606400450347,1.7677400614270784,7800,500,63.339142499957234,True,False,-34.86976575549572,0.05024364743810001,-34.86322942810095,0.02895334807601208,True,False,normalized_gradient,independent,False,map,log,4,20,0.04749272954085326,1
rank2,2,squareplus,0.011873182385213316,-34.75062865022434,0.5269351224826624,8000,500,61.02835879987106,True,False,-34.75428873129925,0.030330054676238664,-34.68229998601504,0.02854561170147842,True,False,normalized_gradient,independent,False,map,log,4,20,0.04749272954085326,2
rank2,2,softplus,1.0,-0.39102733620143315,0.00017866294943596244,800,114,3.1267079000826925,True,True,-0.3730846438897075,0.00900581590913892,-0.39586392549738814,0.009480226445733549,True,True,,independent,False,map,log,4,5,0.04745969298505166,0
rank2,2,softplus,1.0,-0.3902820310804722,0.0004954282913071487,2600,72,4.3052215001080185,True,True,-0.4107019783021819,0.00965306966543728,-0.38436783551042475,0.00939800103295445,True,True,,independent,False,map,log,4,5,0.04745969298505166,1
rank2,2,softplus,1.0,-0.3901813642137417,0.00025511881100033306,2400,76,4.383081799838692,True,True,-0.4003334766766401,0.009705186984452115,-0.4027102863742431,0.009309493772163448,True,True,,independent,True,map,log,4,5,0.04745969298505166,2
rank2,2,exp,1.0,-0.4376473879717251,0.000407731875676194,1000,97,1.8293862000573426,True,True,-0.44182116669749627,0.010954065903871142,-0.43019159321926637,0.009340610063539315,True,True,,independent,False,map,log,4,5,0.04745969298505166,0
rank2,2,exp,1.0,-0.4367257210990436,0.00023440245330042843,800,132,1.4512461998965591,True,True,-0.4355959986297811,0.009187573223407047,-0.43332949838196566,0.009625156057633165,True,True,,independent,True,map,log,4,5,0.04745969298505166,1
rank2,2,exp,1.0,-0.43782724876106505,0.0003378503911155218,800,233,2.4938837001100183,True,True,-0.43543432682950656,0.009703718714871188,-0.43617864520665883,0.009781333181013256,True,True,,independent,False,map,log,4,5,0.04745969298505166,2
rank2,2,squareplus,0.011864923246262916,-0.2104651758067586,0.000415813290394778,1800,61,2.538666700012982,True,True,-0.2009206568799041,0.006705101826542931,-0.2070723423394341,0.006701046112689618,True,True,,independent,False,map,log,4,5,0.04745969298505166,0
rank2,2,squareplus,0.011864923246262916,-0.20936403918021007,0.0004945773133782208,2400,60,2.9750880000647157,True,True,-0.21111487779656704,0.006732882589799327,-0.20721095303145037,0.00669027764321113,True,True,,independent,True,map,log,4,5,0.04745969298505166,1
rank2,2,squareplus,0.011864923246262916,-0.21047138616730798,0.00026349664971832975,1400,62,2.70292149996385,True,True,-0.2091311921020545,0.006729915148012298,-0.21868119539991404,0.006760238003773392,True,True,,independent,False,map,log,4,5,0.04745969298505166,2
rank2,2,softplus,1.0,-78.97696932419696,0.1483978718290748,3800,500,43.042996499920264,True,False,-79.03298676688692,0.10399003668935529,-78.89542965082667,0.10065679793354732,True,False,normalized_gradient,independent,False,map,sigmoid,0,20,0.15509320646020364,0
rank2,2,softplus,1.0,-78.93032409239575,0.12322737059223449,3600,500,37.46367350011133,True,False,-79.03098650097343,0.10408873753471408,-78.83525968187556,0.1015281425265012,True,False,normalized_gradient,independent,False,map,sigmoid,0,20,0.15509320646020364,1
rank2,2,softplus,1.0,-78.97032014482579,1.3722250959995121,4000,500,43.074878399958834,True,False,-79.05456572768,0.10299047051719061,-78.84439203285905,0.09860798819180579,True,False,normalized_gradient,independent,False,map,sigmoid,0,20,0.15509320646020364,2
rank2,2,exp,1.0,-78.59612961500673,0.1424321756018074,5000,500,26.355396900093183,True,False,-78.39451385247409,0.09982576635033753,-78.54167717447382,0.09999470211813241,True,False,normalized_gradient,independent,False,map,sigmoid,0,20,0.15509320646020364,0
rank2,2,exp,1.0,-78.5996836047893,0.16710508489349657,6000,500,31.857802900020033,True,False,-78.55510895342424,0.09960252728068202,-78.56721869466017,0.10084736068940114,True,False,normalized_gradient,independent,False,map,sigmoid,0,20,0.15509320646020364,1
rank2,2,exp,1.0,-78.75648097975069,0.4287053614369169,4400,500,24.725838100071996,True,False,-78.8150746473187,0.10086550158301232,-78.84372683152948,0.10206267583327974,True,False,normalized_gradient,independent,False,map,sigmoid,0,20,0.15509320646020364,2
rank2,2,squareplus,0.03877330161505091,-82.5221648163894,1.1058335828790793,4400,500,57.083602299913764,True,False,-82.42024067886986,0.10289024819168621,-82.65537248200471,0.10452818518222551,True,False,normalized_gradient,independent,False,map,sigmoid,0,20,0.15509320646020364,0
rank2,2,squareplus,0.03877330161505091,-82.61887531785273,0.23053444023983252,5800,500,56.013975699897856,True,False,-82.57140524213115,0.10357844456052574,-82.58148745902866,0.10807682532025686,True,False,normalized_gradient,independent,False,map,sigmoid,0,20,0.15509320646020364,1
rank2,2,squareplus,0.03877330161505091,-82.21862882872963,0.6836666641303323,4600,500,52.279526400147006,True,False,-82.11174186824843,0.10342322031565593,-82.2428353242219,0.1054440415705733,True,False,normalized_gradient,independent,False,map,sigmoid,0,20,0.15509320646020364,2
rank2,2,softplus,1.0,-9.026587454749903,0.00031916377091380243,4200,104,6.509684900054708,True,True,-9.019428831132641,0.010716769107117654,-9.025283305458489,0.011530701206135256,True,True,,independent,True,map,sigmoid,0,5,0.15512848235426513,0
rank2,2,softplus,1.0,-9.028480400649208,0.0026611446324861206,4000,58,5.205449800007045,True,True,-8.999774108432682,0.010254812861685234,-9.058497418018153,0.011582784257362653,False,False,independent_elbo_agreement,independent,False,map,sigmoid,0,5,0.15512848235426513,1
rank2,2,softplus,1.0,-9.026700375494409,0.0008291629337682619,4000,126,7.506851200014353,True,True,-9.012214765272457,0.011578049343749904,-9.033240195655722,0.011048012165798652,True,True,,independent,False,map,sigmoid,0,5,0.15512848235426513,2
rank2,2,exp,1.0,-9.15143922892678,0.0028750235295214735,8000,64,7.5109796999022365,True,True,-9.134726642288127,0.014777673598188965,-9.150187943859965,0.014553475328217156,True,True,,independent,False,map,sigmoid,0,5,0.15512848235426513,0
rank2,2,exp,1.0,-9.14451869731627,0.00479953552868629,7800,100,7.885923599824309,True,True,-9.120595918739909,0.012952227695097898,-9.122912454842941,0.01261005723868736,True,True,,independent,True,map,sigmoid,0,5,0.15512848235426513,1
rank2,2,exp,1.0,-9.152383517479016,0.0054528728642565145,7800,45,7.0243335999548435,True,True,-9.158034109950652,0.01843085788194408,-9.159196460432629,0.01469940712488134,True,True,,independent,False,map,sigmoid,0,5,0.15512848235426513,2
rank2,2,squareplus,0.03878212058856628,-8.79452389178831,0.0010729037516364617,800,69,2.2064155999105424,True,True,-8.795928745298387,0.00546376299172843,-8.796336749549354,0.005719779963569693,True,True,,independent,False,map,sigmoid,0,5,0.15512848235426513,0
rank2,2,squareplus,0.03878212058856628,-8.79499859013805,0.0008488805636498743,1000,53,2.3632127000018954,True,True,-8.796837502717693,0.005581822150252927,-8.793215919614081,0.005501879266593307,True,True,,independent,False,map,sigmoid,0,5,0.15512848235426513,1
rank2,2,squareplus,0.03878212058856628,-8.79449412920921,0.00038931354849163223,1400,47,2.5955755000468343,True,True,-8.79616745044259,0.005468537145130436,-8.79048364993657,0.0056605795871941195,True,True,,independent,True,map,sigmoid,0,5,0.15512848235426513,2
rank2,2,softplus,1.0,-73.50154890285859,0.09199396158307675,3600,500,38.158430099952966,True,False,-73.65327103065697,0.10534888712709088,-73.42962709861762,0.10135637368841906,True,False,normalized_gradient,independent,False,map,sigmoid,1,20,0.19415197561342812,0
rank2,2,softplus,1.0,-73.4981207538329,0.14578173469681524,4000,500,39.25967779988423,True,False,-73.52440085240143,0.10239013357248174,-73.38133924916201,0.10035536840920649,True,False,normalized_gradient,independent,False,map,sigmoid,1,20,0.19415197561342812,1
rank2,2,softplus,1.0,-73.48665593292603,0.10060710755691461,4600,500,42.40260419994593,True,False,-73.41708533019397,0.10232142104283871,-73.47115898203265,0.10057851144765828,True,False,normalized_gradient,independent,False,map,sigmoid,1,20,0.19415197561342812,2
rank2,2,exp,1.0,-73.3218836820495,0.20658789747849907,4000,500,24.197041400009766,True,False,-73.34080903482766,0.10550569449540256,-73.43099182024613,0.1036380623423904,True,False,normalized_gradient,independent,False,map,sigmoid,1,20,0.19415197561342812,0
rank2,2,exp,1.0,-73.48206309069495,0.0696476881696164,3600,500,24.928647399879992,True,False,-73.39682064381785,0.0986033162189419,-73.5354623185668,0.10155607301819568,True,False,normalized_gradient,independent,False,map,sigmoid,1,20,0.19415197561342812,1
rank2,2,exp,1.0,-73.25467241738754,0.10703054443324453,3200,500,24.613170700147748,True,False,-73.31367776782031,0.10270636013225014,-73.30887474514162,0.10278068196482622,True,False,normalized_gradient,independent,False,map,sigmoid,1,20,0.19415197561342812,2
rank2,2,squareplus,0.04853799390335703,-74.2705982732637,0.0893703410101172,3200,500,45.58207960007712,True,False,-74.27370393335744,0.10144728960644703,-74.28182173158996,0.10128781276621805,True,False,normalized_gradient,independent,False,map,sigmoid,1,20,0.19415197561342812,0
rank2,2,squareplus,0.04853799390335703,-74.28644910932509,0.07662660878305505,2800,500,43.53674010001123,True,False,-74.28806676570133,0.10105551007060756,-74.29435571355162,0.10334452609987942,True,False,normalized_gradient,independent,False,map,sigmoid,1,20,0.19415197561342812,1
rank2,2,squareplus,0.04853799390335703,-74.29449121936554,0.054658504409751556,2800,500,50.011163000017405,True,False,-74.24198380658842,0.10082674331297668,-74.37423963167049,0.1037175404488493,True,False,normalized_gradient,independent,False,map,sigmoid,1,20,0.19415197561342812,2
rank2,2,softplus,1.0,-2.5230850325372725,0.0006921478052156644,3400,117,6.3154162999708205,True,True,-2.5262547751143485,0.010276993596852373,-2.5065301745284754,0.009686131069071744,True,True,,independent,False,map,sigmoid,1,5,0.19412349655274083,0
rank2,2,softplus,1.0,-2.525789344466064,0.003384041843538736,3800,73,5.634584800107405,True,True,-2.5235454573980345,0.009324874609522617,-2.5330224172697817,0.01059815869852565,True,True,,independent,False,map,sigmoid,1,5,0.19412349655274083,1
rank2,2,softplus,1.0,-2.522974871411238,0.0007469844807286838,3600,34,5.675088399788365,True,True,-2.5164090613698797,0.0107613089290318,-2.5150756459656645,0.009276832073342072,True,True,,independent,True,map,sigmoid,1,5,0.19412349655274083,2
rank2,2,exp,1.0,-2.6915015145922565,0.0018290442690232051,8000,124,7.527673200005665,True,True,-2.6797549379385575,0.011686623825487663,-2.700896509007089,0.013979194456120673,True,True,,independent,True,map,sigmoid,1,5,0.19412349655274083,0
rank2,2,exp,1.0,-2.698632709387187,0.004116527450409202,8000,54,7.021220399998128,True,True,-2.705319455914508,0.013825152931052567,-2.72045899283309,0.014894911881960687,True,True,,independent,False,map,sigmoid,1,5,0.19412349655274083,1
rank2,2,exp,1.0,-2.7013934598111042,0.003401194719273766,8000,107,7.524854600196704,True,True,-2.6844846067848396,0.012108677253418573,-2.709469856894032,0.01409339230729291,True,True,,independent,False,map,sigmoid,1,5,0.19412349655274083,2
rank2,2,squareplus,0.04853087413818521,-2.2374865702402937,0.0003931515288384795,1200,42,2.1713089998811483,True,True,-2.244782261186261,0.005093831020289391,-2.2372472331348714,0.005051374600966939,True,True,,independent,False,map,sigmoid,1,5,0.19412349655274083,0
rank2,2,squareplus,0.04853087413818521,-2.2319865655434707,0.0005656560865776729,1400,35,2.5502157998271286,True,True,-2.2317875487049004,0.004957034162428284,-2.2309408039980996,0.0050343499335768985,True,True,,independent,False,map,sigmoid,1,5,0.19412349655274083,1
rank2,2,squareplus,0.04853087413818521,-2.231813042857554,0.00035702910525163464,2000,44,3.457361300010234,True,True,-2.2322880912649703,0.005042943146987123,-2.2343441992410584,0.004910608418201046,True,True,,independent,True,map,sigmoid,1,5,0.19412349655274083,2
rank2,2,softplus,1.0,-68.28032886583806,0.02709378051636302,3000,500,39.113122100010514,True,False,-68.4533659962263,0.10486843545263948,-68.23318328065497,0.10217838619338435,True,False,normalized_gradient,independent,False,map,sigmoid,2,20,0.24108894757595634,0
rank2,2,softplus,1.0,-68.26895935684053,0.049441884884444766,3800,500,43.78175879991613,True,False,-68.28981460041227,0.09882494726619681,-68.23638625276408,0.10027660485892306,True,False,normalized_gradient,independent,False,map,sigmoid,2,20,0.24108894757595634,1
rank2,2,softplus,1.0,-68.27046991558616,0.03934486668513571,3400,500,41.24436389980838,True,False,-68.13904506349868,0.10109794525968263,-68.32943128030614,0.10447793346500041,True,False,normalized_gradient,independent,False,map,sigmoid,2,20,0.24108894757595634,2
rank2,2,exp,1.0,-68.22859200583983,0.07615798262341611,4600,500,25.32086919993162,True,False,-68.05678552761447,0.09947796071068829,-68.17582726784264,0.10221779345697246,True,False,normalized_gradient,independent,False,map,sigmoid,2,20,0.24108894757595634,0
rank2,2,exp,1.0,-68.22871092328973,0.032185631809092084,5200,500,28.10183300008066,True,False,-68.01936759353688,0.10202942739656196,-68.17074831790413,0.09902929727427641,True,False,normalized_gradient,independent,False,map,sigmoid,2,20,0.24108894757595634,1
rank2,2,exp,1.0,-68.21676443980462,0.05283183037655034,3000,500,26.614912800025195,True,False,-68.20298622231823,0.10133783123305423,-68.13500822855357,0.10395446784739779,True,False,normalized_gradient,independent,False,map,sigmoid,2,20,0.24108894757595634,2
rank2,2,squareplus,0.060272236893989084,-68.27379730278571,0.14142478168608083,4400,500,50.64810959994793,True,False,-68.24270139314532,0.09871897406784041,-68.29788423237778,0.11474702742576574,True,False,normalized_gradient,independent,False,map,sigmoid,2,20,0.24108894757595634,0
rank2,2,squareplus,0.060272236893989084,-68.22714604870667,0.09894613899776043,4000,500,42.280995700042695,True,False,-68.25384203687204,0.09963986392362008,-68.04332974706189,0.09849469859167011,True,False,normalized_gradient,independent,False,map,sigmoid,2,20,0.24108894757595634,1
rank2,2,squareplus,0.060272236893989084,-68.29685591723526,0.24691536387340718,3400,500,42.05522230011411,True,False,-68.30900780593288,0.09723449789181231,-68.22134700465374,0.09856934290055132,True,False,normalized_gradient,independent,False,map,sigmoid,2,20,0.24108894757595634,2
rank2,2,softplus,1.0,-4.850017125045382,0.0026910906649288925,2800,106,5.335004399996251,True,True,-4.872394731844124,0.011926804237993882,-4.848601419100046,0.009935842524159189,True,True,,independent,False,map,sigmoid,2,5,0.24103182381442664,0
rank2,2,softplus,1.0,-4.845561067791149,0.0005451761247725622,2400,98,5.29663070011884,False,True,-4.841198381576407,0.011238047289658404,-4.840496353137443,0.01089779458785661,True,False,validation_plateau,independent,False,map,sigmoid,2,5,0.24103182381442664,1
rank2,2,softplus,1.0,-4.847547304608714,0.0005708538069202531,2400,95,4.777815000154078,True,True,-4.830817142861987,0.010150666987006203,-4.846833793811063,0.010468827743083588,True,True,,independent,True,map,sigmoid,2,5,0.24103182381442664,2
rank2,2,exp,1.0,-5.045684596353738,0.0068057747904200095,7800,81,6.943267799913883,True,True,-5.023752597423879,0.014823338145101748,-5.05216100911448,0.013717430284908511,True,True,,independent,False,map,sigmoid,2,5,0.24103182381442664,0
rank2,2,exp,1.0,-5.043497833331243,0.006590097688375315,7600,111,6.569938299944624,True,True,-5.046752962468941,0.01459457542741826,-5.043545240211353,0.013899402071427317,True,True,,independent,False,map,sigmoid,2,5,0.24103182381442664,1
rank2,2,exp,1.0,-5.03662414210255,0.0012876906858318717,7600,64,6.2775075999088585,True,True,-5.031464263011558,0.014308230922574824,-5.032799713749278,0.01832707844209029,True,True,,independent,True,map,sigmoid,2,5,0.24103182381442664,2
rank2,2,squareplus,0.06025795595360666,-4.6384942454325335,0.0007063811654636457,800,44,1.5126445000059903,True,True,-4.6442491715407765,0.00581735742304415,-4.637087505290401,0.005871192277815638,True,True,,independent,False,map,sigmoid,2,5,0.24103182381442664,0
rank2,2,squareplus,0.06025795595360666,-4.638238812733952,0.0004501050670367021,800,58,1.834856600034982,True,True,-4.642053228397788,0.0058733406297494595,-4.6379159299655885,0.005834373431147719,True,True,,independent,False,map,sigmoid,2,5,0.24103182381442664,1
rank2,2,squareplus,0.06025795595360666,-4.637029765115672,0.0004279225008818285,1000,79,2.356604899978265,True,True,-4.645377718029778,0.005830700033049004,-4.624393056473647,0.005867770420823998,True,True,,independent,True,map,sigmoid,2,5,0.24103182381442664,2
rank2,2,softplus,1.0,-93.22403333452637,0.5022270382619547,3200,500,38.406694300007075,True,False,-93.1660238279901,0.06448202298380214,-93.1142077059614,0.06632308249629487,True,False,normalized_gradient,independent,False,map,sigmoid,3,20,0.15505556537144566,0
rank2,2,softplus,1.0,-91.42847635295713,7.603485769576277,6600,500,42.69834749982692,False,False,-91.54958647330878,0.07433603037869668,-91.34655446912078,0.07186033682436431,True,False,"validation_plateau,normalized_gradient",independent,False,map,sigmoid,3,20,0.15505556537144566,1
rank2,2,softplus,1.0,-91.47110509421309,0.35163172883044624,5600,500,48.554517400218174,True,False,-91.53309746803538,0.06850248781445523,-91.45568303353664,0.06663545674541671,True,False,normalized_gradient,independent,False,map,sigmoid,3,20,0.15505556537144566,2
rank2,2,exp,1.0,-90.21751007472636,0.5132665827932953,6600,500,31.682042700005695,True,False,-90.12663451974488,0.07383786587643883,-90.3726732371371,0.07201948133672087,True,False,normalized_gradient,independent,False,map,sigmoid,3,20,0.15505556537144566,0
rank2,2,exp,1.0,-90.23289513527024,1.0096053934484632,6400,500,32.395521899918094,True,False,-90.16534791980503,0.0741471838128712,-90.22213769813875,0.07603031939020122,True,False,normalized_gradient,independent,False,map,sigmoid,3,20,0.15505556537144566,1
rank2,2,exp,1.0,-89.91904534440062,1.6379347844276373,6800,500,31.27760999999009,False,False,-89.87715156538479,0.06695330560930896,-90.00650573728191,0.06854822339293602,True,False,"validation_plateau,normalized_gradient",independent,False,map,sigmoid,3,20,0.15505556537144566,2
rank2,2,squareplus,0.038763891342861415,-102.88876862588708,1.1418359846507178,6000,500,57.93968139984645,True,False,-102.84726864025224,0.07719229941936484,-102.80512382998882,0.07750549343376269,True,False,normalized_gradient,independent,False,map,sigmoid,3,20,0.15505556537144566,0
rank2,2,squareplus,0.038763891342861415,-94.4114927824262,0.6945482238650801,8000,500,56.959008700214326,True,False,-94.38965625743845,0.06193532192398998,-94.30344206721219,0.06065691532748361,True,False,normalized_gradient,independent,False,map,sigmoid,3,20,0.15505556537144566,1
rank2,2,squareplus,0.038763891342861415,-101.2794506255027,12.782690219467977,4400,500,49.89475309988484,False,False,-101.31465294352259,0.07801221049479386,-101.29766255774692,0.0782291643715599,True,False,"validation_plateau,normalized_gradient",independent,False,map,sigmoid,3,20,0.15505556537144566,2
rank2,2,softplus,1.0,-4.124578040349903,0.0018255426401705707,7800,51,10.154086400056258,True,True,-4.1023916005490415,0.016497588949345745,-4.114086751525635,0.013475045986782772,True,True,,independent,True,map,sigmoid,3,5,0.15508186845342548,0
rank2,2,softplus,1.0,-4.125956228529805,0.001460396654544301,7600,70,12.159622500184923,True,True,-4.108973547628894,0.013898186537952535,-4.111428775469005,0.013428337559730505,True,True,,independent,False,map,sigmoid,3,5,0.15508186845342548,1
rank2,2,softplus,1.0,-4.125437194520666,0.0009530559884757621,7800,73,10.76818719995208,True,True,-4.116434174100333,0.015524537777330297,-4.13754598697216,0.01618540892616916,True,True,,independent,False,map,sigmoid,3,5,0.15508186845342548,2
rank2,2,exp,1.0,-4.228900381272099,0.0011109470337792992,8000,97,7.800346300005913,True,True,-4.243765562038963,0.01792423010568767,-4.19688894064588,0.013912322027698102,True,True,,independent,True,map,sigmoid,3,5,0.15508186845342548,0
rank2,2,exp,1.0,-4.230239035731117,0.0036290709001341385,8000,80,7.124076599953696,True,True,-4.22440110337155,0.017801919367989128,-4.198726857460054,0.015740925894499026,True,True,,independent,False,map,sigmoid,3,5,0.15508186845342548,1
rank2,2,exp,1.0,-4.235689905956697,0.0035351095075277688,8000,70,6.934781299903989,True,True,-4.225175497246482,0.019786625789389937,-4.23319168942953,0.0185664834831187,True,True,,independent,False,map,sigmoid,3,5,0.15508186845342548,2
rank2,2,squareplus,0.03877046711335637,-3.7604190607350243,0.0004619330723627151,1000,81,3.4778136999811977,True,True,-3.7630260663738895,0.006013561302833253,-3.760674281505446,0.006171142760217862,True,True,,independent,True,map,sigmoid,3,5,0.15508186845342548,0
rank2,2,squareplus,0.03877046711335637,-3.7609216691633582,0.0004598139467755691,1600,86,3.3648787999991328,True,True,-3.7599107168869725,0.006058577844134872,-3.7664821636490364,0.006178683716143038,True,True,,independent,False,map,sigmoid,3,5,0.15508186845342548,1
rank2,2,squareplus,0.03877046711335637,-3.7612048064822883,0.0002064866586242968,1800,100,3.8466492001898587,True,True,-3.762381545944895,0.006134788489478873,-3.7553022895183883,0.0062010039424954845,True,True,,independent,False,map,sigmoid,3,5,0.15508186845342548,2
rank2,2,softplus,1.0,-91.28849162527136,6.390500951838536,6200,500,49.51269129989669,False,False,-91.19303316239254,0.07249814852746297,-91.04850168867559,0.07214922690015388,True,False,"validation_plateau,normalized_gradient",independent,False,map,sigmoid,4,20,0.1001105292895503,0
rank2,2,softplus,1.0,-87.77799173533604,3.9132552190705736,6400,500,52.58554550004192,False,False,-87.83059990234443,0.07814917859317662,-87.93848532060242,0.08150362442098721,True,False,"validation_plateau,normalized_gradient",independent,False,map,sigmoid,4,20,0.1001105292895503,1
rank2,2,softplus,1.0,-92.98542784369529,13.623188867744492,5000,500,48.906209599925205,False,False,-93.06566349965205,0.06932124136460643,-92.93115339674486,0.06681532392475074,True,False,"validation_plateau,normalized_gradient",independent,False,map,sigmoid,4,20,0.1001105292895503,2
rank2,2,exp,1.0,-86.77771562742016,1.141358213718071,6400,500,32.65877919993363,True,False,-86.78688598565687,0.05608555925826964,-86.79507753346192,0.053541868984606465,True,False,normalized_gradient,independent,False,map,sigmoid,4,20,0.1001105292895503,0
rank2,2,exp,1.0,-96.04320912374354,4.444801459915858,8000,500,31.849680500105023,True,False,-96.29362259065061,0.26123950379523814,-96.15354913216763,0.16029022239371205,True,False,normalized_gradient,independent,False,map,sigmoid,4,20,0.1001105292895503,1
rank2,2,exp,1.0,-97.8664817513202,9.443414537882418,8000,500,32.699812799924985,False,False,-97.88138434612242,0.07717684748901568,-97.8930670879902,0.07337770387879904,True,False,"validation_plateau,normalized_gradient",independent,False,map,sigmoid,4,20,0.1001105292895503,2
rank2,2,squareplus,0.025027632322387576,-91.97419739047294,4.288002766185831,8000,500,56.46274679992348,False,False,-91.90023631927825,0.04375747532847382,-91.9197502433733,0.041873248434026546,True,False,"validation_plateau,normalized_gradient",independent,False,map,sigmoid,4,20,0.1001105292895503,0
rank2,2,squareplus,0.025027632322387576,-93.75211336612028,1.2870894414868732,8000,500,49.49685369990766,True,False,-93.73297886839575,0.0412189610715765,-93.7174408927666,0.0414141201135969,True,False,normalized_gradient,independent,False,map,sigmoid,4,20,0.1001105292895503,1
rank2,2,squareplus,0.025027632322387576,-97.98327864066692,3.60293698939088,3600,500,38.933786999899894,False,False,-98.03337461378823,0.043255088885619256,-98.00886378247785,0.04414053044938753,True,False,"validation_plateau,normalized_gradient",independent,False,map,sigmoid,4,20,0.1001105292895503,2
rank2,2,softplus,1.0,-7.5868159302551845,0.0011870024944897737,7800,69,8.865994299994782,True,True,-7.5917927806856,0.014001048882282673,-7.597229305055821,0.015978534392999056,True,True,,independent,False,map,sigmoid,4,5,0.0990342933474795,0
rank2,2,softplus,1.0,-7.371762619402789,0.0005773537274527541,8000,104,9.436378400074318,True,True,-7.361765057159865,0.012644771956726518,-7.378877003677762,0.013269565387297783,True,True,,independent,True,map,sigmoid,4,5,0.0990342933474795,1
rank2,2,softplus,1.0,-7.589932483232994,0.005370453039527599,8000,72,10.367522199871019,True,True,-7.586805272522671,0.013792377099866497,-7.564350596583388,0.013265514102321255,True,True,,independent,False,map,sigmoid,4,5,0.0990342933474795,2
rank2,2,exp,1.0,-7.631620251545172,0.0008351093167752402,6800,66,5.445645899977535,True,True,-7.622455098940849,0.01629311006765248,-7.650694902529304,0.015157740143210406,True,True,,independent,True,map,sigmoid,4,5,0.0990342933474795,0
rank2,2,exp,1.0,-7.435992150820152,0.0014151656500361826,7200,129,7.468829599907622,True,True,-7.454023765451091,0.015302396841728025,-7.389269619918268,0.011890114699876591,False,False,independent_elbo_agreement,independent,False,map,sigmoid,4,5,0.0990342933474795,1
rank2,2,exp,1.0,-7.631663589703429,0.0005094695700464139,7200,74,6.883981300052255,True,True,-7.657154854299422,0.025118225158220715,-7.64004450224048,0.01884575030561145,True,True,,independent,False,map,sigmoid,4,5,0.0990342933474795,2
rank2,2,squareplus,0.024758573336869875,-7.087339565014147,0.0002578788816429843,1600,78,3.2142797999549657,True,True,-7.086136172680096,0.005202959515982584,-7.084348650948103,0.0051870982003921874,True,True,,independent,False,map,sigmoid,4,5,0.0990342933474795,0
rank2,2,squareplus,0.024758573336869875,-7.0873049221316915,0.00018623978647831064,1600,88,3.1975868998561054,True,True,-7.0896855550761115,0.0051375653385178025,-7.073946092795574,0.005473759469595932,True,True,,independent,False,map,sigmoid,4,5,0.0990342933474795,1
rank2,2,squareplus,0.024758573336869875,-7.086727676892798,0.00018437097537858253,1200,103,4.572969000088051,True,True,-7.094996483089738,0.0052008667977188686,-7.085376050802167,0.005145368140247814,True,True,,independent,True,map,sigmoid,4,5,0.0990342933474795,2
