method,metric_available,unavailable_reason,reverse_kl,reverse_kl_se,forward_kl,forward_kl_se,tv,tv_se,average_marginal_w1,sliced_w1,mean_relative_error,covariance_relative_error,experiment,case,data_seed,m_constraints,family,map,derivative_scale,squareplus_alpha_over_sd,selected_validation_elbo,selected_normalized_gradient,selected_wall_time_seconds,converged_restarts,restart_count,normalizer_reliable,reference_reliable,validation_elbo,normalized_gradient,converged,wall_time_seconds,jacobian_log_q01,jacobian_log_q50,jacobian_log_q99,minimum_derivative
CTVGP,False,no converged restart,,,,,,,,,,,map,log,0,20,rank2,softplus,0.05247499375245364,,,,,0,3,True,False,,,,,,,,
CTVGP,False,no converged restart,,,,,,,,,,,map,log,0,20,rank2,exp,0.05247499375245364,,,,,0,3,True,False,,,,,,,,
CTVGP,False,no converged restart,,,,,,,,,,,map,log,0,20,rank2,squareplus,0.05247499375245364,0.25,,,,0,3,True,False,,,,,,,,
CTVGP,True,,0.36798422583359786,0.002657981111951498,1.2388838687020978,0.0352734599349921,0.2996863049465197,0.0012889019013891843,0.00605030901675437,0.004817898622143765,0.0020293003114278787,0.21750736169670642,map,log,0,5,rank2,softplus,0.051555328087114834,,-0.4094851071782113,0.0002044466779564769,3.3393606001045555,3,3,True,True,-0.4094851071782113,0.0002044466779564769,True,3.3393606001045555,-2.804977679563852,-1.2847552601520174,-0.34479598707675574,0.02023390906163185
CTVGP,True,,0.41073184512568817,0.002843083226555727,1.4956283886630466,0.041909229868625754,0.3185146137170703,0.0013304079213826527,0.006961876926239596,0.0060348729608153085,0.0020037099837749263,0.24020260670970167,map,log,0,5,rank2,exp,0.051555328087114834,,-0.45278232504508775,0.0001616471159517267,2.9804344000294805,3,3,True,True,-0.45278232504508775,0.0001616471159517267,True,2.9804344000294805,-2.736386589698179,-1.1290201574094043,0.20789234290634231,0.025205513719506915
CTVGP,True,,0.18070508976710356,0.0018900101988158491,0.3702267583387293,0.1293952879160309,0.20549394626165185,0.000978366486941153,0.0023021327157606054,0.002624574234662862,0.00046791704094919595,0.16312213098654524,map,log,0,5,rank2,squareplus,0.051555328087114834,0.25,-0.2203518218380971,0.0002269865794148173,1.9267092000227422,3,3,True,True,-0.2203518218380971,0.0002269865794148173,True,1.9267092000227422,-0.04344655328206198,-0.00038743856554368516,-2.727893773209422e-05,0.0004210581984571197
CTVGP,False,no converged restart,,,,,,,,,,,map,log,1,20,rank2,softplus,0.032390315496944225,,,,,0,3,True,False,,,,,,,,
CTVGP,False,no converged restart,,,,,,,,,,,map,log,1,20,rank2,exp,0.032390315496944225,,,,,0,3,True,False,,,,,,,,
CTVGP,False,no converged restart,,,,,,,,,,,map,log,1,20,rank2,squareplus,0.032390315496944225,0.25,,,,0,3,True,False,,,,,,,,
CTVGP,True,,0.4736888216051754,0.0032057094740551005,0.7495270231889238,0.028573433454166762,0.34130860573064936,0.001319371453002523,0.0049612228439972345,0.005062060207216043,0.0009284656941491028,0.31906342412952476,map,log,1,5,rank2,softplus,0.03233473952504486,,-0.4698664525513916,0.0002811840958219254,2.650311900069937,3,3,True,True,-0.4698664525513916,0.0002811840958219254,True,2.650311900069937,-1.9355941474654994,-1.3569955487032561,-0.44938113427665916,0.10524154007302843
CTVGP,True,,0.5010866239552146,0.0033216116580948485,0.8551236361491643,0.03601663142918967,0.3510223624468427,0.001338284479483225,0.005526410265357171,0.005786820989228925,0.0013486114514104854,0.3289579047085201,map,log,1,5,rank2,exp,0.03233473952504486,,-0.49905315733358613,0.00018862746782521446,2.3514326999429613,3,3,True,True,-0.49905315733358613,0.00018862746782521446,True,2.3514326999429613,-1.8468469409994113,-1.2155774233942602,0.015862041842080527,0.1084940228836057
CTVGP,True,,0.8226811798645862,0.00355473236961461,2.203662434694861,0.024664479521026548,0.4815101389718536,0.0015088622416073413,0.005678668967269313,0.004825146182595496,0.0003853440270392829,0.2552778025752582,map,log,1,5,rank2,squareplus,0.03233473952504486,0.25,-0.8250696494285705,3.546834977875909e-06,3.3439566001761705,3,3,True,True,-0.8250696494285705,3.546834977875909e-06,True,3.3439566001761705,-0.000786904491623559,-0.000179094017715431,-1.571293894487908e-05,0.0008983432063585723
CTVGP,False,no converged restart,,,,,,,,,,,map,log,2,20,rank2,softplus,0.054648089155877,,,,,0,3,True,False,,,,,,,,
CTVGP,False,no converged restart,,,,,,,,,,,map,log,2,20,rank2,exp,0.054648089155877,,,,,0,3,True,False,,,,,,,,
CTVGP,False,no converged restart,,,,,,,,,,,map,log,2,20,rank2,squareplus,0.054648089155877,0.25,,,,0,3,True,False,,,,,,,,
CTVGP,True,,0.4701866376804531,0.0032030348893375303,0.9720325393954959,0.017487570243859052,0.34307576947196283,0.0013520691961039887,0.006667303303919703,0.005929237101919439,0.002093873304271602,0.3076035127679844,map,log,2,5,rank2,softplus,0.05433071537750141,,-1.2535410444174175,0.0014079368119131637,11.078200000105426,3,3,True,True,-1.2535410444174175,0.0014079368119131637,True,11.078200000105426,-4.246158252638829,-1.2889342454750037,-0.35737341337637274,0.0017118780230664602
CTVGP,True,,0.31813074228295224,0.0030160419013530375,0.7678117579029212,0.017993515212895994,0.27817869588269606,0.0011994574274340603,0.0053681849260215995,0.004441170455154739,0.004334505644627011,0.1506360592121483,map,log,2,5,rank2,exp,0.05433071537750141,,-1.0967402655636027,0.0004252400074121785,7.666805099928752,3,3,True,True,-1.0967402655636027,0.0004252400074121785,True,7.666805099928752,-4.169265473024045,-1.1188772525569455,0.19386534618010826,0.002225645814154166
CTVGP,True,,0.3696966582494374,0.0025879474554126023,34.278789008590905,21.81450741226525,0.307350318523396,0.001222046094772166,0.0057082176838621265,0.006141499526194725,0.001243620447840632,0.3156619356917066,map,log,2,5,rank2,squareplus,0.05433071537750141,0.25,-1.1419596248562849,0.0001464865480687307,2.5884168001357466,3,3,True,True,-1.1419596248562849,0.0001464865480687307,True,2.5884168001357466,-2.108181790963506,-0.0004413978701962584,-3.198055685770917e-05,0.00038863493931572384
CTVGP,False,no converged restart,,,,,,,,,,,map,log,3,20,rank2,softplus,0.04693355640065608,,,,,0,3,True,False,,,,,,,,
CTVGP,False,no converged restart,,,,,,,,,,,map,log,3,20,rank2,exp,0.04693355640065608,,,,,0,3,True,False,,,,,,,,
CTVGP,False,no converged restart,,,,,,,,,,,map,log,3,20,rank2,squareplus,0.04693355640065608,0.25,,,,0,3,True,False,,,,,,,,
CTVGP,True,,0.1972243085387942,0.0019276102736238748,0.5935169821484602,0.029689172644334724,0.2113066850275297,0.0010290643784838234,0.004909047897147507,0.004745021464748967,0.003314127752938415,0.20453338723021677,map,log,3,5,rank2,softplus,0.0470225328528657,,-0.19966745292368548,0.0002350176651697395,3.87654189998284,3,3,True,True,-0.19966745292368548,0.0002350176651697395,True,3.87654189998284,-2.109766399308283,-1.2436824787712635,-0.43914484142031374,0.05598043187740321
CTVGP,True,,0.23189928551791392,0.0020709647164158154,0.7860790548660567,0.03863071994048418,0.23529406927892993,0.0011007348415555244,0.005960576919406294,0.005475340013506022,0.004338230870528921,0.21426599365513715,map,log,3,5,rank2,exp,0.0470225328528657,,-0.23871723781378318,0.0002741840532895017,2.2410991999786347,3,3,True,True,-0.23871723781378318,0.0002741840532895017,True,2.2410991999786347,-2.013374146157385,-1.0795610202394395,0.03344621775896578,0.06554166408564055
CTVGP,True,,0.07234949357774788,0.0012215859312883868,0.0909312645650676,0.014166460083600046,0.12533572594053066,0.0006807740251724138,0.0014146844711179498,0.00279313504593671,0.0010113732392180148,0.188744621727529,map,log,3,5,rank2,squareplus,0.0470225328528657,0.25,-0.07730227572200654,0.0001236541655997625,3.8412179001607,3,3,True,True,-0.07730227572200654,0.0001236541655997625,True,3.8412179001607,-0.0037556044115881716,-0.0002950479430889885,-3.259543542422512e-05,0.0004563435625012854
CTVGP,False,no converged restart,,,,,,,,,,,map,log,4,20,rank2,softplus,0.04749272954085326,,,,,0,3,True,False,,,,,,,,
CTVGP,False,no converged restart,,,,,,,,,,,map,log,4,20,rank2,exp,0.04749272954085326,,,,,0,3,True,False,,,,,,,,
CTVGP,False,no converged restart,,,,,,,,,,,map,log,4,20,rank2,squareplus,0.04749272954085326,0.25,,,,0,3,True,False,,,,,,,,
CTVGP,True,,0.3490091447813021,0.0026317901579091274,1.1653518297629333,0.034955643183728645,0.2933908906134562,0.0012432759896669162,0.006871847434609899,0.006324403372839361,0.002659724457701095,0.2598572791294538,map,log,4,5,rank2,softplus,0.04745969298505166,,-0.3901813642137417,0.00025511881100033306,4.383081799838692,3,3,True,True,-0.3901813642137417,0.00025511881100033306,True,4.383081799838692,-2.5605732559474967,-1.3278038775752732,-0.42934944868481,0.025969328004176933
CTVGP,True,,0.39758891044784544,0.0028542698891478673,1.4809247279165854,0.04368748990856843,0.31437942931980295,0.0012838728469023702,0.00754102637237557,0.006885955165925626,0.0028296681240133235,0.27510402633129805,map,log,4,5,rank2,exp,0.04745969298505166,,-0.4367257210990436,0.00023440245330042843,1.4512461998965591,3,3,True,True,-0.4367257210990436,0.00023440245330042843,True,1.4512461998965591,-2.4710770515376543,-1.1795185073443184,0.050722813815207,0.030487482887361663
CTVGP,True,,0.1697925616915416,0.001910383938791345,0.20974985991489564,0.025821536769942127,0.19922350458106697,0.0009247719998303314,0.002949386871879644,0.004061879126098907,0.0010761532642185544,0.2363110980483663,map,log,4,5,rank2,squareplus,0.04745969298505166,0.25,-0.20936403918021007,0.0004945773133782208,2.9750880000647157,3,3,True,True,-0.20936403918021007,0.0004945773133782208,True,2.9750880000647157,-0.01650462419680701,-0.00036991655090046205,-3.194246248820877e-05,0.0002701848259706158
CTVGP,False,no converged restart,,,,,,,,,,,map,sigmoid,0,20,rank2,softplus,0.15509320646020364,,,,,0,3,True,False,,,,,,,,
CTVGP,False,no converged restart,,,,,,,,,,,map,sigmoid,0,20,rank2,exp,0.15509320646020364,,,,,0,3,True,False,,,,,,,,
CTVGP,False,no converged restart,,,,,,,,,,,map,sigmoid,0,20,rank2,squareplus,0.15509320646020364,0.25,,,,0,3,True,False,,,,,,,,
CTVGP,True,,0.43004877329638624,0.0032326596713978147,1.179628509456991,0.021420908561952414,0.3285058162574007,0.0013142344096785921,0.010969149069724104,0.0065574809637442,0.0024403232265850353,0.05295090810610796,map,sigmoid,0,5,rank2,softplus,0.15512848235426513,,-9.026587454749903,0.00031916377091380243,6.509684900054708,2,3,True,True,-9.026587454749903,0.00031916377091380243,True,6.509684900054708,-5.102195925215359,-2.250325652795764,-0.07673927047017294,0.00042497900754253916
CTVGP,True,,0.5603874694316051,0.00694165940730721,1.7054909594466323,0.02916406312119811,0.3785496294257622,0.0013807454728517838,0.013998595341796493,0.008839297711106395,0.0032215332749683176,0.05351912563053413,map,sigmoid,0,5,rank2,exp,0.15512848235426513,,-9.14451869731627,0.00479953552868629,7.885923599824309,3,3,True,True,-9.14451869731627,0.00479953552868629,True,7.885923599824309,-5.078585284554757,-2.204222368262567,0.957895549749675,0.0008913960039845436
CTVGP,True,,0.19822488252386172,0.0015902333823143238,284.2951010822999,120.66952783003698,0.2301948904594905,0.001044382848832739,0.007333937696397325,0.005031446791771861,0.0022784358213685458,0.0816618931777323,map,sigmoid,0,5,rank2,squareplus,0.15512848235426513,0.25,-8.79449412920921,0.00038931354849163223,2.5955755000468343,3,3,True,True,-8.79449412920921,0.00038931354849163223,True,2.5955755000468343,-3.4415065097019557,-0.022410583597852973,-5.568047936117315e-05,0.0010903237784037178
CTVGP,False,no converged restart,,,,,,,,,,,map,sigmoid,1,20,rank2,softplus,0.19415197561342812,,,,,0,3,False,False,,,,,,,,
CTVGP,False,no converged restart,,,,,,,,,,,map,sigmoid,1,20,rank2,exp,0.19415197561342812,,,,,0,3,False,False,,,,,,,,
CTVGP,False,no converged restart,,,,,,,,,,,map,sigmoid,1,20,rank2,squareplus,0.19415197561342812,0.25,,,,0,3,False,False,,,,,,,,
CTVGP,True,,0.4192887527318976,0.0029052061623266777,1.3693757796042827,0.02663930214958584,0.324543391558642,0.0013190054652531316,0.017807919966075163,0.009665062207074021,0.005414188107538104,0.10401878718854671,map,sigmoid,1,5,rank2,softplus,0.19412349655274083,,-2.522974871411238,0.0007469844807286838,5.675088399788365,3,3,True,True,-2.522974871411238,0.0007469844807286838,True,5.675088399788365,-4.04486482885812,-1.429170399948088,-0.08713313651797665,0.002218278856359453
CTVGP,True,,0.5829486397423764,0.00426142215385379,2.3525865422929755,0.042528589401701206,0.3881523321777054,0.0014209309753876287,0.023564276794655302,0.015002251949482152,0.00710465680226465,0.09881833532502464,map,sigmoid,1,5,rank2,exp,0.19412349655274083,,-2.6915015145922565,0.0018290442690232051,7.527673200005665,3,3,True,True,-2.6915015145922565,0.0018290442690232051,True,7.527673200005665,-3.8932849796488074,-1.297598302057506,0.9121280513308261,0.004074709819825911
CTVGP,True,,0.12212176785176387,0.001424885927415325,46.91914700335507,30.43502850486674,0.17851892781119671,0.0008039962400936637,0.009984551920034761,0.007570909698824082,0.004242845516275725,0.07879965863235937,map,sigmoid,1,5,rank2,squareplus,0.19412349655274083,0.25,-2.231813042857554,0.00035702910525163464,3.457361300010234,3,3,True,True,-2.231813042857554,0.00035702910525163464,True,3.457361300010234,-3.1361681579898266,-0.007015370995363757,-9.62083915303945e-05,0.0013761882182505496
CTVGP,False,no converged restart,,,,,,,,,,,map,sigmoid,2,20,rank2,softplus,0.24108894757595634,,,,,0,3,True,False,,,,,,,,
CTVGP,False,no converged restart,,,,,,,,,,,map,sigmoid,2,20,rank2,exp,0.24108894757595634,,,,,0,3,True,False,,,,,,,,
CTVGP,False,no converged restart,,,,,,,,,,,map,sigmoid,2,20,rank2,squareplus,0.24108894757595634,0.25,,,,0,3,True,False,,,,,,,,
CTVGP,True,,0.4038159753337913,0.002999471966941283,1.0309439883940794,0.019409393116619336,0.31503564267524825,0.0012817014810566042,0.0171461808118167,0.010104619142121919,0.0019209223770477008,0.0747552203142833,map,sigmoid,2,5,rank2,softplus,0.24103182381442664,,-4.847547304608714,0.0005708538069202531,4.777815000154078,2,3,True,True,-4.847547304608714,0.0005708538069202531,True,4.777815000154078,-4.190295937659191,-1.782628544300529,-0.058647405578567936,0.0022520586741295165
CTVGP,True,,0.6103732638181816,0.00485322479518854,1.8092520000467018,0.03027325453765946,0.38972578174019074,0.0014009762109971128,0.02368049593867123,0.013031618073118688,0.003133627940478332,0.07544911978979532,map,sigmoid,2,5,rank2,exp,0.24103182381442664,,-5.03662414210255,0.0012876906858318717,6.2775075999088585,3,3,True,True,-5.03662414210255,0.0012876906858318717,True,6.2775075999088585,-3.97922960390469,-1.7076476420717617,1.0577501545204708,0.0033418574016506925
CTVGP,True,,0.1909245467191445,0.001667517469398312,366.82730939684006,234.80978754934227,0.2292583008629155,0.0009759681022495308,0.0120394869468762,0.007813423995698955,0.0025020355163144223,0.09103423547106616,map,sigmoid,2,5,rank2,squareplus,0.24103182381442664,0.25,-4.637029765115672,0.0004279225008818285,2.356604899978265,3,3,True,True,-4.637029765115672,0.0004279225008818285,True,2.356604899978265,-3.4356387875761842,-0.018672668073484222,-0.00011055209894642592,0.0016093505112462839
CTVGP,False,no converged restart,,,,,,,,,,,map,sigmoid,3,20,rank2,softplus,0.15505556537144566,,,,,0,3,True,False,,,,,,,,
CTVGP,False,no converged restart,,,,,,,,,,,map,sigmoid,3,20,rank2,exp,0.15505556537144566,,,,,0,3,True,False,,,,,,,,
CTVGP,False,no converged restart,,,,,,,,,,,map,sigmoid,3,20,rank2,squareplus,0.15505556537144566,0.25,,,,0,3,True,False,,,,,,,,
CTVGP,True,,0.6143455276493097,0.004316160624608085,1.670940435260054,0.02669478448554149,0.3903198192793825,0.0014507613175170184,0.009569025101281525,0.007316676406478027,0.005221985550143241,0.15417818163868607,map,sigmoid,3,5,rank2,softplus,0.15508186845342548,,-4.124578040349903,0.0018255426401705707,10.154086400056258,3,3,True,True,-4.124578040349903,0.0018255426401705707,True,10.154086400056258,-4.720584399512056,-2.6631517820139523,-0.1898110166454351,0.0008272991422474961
CTVGP,True,,0.7148290736850051,0.005472098469691204,2.1662131853406894,0.032608389735793254,0.42675911071579986,0.001495809797772092,0.011067885318382865,0.00825847643799162,0.006220452421349648,0.16882106103766073,map,sigmoid,3,5,rank2,exp,0.15508186845342548,,-4.228900381272099,0.0011109470337792992,7.800346300005913,3,3,True,True,-4.228900381272099,0.0011109470337792992,True,7.800346300005913,-4.60397692733684,-2.633057626188354,0.5653620971228112,0.0022232664247426046
CTVGP,True,,0.24999644330210335,0.0017574357155375044,1619.183887514914,916.3526773832269,0.2517962584743839,0.001177966291293051,0.005726620636278369,0.006054129183014288,0.0016312376321709436,0.16939737585234269,map,sigmoid,3,5,rank2,squareplus,0.15508186845342548,0.25,-3.7604190607350243,0.0004619330723627151,3.4778136999811977,3,3,True,True,-3.7604190607350243,0.0004619330723627151,True,3.4778136999811977,-3.2564326610184726,-0.046636859867211555,-0.00012369389109339487,0.0013872671891083659
CTVGP,False,no converged restart,,,,,,,,,,,map,sigmoid,4,20,rank2,softplus,0.1001105292895503,,,,,0,3,True,False,,,,,,,,
CTVGP,False,no converged restart,,,,,,,,,,,map,sigmoid,4,20,rank2,exp,0.1001105292895503,,,,,0,3,True,False,,,,,,,,
CTVGP,False,no converged restart,,,,,,,,,,,map,sigmoid,4,20,rank2,squareplus,0.1001105292895503,0.25,,,,0,3,True,False,,,,,,,,
CTVGP,True,,0.5371252788480039,0.003892289710076989,1.7620988996756834,0.03535164426285855,0.36094155537358835,0.0014088201418997798,0.006861219147597132,0.005606048747358833,0.004816221145691689,0.16026465801294126,map,sigmoid,4,5,rank2,softplus,0.0990342933474795,,-7.371762619402789,0.0005773537274527541,9.436378400074318,3,3,True,True,-7.371762619402789,0.0005773537274527541,True,9.436378400074318,-5.831926311336456,-3.0844772891300876,-0.20192324897692682,0.0002799438061720004
CTVGP,True,,0.7910131216793594,0.004772561283848481,2.7231462313665094,0.04674526053804351,0.46079016171017684,0.00150372478131744,0.011183306562352405,0.01243623203026638,0.0017537924986131038,0.5746145125687289,map,sigmoid,4,5,rank2,exp,0.0990342933474795,,-7.631620251545172,0.0008351093167752402,5.445645899977535,2,3,True,True,-7.631620251545172,0.0008351093167752402,True,5.445645899977535,-5.766800140227883,-3.054458214723101,0.5114533802792318,0.00047222278448325793
CTVGP,True,,0.2474924324500849,0.0014815267240627864,67511.31864732425,66244.5525475492,0.23981263243045686,0.0012438136557394771,0.0027699663172811744,0.002694052361363749,0.0017515855323724254,0.06976065901864552,map,sigmoid,4,5,rank2,squareplus,0.0990342933474795,0.25,-7.086727676892798,0.00018437097537858253,4.572969000088051,3,3,True,True,-7.086727676892798,0.00018437097537858253,True,4.572969000088051,-3.244079393151766,-0.053659182125273874,-5.2665023652712626e-05,0.0008967092923479003
