m_constraints,family,component,repeat,value,unit,batch_size,iterations
5,shared,posterior_construction,0,0.012145099928602576,seconds,0,1
5,shared,posterior_construction,1,0.012810099869966507,seconds,0,1
5,shared,posterior_construction,2,0.010849899845197797,seconds,0,1
5,shared,posterior_construction,3,0.013030300149694085,seconds,0,1
5,shared,posterior_construction,4,0.011098399991169572,seconds,0,1
5,shared,posterior_construction,5,0.010320700006559491,seconds,0,1
5,shared,posterior_construction,6,0.010370199801400304,seconds,0,1
5,shared,target_factorization,0,4.620011895895004e-05,seconds,0,1
5,shared,target_factorization,1,4.640012048184872e-05,seconds,0,1
5,shared,target_factorization,2,4.369998350739479e-05,seconds,0,1
5,shared,target_factorization,3,4.2400090023875237e-05,seconds,0,1
5,shared,target_factorization,4,4.229997284710407e-05,seconds,0,1
5,shared,target_factorization,5,4.269997589290142e-05,seconds,0,1
5,shared,target_factorization,6,4.1899969801306725e-05,seconds,0,1
5,diag,objective_gradient,0,0.0010400000028312206,seconds,512,1
5,diag,objective_gradient,1,0.0009445000905543566,seconds,512,1
5,diag,objective_gradient,2,0.0009603002108633518,seconds,512,1
5,diag,objective_gradient,3,0.000950800022110343,seconds,512,1
5,diag,objective_gradient,4,0.0009086001664400101,seconds,512,1
5,diag,objective_gradient,5,0.0009322999976575375,seconds,512,1
5,diag,objective_gradient,6,0.0009383999276906252,seconds,512,1
5,diag,1000_iterations,0,0.2041352998930961,seconds,8,1000
5,diag,1000_iterations,1,0.24364619981497526,seconds,8,1000
5,diag,1000_iterations,2,0.23279680009000003,seconds,8,1000
5,diag,1000_iterations,3,0.2670587000902742,seconds,8,1000
5,diag,1000_iterations,4,0.2715401998721063,seconds,8,1000
5,diag,1000_iterations,5,0.22358909994363785,seconds,8,1000
5,diag,1000_iterations,6,0.20504030003212392,seconds,8,1000
5,diag,10000_samples,0,0.0021541998721659184,seconds,10000,1
5,diag,10000_samples,1,0.00278669991530478,seconds,10000,1
5,diag,10000_samples,2,0.00276739988476038,seconds,10000,1
5,diag,10000_samples,3,0.002665999811142683,seconds,10000,1
5,diag,10000_samples,4,0.0021782999392598867,seconds,10000,1
5,diag,10000_samples,5,0.002188999904319644,seconds,10000,1
5,diag,10000_samples,6,0.0021370998583734035,seconds,10000,1
5,diag,peak_memory,0,81.1875,MiB_peak_RSS,512,20
5,diag,peak_memory,1,81.1875,MiB_peak_RSS,512,20
5,diag,peak_memory,2,81.1875,MiB_peak_RSS,512,20
5,diag,peak_memory,3,81.1875,MiB_peak_RSS,512,20
5,diag,peak_memory,4,81.1875,MiB_peak_RSS,512,20
5,diag,peak_memory,5,81.1875,MiB_peak_RSS,512,20
5,diag,peak_memory,6,81.1875,MiB_peak_RSS,512,20
5,rank2,objective_gradient,0,0.001571600092574954,seconds,512,1
5,rank2,objective_gradient,1,0.0014345000963658094,seconds,512,1
5,rank2,objective_gradient,2,0.0015447998885065317,seconds,512,1
5,rank2,objective_gradient,3,0.001342700095847249,seconds,512,1
5,rank2,objective_gradient,4,0.0013086998369544744,seconds,512,1
5,rank2,objective_gradient,5,0.0013910001143813133,seconds,512,1
5,rank2,objective_gradient,6,0.0011585999745875597,seconds,512,1
5,rank2,1000_iterations,0,0.3936245001386851,seconds,8,1000
5,rank2,1000_iterations,1,0.330788099905476,seconds,8,1000
5,rank2,1000_iterations,2,0.38308970001526177,seconds,8,1000
5,rank2,1000_iterations,3,0.555220999987796,seconds,8,1000
5,rank2,1000_iterations,4,0.49359870003536344,seconds,8,1000
5,rank2,1000_iterations,5,0.5090542000252753,seconds,8,1000
5,rank2,1000_iterations,6,0.39548170007765293,seconds,8,1000
5,rank2,10000_samples,0,0.0029168000910431147,seconds,10000,1
5,rank2,10000_samples,1,0.0029456999618560076,seconds,10000,1
5,rank2,10000_samples,2,0.0026497000362724066,seconds,10000,1
5,rank2,10000_samples,3,0.002700299955904484,seconds,10000,1
5,rank2,10000_samples,4,0.0045964999590069056,seconds,10000,1
5,rank2,10000_samples,5,0.0030424001161009073,seconds,10000,1
5,rank2,10000_samples,6,0.0024720998480916023,seconds,10000,1
5,rank2,peak_memory,0,81.96484375,MiB_peak_RSS,512,20
5,rank2,peak_memory,1,81.96484375,MiB_peak_RSS,512,20
5,rank2,peak_memory,2,81.96484375,MiB_peak_RSS,512,20
5,rank2,peak_memory,3,81.96484375,MiB_peak_RSS,512,20
5,rank2,peak_memory,4,81.96484375,MiB_peak_RSS,512,20
5,rank2,peak_memory,5,81.96484375,MiB_peak_RSS,512,20
5,rank2,peak_memory,6,81.96484375,MiB_peak_RSS,512,20
5,rank4,objective_gradient,0,0.0017397000920027494,seconds,512,1
5,rank4,objective_gradient,1,0.0020669000223279,seconds,512,1
5,rank4,objective_gradient,2,0.0012968000955879688,seconds,512,1
5,rank4,objective_gradient,3,0.0014172999653965235,seconds,512,1
5,rank4,objective_gradient,4,0.0012892000377178192,seconds,512,1
5,rank4,objective_gradient,5,0.001169299939647317,seconds,512,1
5,rank4,objective_gradient,6,0.0011822001542896032,seconds,512,1
5,rank4,1000_iterations,0,0.3818609002046287,seconds,8,1000
5,rank4,1000_iterations,1,0.36057380004785955,seconds,8,1000
5,rank4,1000_iterations,2,0.43000960000790656,seconds,8,1000
5,rank4,1000_iterations,3,0.3663701000623405,seconds,8,1000
5,rank4,1000_iterations,4,0.4289671001024544,seconds,8,1000
5,rank4,1000_iterations,5,0.4736421999987215,seconds,8,1000
5,rank4,1000_iterations,6,0.4070669999346137,seconds,8,1000
5,rank4,10000_samples,0,0.003946499899029732,seconds,10000,1
5,rank4,10000_samples,1,0.0038650999777019024,seconds,10000,1
5,rank4,10000_samples,2,0.003724699839949608,seconds,10000,1
5,rank4,10000_samples,3,0.003986399853602052,seconds,10000,1
5,rank4,10000_samples,4,0.0037908998783677816,seconds,10000,1
5,rank4,10000_samples,5,0.0037539000622928143,seconds,10000,1
5,rank4,10000_samples,6,0.0039053999353200197,seconds,10000,1
5,rank4,peak_memory,0,82.36328125,MiB_peak_RSS,512,20
5,rank4,peak_memory,1,82.36328125,MiB_peak_RSS,512,20
5,rank4,peak_memory,2,82.36328125,MiB_peak_RSS,512,20
5,rank4,peak_memory,3,82.36328125,MiB_peak_RSS,512,20
5,rank4,peak_memory,4,82.36328125,MiB_peak_RSS,512,20
5,rank4,peak_memory,5,82.36328125,MiB_peak_RSS,512,20
5,rank4,peak_memory,6,82.36328125,MiB_peak_RSS,512,20
5,rank8,objective_gradient,0,0.001630699960514903,seconds,512,1
5,rank8,objective_gradient,1,0.0015016000252217054,seconds,512,1
5,rank8,objective_gradient,2,0.0013431999832391739,seconds,512,1
5,rank8,objective_gradient,3,0.0012395000085234642,seconds,512,1
5,rank8,objective_gradient,4,0.0011020000092685223,seconds,512,1
5,rank8,objective_gradient,5,0.0013419999741017818,seconds,512,1
5,rank8,objective_gradient,6,0.00134680001065135,seconds,512,1
5,rank8,1000_iterations,0,0.40801899996586144,seconds,8,1000
5,rank8,1000_iterations,1,0.35851609986275434,seconds,8,1000
5,rank8,1000_iterations,2,0.33543670014478266,seconds,8,1000
5,rank8,1000_iterations,3,0.3456868000794202,seconds,8,1000
5,rank8,1000_iterations,4,0.30950489989481866,seconds,8,1000
5,rank8,1000_iterations,5,0.39491540007293224,seconds,8,1000
5,rank8,1000_iterations,6,0.3655720001552254,seconds,8,1000
5,rank8,10000_samples,0,0.007829200010746717,seconds,10000,1
5,rank8,10000_samples,1,0.004768899874761701,seconds,10000,1
5,rank8,10000_samples,2,0.0037426999770104885,seconds,10000,1
5,rank8,10000_samples,3,0.005792599869892001,seconds,10000,1
5,rank8,10000_samples,4,0.005578200099989772,seconds,10000,1
5,rank8,10000_samples,5,0.0046114998403936625,seconds,10000,1
5,rank8,10000_samples,6,0.008138499921187758,seconds,10000,1
5,rank8,peak_memory,0,82.62890625,MiB_peak_RSS,512,20
5,rank8,peak_memory,1,82.62890625,MiB_peak_RSS,512,20
5,rank8,peak_memory,2,82.62890625,MiB_peak_RSS,512,20
5,rank8,peak_memory,3,82.62890625,MiB_peak_RSS,512,20
5,rank8,peak_memory,4,82.62890625,MiB_peak_RSS,512,20
5,rank8,peak_memory,5,82.62890625,MiB_peak_RSS,512,20
5,rank8,peak_memory,6,82.62890625,MiB_peak_RSS,512,20
5,full,objective_gradient,0,0.002863599918782711,seconds,512,1
5,full,objective_gradient,1,0.0014843998942524195,seconds,512,1
5,full,objective_gradient,2,0.0025844001211225986,seconds,512,1
5,full,objective_gradient,3,0.0015728999860584736,seconds,512,1
5,full,objective_gradient,4,0.0013723000884056091,seconds,512,1
5,full,objective_gradient,5,0.0013882000930607319,seconds,512,1
5,full,objective_gradient,6,0.0013520000502467155,seconds,512,1
5,full,1000_iterations,0,0.48426319984719157,seconds,8,1000
5,full,1000_iterations,1,0.5344059001654387,seconds,8,1000
5,full,1000_iterations,2,0.6645607999525964,seconds,8,1000
5,full,1000_iterations,3,0.6911517998669297,seconds,8,1000
5,full,1000_iterations,4,0.6391878998838365,seconds,8,1000
5,full,1000_iterations,5,0.5804075000341982,seconds,8,1000
5,full,1000_iterations,6,0.5713516999967396,seconds,8,1000
5,full,10000_samples,0,0.002492800122126937,seconds,10000,1
5,full,10000_samples,1,0.0033240001648664474,seconds,10000,1
5,full,10000_samples,2,0.0033211999107152224,seconds,10000,1
5,full,10000_samples,3,0.003390599973499775,seconds,10000,1
5,full,10000_samples,4,0.003388199955224991,seconds,10000,1
5,full,10000_samples,5,0.003602599957957864,seconds,10000,1
5,full,10000_samples,6,0.0033950000070035458,seconds,10000,1
5,full,peak_memory,0,82.8125,MiB_peak_RSS,512,20
5,full,peak_memory,1,82.8125,MiB_peak_RSS,512,20
5,full,peak_memory,2,82.8125,MiB_peak_RSS,512,20
5,full,peak_memory,3,82.8125,MiB_peak_RSS,512,20
5,full,peak_memory,4,82.8125,MiB_peak_RSS,512,20
5,full,peak_memory,5,82.8125,MiB_peak_RSS,512,20
5,full,peak_memory,6,82.8125,MiB_peak_RSS,512,20
10,shared,posterior_construction,0,0.01362650003284216,seconds,0,1
10,shared,posterior_construction,1,0.018197600031271577,seconds,0,1
10,shared,posterior_construction,2,0.02179739996790886,seconds,0,1
10,shared,posterior_construction,3,0.028467300115153193,seconds,0,1
10,shared,posterior_construction,4,0.022024299949407578,seconds,0,1
10,shared,posterior_construction,5,0.01974570006132126,seconds,0,1
10,shared,posterior_construction,6,0.015342900063842535,seconds,0,1
10,shared,target_factorization,0,4.759989678859711e-05,seconds,0,1
10,shared,target_factorization,1,4.429998807609081e-05,seconds,0,1
10,shared,target_factorization,2,4.2899977415800095e-05,seconds,0,1
10,shared,target_factorization,3,4.429998807609081e-05,seconds,0,1
10,shared,target_factorization,4,4.2800093069672585e-05,seconds,0,1
10,shared,target_factorization,5,5.5800192058086395e-05,seconds,0,1
10,shared,target_factorization,6,7.209996692836285e-05,seconds,0,1
10,diag,objective_gradient,0,0.0011838001664727926,seconds,512,1
10,diag,objective_gradient,1,0.002021299907937646,seconds,512,1
10,diag,objective_gradient,2,0.0016493001021444798,seconds,512,1
10,diag,objective_gradient,3,0.0018996000289916992,seconds,512,1
10,diag,objective_gradient,4,0.0017568999901413918,seconds,512,1
10,diag,objective_gradient,5,0.0017224999610334635,seconds,512,1
10,diag,objective_gradient,6,0.00158550008200109,seconds,512,1
10,diag,1000_iterations,0,0.2653932000976056,seconds,8,1000
10,diag,1000_iterations,1,0.27025160007178783,seconds,8,1000
10,diag,1000_iterations,2,0.25011739996261895,seconds,8,1000
10,diag,1000_iterations,3,0.21863989997655153,seconds,8,1000
10,diag,1000_iterations,4,0.24369870009832084,seconds,8,1000
10,diag,1000_iterations,5,0.26177199999801815,seconds,8,1000
10,diag,1000_iterations,6,0.272956500062719,seconds,8,1000
10,diag,10000_samples,0,0.007162600057199597,seconds,10000,1
10,diag,10000_samples,1,0.006924299988895655,seconds,10000,1
10,diag,10000_samples,2,0.005932200001552701,seconds,10000,1
10,diag,10000_samples,3,0.005950600141659379,seconds,10000,1
10,diag,10000_samples,4,0.006244499934837222,seconds,10000,1
10,diag,10000_samples,5,0.007142199901863933,seconds,10000,1
10,diag,10000_samples,6,0.006350700045004487,seconds,10000,1
10,diag,peak_memory,0,82.5,MiB_peak_RSS,512,20
10,diag,peak_memory,1,82.5,MiB_peak_RSS,512,20
10,diag,peak_memory,2,82.5,MiB_peak_RSS,512,20
10,diag,peak_memory,3,82.5,MiB_peak_RSS,512,20
10,diag,peak_memory,4,82.5,MiB_peak_RSS,512,20
10,diag,peak_memory,5,82.5,MiB_peak_RSS,512,20
10,diag,peak_memory,6,82.5,MiB_peak_RSS,512,20
10,rank2,objective_gradient,0,0.0020216000266373158,seconds,512,1
10,rank2,objective_gradient,1,0.0020131999626755714,seconds,512,1
10,rank2,objective_gradient,2,0.001984500093385577,seconds,512,1
10,rank2,objective_gradient,3,0.0020918999798595905,seconds,512,1
10,rank2,objective_gradient,4,0.00234219990670681,seconds,512,1
10,rank2,objective_gradient,5,0.0019809999503195286,seconds,512,1
10,rank2,objective_gradient,6,0.005846499931067228,seconds,512,1
10,rank2,1000_iterations,0,0.4044826999306679,seconds,8,1000
10,rank2,1000_iterations,1,0.4074787001591176,seconds,8,1000
10,rank2,1000_iterations,2,0.35516909998841584,seconds,8,1000
10,rank2,1000_iterations,3,0.3684486001729965,seconds,8,1000
10,rank2,1000_iterations,4,0.3639223000500351,seconds,8,1000
10,rank2,1000_iterations,5,0.3525249999947846,seconds,8,1000
10,rank2,1000_iterations,6,0.40368419978767633,seconds,8,1000
10,rank2,10000_samples,0,0.005747999995946884,seconds,10000,1
10,rank2,10000_samples,1,0.005583300022408366,seconds,10000,1
10,rank2,10000_samples,2,0.006822000024840236,seconds,10000,1
10,rank2,10000_samples,3,0.0054709999822080135,seconds,10000,1
10,rank2,10000_samples,4,0.006072100019082427,seconds,10000,1
10,rank2,10000_samples,5,0.006691299844533205,seconds,10000,1
10,rank2,10000_samples,6,0.006115899886935949,seconds,10000,1
10,rank2,peak_memory,0,82.58984375,MiB_peak_RSS,512,20
10,rank2,peak_memory,1,82.58984375,MiB_peak_RSS,512,20
10,rank2,peak_memory,2,82.58984375,MiB_peak_RSS,512,20
10,rank2,peak_memory,3,82.58984375,MiB_peak_RSS,512,20
10,rank2,peak_memory,4,82.58984375,MiB_peak_RSS,512,20
10,rank2,peak_memory,5,82.58984375,MiB_peak_RSS,512,20
10,rank2,peak_memory,6,82.58984375,MiB_peak_RSS,512,20
10,rank4,objective_gradient,0,0.0016171999741345644,seconds,512,1
10,rank4,objective_gradient,1,0.001550600165501237,seconds,512,1
10,rank4,objective_gradient,2,0.0018209998961538076,seconds,512,1
10,rank4,objective_gradient,3,0.0023628000635653734,seconds,512,1
10,rank4,objective_gradient,4,0.0017568001057952642,seconds,512,1
10,rank4,objective_gradient,5,0.002105700084939599,seconds,512,1
10,rank4,objective_gradient,6,0.0018637999892234802,seconds,512,1
10,rank4,1000_iterations,0,0.3973959998693317,seconds,8,1000
10,rank4,1000_iterations,1,0.33436209987848997,seconds,8,1000
10,rank4,1000_iterations,2,0.3964688000269234,seconds,8,1000
10,rank4,1000_iterations,3,0.41924790013581514,seconds,8,1000
10,rank4,1000_iterations,4,0.35340570006519556,seconds,8,1000
10,rank4,1000_iterations,5,0.3973507001064718,seconds,8,1000
10,rank4,1000_iterations,6,0.49742159992456436,seconds,8,1000
10,rank4,10000_samples,0,0.007245699875056744,seconds,10000,1
10,rank4,10000_samples,1,0.009268400026485324,seconds,10000,1
10,rank4,10000_samples,2,0.009212100179865956,seconds,10000,1
10,rank4,10000_samples,3,0.010587899945676327,seconds,10000,1
10,rank4,10000_samples,4,0.014493700116872787,seconds,10000,1
10,rank4,10000_samples,5,0.00774900009855628,seconds,10000,1
10,rank4,10000_samples,6,0.014653299935162067,seconds,10000,1
10,rank4,peak_memory,0,82.56640625,MiB_peak_RSS,512,20
10,rank4,peak_memory,1,82.56640625,MiB_peak_RSS,512,20
10,rank4,peak_memory,2,82.56640625,MiB_peak_RSS,512,20
10,rank4,peak_memory,3,82.56640625,MiB_peak_RSS,512,20
10,rank4,peak_memory,4,82.56640625,MiB_peak_RSS,512,20
10,rank4,peak_memory,5,82.56640625,MiB_peak_RSS,512,20
10,rank4,peak_memory,6,82.56640625,MiB_peak_RSS,512,20
10,rank8,objective_gradient,0,0.0026706999633461237,seconds,512,1
10,rank8,objective_gradient,1,0.004039500141516328,seconds,512,1
10,rank8,objective_gradient,2,0.0018699001520872116,seconds,512,1
10,rank8,objective_gradient,3,0.0021019999403506517,seconds,512,1
10,rank8,objective_gradient,4,0.0016360001172870398,seconds,512,1
10,rank8,objective_gradient,5,0.0017945999279618263,seconds,512,1
10,rank8,objective_gradient,6,0.0018418000545352697,seconds,512,1
10,rank8,1000_iterations,0,0.4656942000146955,seconds,8,1000
10,rank8,1000_iterations,1,0.34496999997645617,seconds,8,1000
10,rank8,1000_iterations,2,0.36779019981622696,seconds,8,1000
10,rank8,1000_iterations,3,0.3687647001352161,seconds,8,1000
10,rank8,1000_iterations,4,0.4108245000243187,seconds,8,1000
10,rank8,1000_iterations,5,0.4103522999212146,seconds,8,1000
10,rank8,1000_iterations,6,0.4843646998051554,seconds,8,1000
10,rank8,10000_samples,0,0.008043500129133463,seconds,10000,1
10,rank8,10000_samples,1,0.009062099969014525,seconds,10000,1
10,rank8,10000_samples,2,0.007791499840095639,seconds,10000,1
10,rank8,10000_samples,3,0.009238400030881166,seconds,10000,1
10,rank8,10000_samples,4,0.007305999984964728,seconds,10000,1
10,rank8,10000_samples,5,0.008270499994978309,seconds,10000,1
10,rank8,10000_samples,6,0.00786409992724657,seconds,10000,1
10,rank8,peak_memory,0,82.6171875,MiB_peak_RSS,512,20
10,rank8,peak_memory,1,82.6171875,MiB_peak_RSS,512,20
10,rank8,peak_memory,2,82.6171875,MiB_peak_RSS,512,20
10,rank8,peak_memory,3,82.6171875,MiB_peak_RSS,512,20
10,rank8,peak_memory,4,82.6171875,MiB_peak_RSS,512,20
10,rank8,peak_memory,5,82.6171875,MiB_peak_RSS,512,20
10,rank8,peak_memory,6,82.6171875,MiB_peak_RSS,512,20
10,full,objective_gradient,0,0.0019064000807702541,seconds,512,1
10,full,objective_gradient,1,0.0018904998432844877,seconds,512,1
10,full,objective_gradient,2,0.0016829001251608133,seconds,512,1
10,full,objective_gradient,3,0.0014045999851077795,seconds,512,1
10,full,objective_gradient,4,0.0015801000408828259,seconds,512,1
10,full,objective_gradient,5,0.0019672999624162912,seconds,512,1
10,full,objective_gradient,6,0.0022273000795394182,seconds,512,1
10,full,1000_iterations,0,0.516617099987343,seconds,8,1000
10,full,1000_iterations,1,0.7095280999783427,seconds,8,1000
10,full,1000_iterations,2,0.7238481999374926,seconds,8,1000
10,full,1000_iterations,3,0.7113125999458134,seconds,8,1000
10,full,1000_iterations,4,0.4783975000027567,seconds,8,1000
10,full,1000_iterations,5,0.6053408998996019,seconds,8,1000
10,full,1000_iterations,6,0.710412599844858,seconds,8,1000
10,full,10000_samples,0,0.01121130003593862,seconds,10000,1
10,full,10000_samples,1,0.007269300054758787,seconds,10000,1
10,full,10000_samples,2,0.011652100132778287,seconds,10000,1
10,full,10000_samples,3,0.007628999883309007,seconds,10000,1
10,full,10000_samples,4,0.010656500002369285,seconds,10000,1
10,full,10000_samples,5,0.010368899907916784,seconds,10000,1
10,full,10000_samples,6,0.008070399984717369,seconds,10000,1
10,full,peak_memory,0,82.71484375,MiB_peak_RSS,512,20
10,full,peak_memory,1,82.71484375,MiB_peak_RSS,512,20
10,full,peak_memory,2,82.71484375,MiB_peak_RSS,512,20
10,full,peak_memory,3,82.71484375,MiB_peak_RSS,512,20
10,full,peak_memory,4,82.71484375,MiB_peak_RSS,512,20
10,full,peak_memory,5,82.71484375,MiB_peak_RSS,512,20
10,full,peak_memory,6,82.71484375,MiB_peak_RSS,512,20
20,shared,posterior_construction,0,0.016670800046995282,seconds,0,1
20,shared,posterior_construction,1,0.018027399899438024,seconds,0,1
20,shared,posterior_construction,2,0.016241899924352765,seconds,0,1
20,shared,posterior_construction,3,0.020314499968662858,seconds,0,1
20,shared,posterior_construction,4,0.01958970003761351,seconds,0,1
20,shared,posterior_construction,5,0.015803599962964654,seconds,0,1
20,shared,posterior_construction,6,0.01319530000910163,seconds,0,1
20,shared,target_factorization,0,6.609992124140263e-05,seconds,0,1
20,shared,target_factorization,1,5.5999960750341415e-05,seconds,0,1
20,shared,target_factorization,2,5.250005051493645e-05,seconds,0,1
20,shared,target_factorization,3,5.16998115926981e-05,seconds,0,1
20,shared,target_factorization,4,5.079992115497589e-05,seconds,0,1
20,shared,target_factorization,5,5.030003376305103e-05,seconds,0,1
20,shared,target_factorization,6,5.039991810917854e-05,seconds,0,1
20,diag,objective_gradient,0,0.0017140000127255917,seconds,512,1
20,diag,objective_gradient,1,0.0016455999575555325,seconds,512,1
20,diag,objective_gradient,2,0.0016524000093340874,seconds,512,1
20,diag,objective_gradient,3,0.0016337998677045107,seconds,512,1
20,diag,objective_gradient,4,0.0016351998783648014,seconds,512,1
20,diag,objective_gradient,5,0.0019815999548882246,seconds,512,1
20,diag,objective_gradient,6,0.0021790999453514814,seconds,512,1
20,diag,1000_iterations,0,0.2452650999184698,seconds,8,1000
20,diag,1000_iterations,1,0.2873178001027554,seconds,8,1000
20,diag,1000_iterations,2,0.2554866001009941,seconds,8,1000
20,diag,1000_iterations,3,0.22740230010822415,seconds,8,1000
20,diag,1000_iterations,4,0.22373620001599193,seconds,8,1000
20,diag,1000_iterations,5,0.259717799955979,seconds,8,1000
20,diag,1000_iterations,6,0.2917534001171589,seconds,8,1000
20,diag,10000_samples,0,0.011136400047689676,seconds,10000,1
20,diag,10000_samples,1,0.009936900110915303,seconds,10000,1
20,diag,10000_samples,2,0.011792000150308013,seconds,10000,1
20,diag,10000_samples,3,0.010459399782121181,seconds,10000,1
20,diag,10000_samples,4,0.010123600019142032,seconds,10000,1
20,diag,10000_samples,5,0.009573499904945493,seconds,10000,1
20,diag,10000_samples,6,0.010206999955698848,seconds,10000,1
20,diag,peak_memory,0,82.75390625,MiB_peak_RSS,512,20
20,diag,peak_memory,1,82.75390625,MiB_peak_RSS,512,20
20,diag,peak_memory,2,82.75390625,MiB_peak_RSS,512,20
20,diag,peak_memory,3,82.75390625,MiB_peak_RSS,512,20
20,diag,peak_memory,4,82.75390625,MiB_peak_RSS,512,20
20,diag,peak_memory,5,82.75390625,MiB_peak_RSS,512,20
20,diag,peak_memory,6,82.75390625,MiB_peak_RSS,512,20
20,rank2,objective_gradient,0,0.003110900055617094,seconds,512,1
20,rank2,objective_gradient,1,0.0026159000117331743,seconds,512,1
20,rank2,objective_gradient,2,0.0023575001396238804,seconds,512,1
20,rank2,objective_gradient,3,0.0022047001402825117,seconds,512,1
20,rank2,objective_gradient,4,0.002327500144019723,seconds,512,1
20,rank2,objective_gradient,5,0.0019199000671505928,seconds,512,1
20,rank2,objective_gradient,6,0.0018446999602019787,seconds,512,1
20,rank2,1000_iterations,0,0.39936690009199083,seconds,8,1000
20,rank2,1000_iterations,1,0.3346718999091536,seconds,8,1000
20,rank2,1000_iterations,2,0.3890325000975281,seconds,8,1000
20,rank2,1000_iterations,3,0.41516179987229407,seconds,8,1000
20,rank2,1000_iterations,4,0.39242910011671484,seconds,8,1000
20,rank2,1000_iterations,5,0.4161284000147134,seconds,8,1000
20,rank2,1000_iterations,6,0.3482316001318395,seconds,8,1000
20,rank2,10000_samples,0,0.012787200044840574,seconds,10000,1
20,rank2,10000_samples,1,0.014580400194972754,seconds,10000,1
20,rank2,10000_samples,2,0.012980000115931034,seconds,10000,1
20,rank2,10000_samples,3,0.013793200021609664,seconds,10000,1
20,rank2,10000_samples,4,0.015597600024193525,seconds,10000,1
20,rank2,10000_samples,5,0.014185199979692698,seconds,10000,1
20,rank2,10000_samples,6,0.014103499939665198,seconds,10000,1
20,rank2,peak_memory,0,83.14453125,MiB_peak_RSS,512,20
20,rank2,peak_memory,1,83.14453125,MiB_peak_RSS,512,20
20,rank2,peak_memory,2,83.14453125,MiB_peak_RSS,512,20
20,rank2,peak_memory,3,83.14453125,MiB_peak_RSS,512,20
20,rank2,peak_memory,4,83.14453125,MiB_peak_RSS,512,20
20,rank2,peak_memory,5,83.14453125,MiB_peak_RSS,512,20
20,rank2,peak_memory,6,83.14453125,MiB_peak_RSS,512,20
20,rank4,objective_gradient,0,0.002154699992388487,seconds,512,1
20,rank4,objective_gradient,1,0.0023354999721050262,seconds,512,1
20,rank4,objective_gradient,2,0.002469800179824233,seconds,512,1
20,rank4,objective_gradient,3,0.002113600028678775,seconds,512,1
20,rank4,objective_gradient,4,0.0023289001546800137,seconds,512,1
20,rank4,objective_gradient,5,0.002264099894091487,seconds,512,1
20,rank4,objective_gradient,6,0.002134100068360567,seconds,512,1
20,rank4,1000_iterations,0,0.45123849995434284,seconds,8,1000
20,rank4,1000_iterations,1,0.4294063998386264,seconds,8,1000
20,rank4,1000_iterations,2,0.40439989999867976,seconds,8,1000
20,rank4,1000_iterations,3,0.3560585000086576,seconds,8,1000
20,rank4,1000_iterations,4,0.39164000004529953,seconds,8,1000
20,rank4,1000_iterations,5,0.3577084999997169,seconds,8,1000
20,rank4,1000_iterations,6,0.39130520005710423,seconds,8,1000
20,rank4,10000_samples,0,0.018706899834796786,seconds,10000,1
20,rank4,10000_samples,1,0.02132020005956292,seconds,10000,1
20,rank4,10000_samples,2,0.013972099870443344,seconds,10000,1
20,rank4,10000_samples,3,0.013021699851378798,seconds,10000,1
20,rank4,10000_samples,4,0.016253799898549914,seconds,10000,1
20,rank4,10000_samples,5,0.017029300099238753,seconds,10000,1
20,rank4,10000_samples,6,0.015635599847882986,seconds,10000,1
20,rank4,peak_memory,0,83.1171875,MiB_peak_RSS,512,20
20,rank4,peak_memory,1,83.1171875,MiB_peak_RSS,512,20
20,rank4,peak_memory,2,83.1171875,MiB_peak_RSS,512,20
20,rank4,peak_memory,3,83.1171875,MiB_peak_RSS,512,20
20,rank4,peak_memory,4,83.1171875,MiB_peak_RSS,512,20
20,rank4,peak_memory,5,83.1171875,MiB_peak_RSS,512,20
20,rank4,peak_memory,6,83.1171875,MiB_peak_RSS,512,20
20,rank8,objective_gradient,0,0.003720100037753582,seconds,512,1
20,rank8,objective_gradient,1,0.002742100041359663,seconds,512,1
20,rank8,objective_gradient,2,0.0025476000737398863,seconds,512,1
20,rank8,objective_gradient,3,0.0025924998335540295,seconds,512,1
20,rank8,objective_gradient,4,0.0025031999684870243,seconds,512,1
20,rank8,objective_gradient,5,0.002591300057247281,seconds,512,1
20,rank8,objective_gradient,6,0.0028098998591303825,seconds,512,1
20,rank8,1000_iterations,0,0.4370601999107748,seconds,8,1000
20,rank8,1000_iterations,1,0.3529580000322312,seconds,8,1000
20,rank8,1000_iterations,2,0.44726979988627136,seconds,8,1000
20,rank8,1000_iterations,3,0.46857269993051887,seconds,8,1000
20,rank8,1000_iterations,4,0.4472956000827253,seconds,8,1000
20,rank8,1000_iterations,5,0.47232790011912584,seconds,8,1000
20,rank8,1000_iterations,6,0.44420650019310415,seconds,8,1000
20,rank8,10000_samples,0,0.01902240002527833,seconds,10000,1
20,rank8,10000_samples,1,0.01805500010959804,seconds,10000,1
20,rank8,10000_samples,2,0.018498099874705076,seconds,10000,1
20,rank8,10000_samples,3,0.01776429987512529,seconds,10000,1
20,rank8,10000_samples,4,0.015726299956440926,seconds,10000,1
20,rank8,10000_samples,5,0.03200230002403259,seconds,10000,1
20,rank8,10000_samples,6,0.02628019987605512,seconds,10000,1
20,rank8,peak_memory,0,83.23828125,MiB_peak_RSS,512,20
20,rank8,peak_memory,1,83.23828125,MiB_peak_RSS,512,20
20,rank8,peak_memory,2,83.23828125,MiB_peak_RSS,512,20
20,rank8,peak_memory,3,83.23828125,MiB_peak_RSS,512,20
20,rank8,peak_memory,4,83.23828125,MiB_peak_RSS,512,20
20,rank8,peak_memory,5,83.23828125,MiB_peak_RSS,512,20
20,rank8,peak_memory,6,83.23828125,MiB_peak_RSS,512,20
20,full,objective_gradient,0,0.002571400022134185,seconds,512,1
20,full,objective_gradient,1,0.0024435000959783792,seconds,512,1
20,full,objective_gradient,2,0.0030562998726963997,seconds,512,1
20,full,objective_gradient,3,0.002599499886855483,seconds,512,1
20,full,objective_gradient,4,0.005736600141972303,seconds,512,1
20,full,objective_gradient,5,0.0027111999224871397,seconds,512,1
20,full,objective_gradient,6,0.0046715999487787485,seconds,512,1
20,full,1000_iterations,0,0.561688199872151,seconds,8,1000
20,full,1000_iterations,1,0.5763683998957276,seconds,8,1000
20,full,1000_iterations,2,0.5845866000745445,seconds,8,1000
20,full,1000_iterations,3,0.5204421000089496,seconds,8,1000
20,full,1000_iterations,4,0.5254639000631869,seconds,8,1000
20,full,1000_iterations,5,0.5632362999022007,seconds,8,1000
20,full,1000_iterations,6,0.6158634999301285,seconds,8,1000
20,full,10000_samples,0,0.01355250016786158,seconds,10000,1
20,full,10000_samples,1,0.013842900050804019,seconds,10000,1
20,full,10000_samples,2,0.013652200112119317,seconds,10000,1
20,full,10000_samples,3,0.014047899981960654,seconds,10000,1
20,full,10000_samples,4,0.013537999941036105,seconds,10000,1
20,full,10000_samples,5,0.01368580013513565,seconds,10000,1
20,full,10000_samples,6,0.014751600101590157,seconds,10000,1
20,full,peak_memory,0,83.2734375,MiB_peak_RSS,512,20
20,full,peak_memory,1,83.2734375,MiB_peak_RSS,512,20
20,full,peak_memory,2,83.2734375,MiB_peak_RSS,512,20
20,full,peak_memory,3,83.2734375,MiB_peak_RSS,512,20
20,full,peak_memory,4,83.2734375,MiB_peak_RSS,512,20
20,full,peak_memory,5,83.2734375,MiB_peak_RSS,512,20
20,full,peak_memory,6,83.2734375,MiB_peak_RSS,512,20
40,shared,posterior_construction,0,0.020681400084868073,seconds,0,1
40,shared,posterior_construction,1,0.018799099838361144,seconds,0,1
40,shared,posterior_construction,2,0.01997080002911389,seconds,0,1
40,shared,posterior_construction,3,0.02160340012051165,seconds,0,1
40,shared,posterior_construction,4,0.017514700070023537,seconds,0,1
40,shared,posterior_construction,5,0.019835500046610832,seconds,0,1
40,shared,posterior_construction,6,0.01980470004491508,seconds,0,1
40,shared,target_factorization,0,0.00014160014688968658,seconds,0,1
40,shared,target_factorization,1,0.00013609998859465122,seconds,0,1
40,shared,target_factorization,2,0.0001346999779343605,seconds,0,1
40,shared,target_factorization,3,0.0001417000312358141,seconds,0,1
40,shared,target_factorization,4,0.00016700010746717453,seconds,0,1
40,shared,target_factorization,5,0.0002172000240534544,seconds,0,1
40,shared,target_factorization,6,0.00015219999477267265,seconds,0,1
40,diag,objective_gradient,0,0.004546900046989322,seconds,512,1
40,diag,objective_gradient,1,0.003724300069734454,seconds,512,1
40,diag,objective_gradient,2,0.0040818999987095594,seconds,512,1
40,diag,objective_gradient,3,0.0033486001193523407,seconds,512,1
40,diag,objective_gradient,4,0.004292599856853485,seconds,512,1
40,diag,objective_gradient,5,0.0036934998352080584,seconds,512,1
40,diag,objective_gradient,6,0.003204100066795945,seconds,512,1
40,diag,1000_iterations,0,0.3033735000062734,seconds,8,1000
40,diag,1000_iterations,1,0.25558310002088547,seconds,8,1000
40,diag,1000_iterations,2,0.25940580014139414,seconds,8,1000
40,diag,1000_iterations,3,0.3154606001917273,seconds,8,1000
40,diag,1000_iterations,4,0.2920071999542415,seconds,8,1000
40,diag,1000_iterations,5,0.32634130003862083,seconds,8,1000
40,diag,1000_iterations,6,0.28163370001129806,seconds,8,1000
40,diag,10000_samples,0,0.021663800114765763,seconds,10000,1
40,diag,10000_samples,1,0.021292799850925803,seconds,10000,1
40,diag,10000_samples,2,0.02359150000847876,seconds,10000,1
40,diag,10000_samples,3,0.019326400011777878,seconds,10000,1
40,diag,10000_samples,4,0.019159600138664246,seconds,10000,1
40,diag,10000_samples,5,0.020347799872979522,seconds,10000,1
40,diag,10000_samples,6,0.02058019977994263,seconds,10000,1
40,diag,peak_memory,0,84.0078125,MiB_peak_RSS,512,20
40,diag,peak_memory,1,84.0078125,MiB_peak_RSS,512,20
40,diag,peak_memory,2,84.0078125,MiB_peak_RSS,512,20
40,diag,peak_memory,3,84.0078125,MiB_peak_RSS,512,20
40,diag,peak_memory,4,84.0078125,MiB_peak_RSS,512,20
40,diag,peak_memory,5,84.0078125,MiB_peak_RSS,512,20
40,diag,peak_memory,6,84.0078125,MiB_peak_RSS,512,20
40,rank2,objective_gradient,0,0.00621700007468462,seconds,512,1
40,rank2,objective_gradient,1,0.0050258999690413475,seconds,512,1
40,rank2,objective_gradient,2,0.004093199968338013,seconds,512,1
40,rank2,objective_gradient,3,0.003717700019478798,seconds,512,1
40,rank2,objective_gradient,4,0.0038620000705122948,seconds,512,1
40,rank2,objective_gradient,5,0.0037091998383402824,seconds,512,1
40,rank2,objective_gradient,6,0.003855000017210841,seconds,512,1
40,rank2,1000_iterations,0,0.44417689996771514,seconds,8,1000
40,rank2,1000_iterations,1,0.36902319989167154,seconds,8,1000
40,rank2,1000_iterations,2,0.412805600091815,seconds,8,1000
40,rank2,1000_iterations,3,0.4285268001258373,seconds,8,1000
40,rank2,1000_iterations,4,0.5122839999385178,seconds,8,1000
40,rank2,1000_iterations,5,0.4277061000466347,seconds,8,1000
40,rank2,1000_iterations,6,0.4059395999647677,seconds,8,1000
40,rank2,10000_samples,0,0.02597550000064075,seconds,10000,1
40,rank2,10000_samples,1,0.025743399979546666,seconds,10000,1
40,rank2,10000_samples,2,0.02839069999754429,seconds,10000,1
40,rank2,10000_samples,3,0.025157799944281578,seconds,10000,1
40,rank2,10000_samples,4,0.02188680018298328,seconds,10000,1
40,rank2,10000_samples,5,0.026905599981546402,seconds,10000,1
40,rank2,10000_samples,6,0.02631009998731315,seconds,10000,1
40,rank2,peak_memory,0,84.25390625,MiB_peak_RSS,512,20
40,rank2,peak_memory,1,84.25390625,MiB_peak_RSS,512,20
40,rank2,peak_memory,2,84.25390625,MiB_peak_RSS,512,20
40,rank2,peak_memory,3,84.25390625,MiB_peak_RSS,512,20
40,rank2,peak_memory,4,84.25390625,MiB_peak_RSS,512,20
40,rank2,peak_memory,5,84.25390625,MiB_peak_RSS,512,20
40,rank2,peak_memory,6,84.25390625,MiB_peak_RSS,512,20
40,rank4,objective_gradient,0,0.004522399976849556,seconds,512,1
40,rank4,objective_gradient,1,0.004146599909290671,seconds,512,1
40,rank4,objective_gradient,2,0.004674500087276101,seconds,512,1
40,rank4,objective_gradient,3,0.004245599964633584,seconds,512,1
40,rank4,objective_gradient,4,0.003905699821189046,seconds,512,1
40,rank4,objective_gradient,5,0.003938399953767657,seconds,512,1
40,rank4,objective_gradient,6,0.008138500154018402,seconds,512,1
40,rank4,1000_iterations,0,0.4244617000222206,seconds,8,1000
40,rank4,1000_iterations,1,0.43615849991329014,seconds,8,1000
40,rank4,1000_iterations,2,0.38921399996615946,seconds,8,1000
40,rank4,1000_iterations,3,0.4027668999042362,seconds,8,1000
40,rank4,1000_iterations,4,0.410696699982509,seconds,8,1000
40,rank4,1000_iterations,5,0.40265189995989203,seconds,8,1000
40,rank4,1000_iterations,6,0.4350606999360025,seconds,8,1000
40,rank4,10000_samples,0,0.028443900169804692,seconds,10000,1
40,rank4,10000_samples,1,0.027003400027751923,seconds,10000,1
40,rank4,10000_samples,2,0.02483149990439415,seconds,10000,1
40,rank4,10000_samples,3,0.026587999891489744,seconds,10000,1
40,rank4,10000_samples,4,0.02638770011253655,seconds,10000,1
40,rank4,10000_samples,5,0.027613200014457107,seconds,10000,1
40,rank4,10000_samples,6,0.02864990010857582,seconds,10000,1
40,rank4,peak_memory,0,84.8046875,MiB_peak_RSS,512,20
40,rank4,peak_memory,1,84.8046875,MiB_peak_RSS,512,20
40,rank4,peak_memory,2,84.8046875,MiB_peak_RSS,512,20
40,rank4,peak_memory,3,84.8046875,MiB_peak_RSS,512,20
40,rank4,peak_memory,4,84.8046875,MiB_peak_RSS,512,20
40,rank4,peak_memory,5,84.8046875,MiB_peak_RSS,512,20
40,rank4,peak_memory,6,84.8046875,MiB_peak_RSS,512,20
40,rank8,objective_gradient,0,0.0038487999700009823,seconds,512,1
40,rank8,objective_gradient,1,0.003942399984225631,seconds,512,1
40,rank8,objective_gradient,2,0.0038830998819321394,seconds,512,1
40,rank8,objective_gradient,3,0.004645700100809336,seconds,512,1
40,rank8,objective_gradient,4,0.004068500129505992,seconds,512,1
40,rank8,objective_gradient,5,0.0046963999047875404,seconds,512,1
40,rank8,objective_gradient,6,0.003689100034534931,seconds,512,1
40,rank8,1000_iterations,0,0.4053376999218017,seconds,8,1000
40,rank8,1000_iterations,1,0.3872159000020474,seconds,8,1000
40,rank8,1000_iterations,2,0.447912200121209,seconds,8,1000
40,rank8,1000_iterations,3,0.4625470999162644,seconds,8,1000
40,rank8,1000_iterations,4,0.40792879997752607,seconds,8,1000
40,rank8,1000_iterations,5,0.39714660006575286,seconds,8,1000
40,rank8,1000_iterations,6,0.4638533000834286,seconds,8,1000
40,rank8,10000_samples,0,0.02798449993133545,seconds,10000,1
40,rank8,10000_samples,1,0.027880999958142638,seconds,10000,1
40,rank8,10000_samples,2,0.02704400010406971,seconds,10000,1
40,rank8,10000_samples,3,0.027426799992099404,seconds,10000,1
40,rank8,10000_samples,4,0.028369899839162827,seconds,10000,1
40,rank8,10000_samples,5,0.03019240009598434,seconds,10000,1
40,rank8,10000_samples,6,0.02837890014052391,seconds,10000,1
40,rank8,peak_memory,0,85.06640625,MiB_peak_RSS,512,20
40,rank8,peak_memory,1,85.06640625,MiB_peak_RSS,512,20
40,rank8,peak_memory,2,85.06640625,MiB_peak_RSS,512,20
40,rank8,peak_memory,3,85.06640625,MiB_peak_RSS,512,20
40,rank8,peak_memory,4,85.06640625,MiB_peak_RSS,512,20
40,rank8,peak_memory,5,85.06640625,MiB_peak_RSS,512,20
40,rank8,peak_memory,6,85.06640625,MiB_peak_RSS,512,20
40,full,objective_gradient,0,0.004443200072273612,seconds,512,1
40,full,objective_gradient,1,0.004814100218936801,seconds,512,1
40,full,objective_gradient,2,0.004238200141116977,seconds,512,1
40,full,objective_gradient,3,0.004036800004541874,seconds,512,1
40,full,objective_gradient,4,0.004302100045606494,seconds,512,1
40,full,objective_gradient,5,0.004468400031328201,seconds,512,1
40,full,objective_gradient,6,0.004184599965810776,seconds,512,1
40,full,1000_iterations,0,0.7599965000990778,seconds,8,1000
40,full,1000_iterations,1,0.68762920005247,seconds,8,1000
40,full,1000_iterations,2,0.737706399988383,seconds,8,1000
40,full,1000_iterations,3,0.7301235001068562,seconds,8,1000
40,full,1000_iterations,4,0.676756399916485,seconds,8,1000
40,full,1000_iterations,5,0.6674308001529425,seconds,8,1000
40,full,1000_iterations,6,0.6963652002159506,seconds,8,1000
40,full,10000_samples,0,0.030188299948349595,seconds,10000,1
40,full,10000_samples,1,0.029955399921163917,seconds,10000,1
40,full,10000_samples,2,0.028344899881631136,seconds,10000,1
40,full,10000_samples,3,0.03034480009227991,seconds,10000,1
40,full,10000_samples,4,0.03162020002491772,seconds,10000,1
40,full,10000_samples,5,0.03303919988684356,seconds,10000,1
40,full,10000_samples,6,0.03180369990877807,seconds,10000,1
40,full,peak_memory,0,85.0703125,MiB_peak_RSS,512,20
40,full,peak_memory,1,85.0703125,MiB_peak_RSS,512,20
40,full,peak_memory,2,85.0703125,MiB_peak_RSS,512,20
40,full,peak_memory,3,85.0703125,MiB_peak_RSS,512,20
40,full,peak_memory,4,85.0703125,MiB_peak_RSS,512,20
40,full,peak_memory,5,85.0703125,MiB_peak_RSS,512,20
40,full,peak_memory,6,85.0703125,MiB_peak_RSS,512,20
80,shared,posterior_construction,0,0.027756999945268035,seconds,0,1
80,shared,posterior_construction,1,0.02987660001963377,seconds,0,1
80,shared,posterior_construction,2,0.03028089995495975,seconds,0,1
80,shared,posterior_construction,3,0.03028580010868609,seconds,0,1
80,shared,posterior_construction,4,0.030052399961277843,seconds,0,1
80,shared,posterior_construction,5,0.03170090005733073,seconds,0,1
80,shared,posterior_construction,6,0.029633200028911233,seconds,0,1
80,shared,target_factorization,0,0.002033199882134795,seconds,0,1
80,shared,target_factorization,1,0.0012592000421136618,seconds,0,1
80,shared,target_factorization,2,0.0014913000632077456,seconds,0,1
80,shared,target_factorization,3,0.001231699949130416,seconds,0,1
80,shared,target_factorization,4,0.0012666999828070402,seconds,0,1
80,shared,target_factorization,5,0.0012753000482916832,seconds,0,1
80,shared,target_factorization,6,0.0013145999982953072,seconds,0,1
80,diag,objective_gradient,0,0.00733740022405982,seconds,512,1
80,diag,objective_gradient,1,0.009266100125387311,seconds,512,1
80,diag,objective_gradient,2,0.008340300060808659,seconds,512,1
80,diag,objective_gradient,3,0.008349400013685226,seconds,512,1
80,diag,objective_gradient,4,0.00868489989079535,seconds,512,1
80,diag,objective_gradient,5,0.008919599931687117,seconds,512,1
80,diag,objective_gradient,6,0.008582000155001879,seconds,512,1
80,diag,1000_iterations,0,0.36435120017267764,seconds,8,1000
80,diag,1000_iterations,1,0.3293708001729101,seconds,8,1000
80,diag,1000_iterations,2,0.3774266999680549,seconds,8,1000
80,diag,1000_iterations,3,0.3770721999462694,seconds,8,1000
80,diag,1000_iterations,4,0.4113702999893576,seconds,8,1000
80,diag,1000_iterations,5,0.536215899977833,seconds,8,1000
80,diag,1000_iterations,6,0.38928140001371503,seconds,8,1000
80,diag,10000_samples,0,0.056068499805405736,seconds,10000,1
80,diag,10000_samples,1,0.052138099912554026,seconds,10000,1
80,diag,10000_samples,2,0.053980400087311864,seconds,10000,1
80,diag,10000_samples,3,0.059179500211030245,seconds,10000,1
80,diag,10000_samples,4,0.05729639995843172,seconds,10000,1
80,diag,10000_samples,5,0.052927699871361256,seconds,10000,1
80,diag,10000_samples,6,0.060275299940258265,seconds,10000,1
80,diag,peak_memory,0,86.921875,MiB_peak_RSS,512,20
80,diag,peak_memory,1,86.921875,MiB_peak_RSS,512,20
80,diag,peak_memory,2,86.921875,MiB_peak_RSS,512,20
80,diag,peak_memory,3,86.921875,MiB_peak_RSS,512,20
80,diag,peak_memory,4,86.921875,MiB_peak_RSS,512,20
80,diag,peak_memory,5,86.921875,MiB_peak_RSS,512,20
80,diag,peak_memory,6,86.921875,MiB_peak_RSS,512,20
80,rank2,objective_gradient,0,0.015245500020682812,seconds,512,1
80,rank2,objective_gradient,1,0.01217440003529191,seconds,512,1
80,rank2,objective_gradient,2,0.012937300140038133,seconds,512,1
80,rank2,objective_gradient,3,0.01047980017028749,seconds,512,1
80,rank2,objective_gradient,4,0.021847299998626113,seconds,512,1
80,rank2,objective_gradient,5,0.009343600133433938,seconds,512,1
80,rank2,objective_gradient,6,0.010781599907204509,seconds,512,1
80,rank2,1000_iterations,0,0.5313132000155747,seconds,8,1000
80,rank2,1000_iterations,1,0.46865090006031096,seconds,8,1000
80,rank2,1000_iterations,2,0.46061319997534156,seconds,8,1000
80,rank2,1000_iterations,3,0.46295149996876717,seconds,8,1000
80,rank2,1000_iterations,4,0.456531299976632,seconds,8,1000
80,rank2,1000_iterations,5,0.45136980013921857,seconds,8,1000
80,rank2,1000_iterations,6,0.47934220009483397,seconds,8,1000
80,rank2,10000_samples,0,0.05927750002592802,seconds,10000,1
80,rank2,10000_samples,1,0.05769050004892051,seconds,10000,1
80,rank2,10000_samples,2,0.05757639999501407,seconds,10000,1
80,rank2,10000_samples,3,0.05677729984745383,seconds,10000,1
80,rank2,10000_samples,4,0.06200070003978908,seconds,10000,1
80,rank2,10000_samples,5,0.06244280003011227,seconds,10000,1
80,rank2,10000_samples,6,0.05951300007291138,seconds,10000,1
80,rank2,peak_memory,0,87.63671875,MiB_peak_RSS,512,20
80,rank2,peak_memory,1,87.63671875,MiB_peak_RSS,512,20
80,rank2,peak_memory,2,87.63671875,MiB_peak_RSS,512,20
80,rank2,peak_memory,3,87.63671875,MiB_peak_RSS,512,20
80,rank2,peak_memory,4,87.63671875,MiB_peak_RSS,512,20
80,rank2,peak_memory,5,87.63671875,MiB_peak_RSS,512,20
80,rank2,peak_memory,6,87.63671875,MiB_peak_RSS,512,20
80,rank4,objective_gradient,0,0.008511200081557035,seconds,512,1
80,rank4,objective_gradient,1,0.0077043999917805195,seconds,512,1
80,rank4,objective_gradient,2,0.00867630005814135,seconds,512,1
80,rank4,objective_gradient,3,0.009137399960309267,seconds,512,1
80,rank4,objective_gradient,4,0.008489199914038181,seconds,512,1
80,rank4,objective_gradient,5,0.008447400061413646,seconds,512,1
80,rank4,objective_gradient,6,0.008907999843358994,seconds,512,1
80,rank4,1000_iterations,0,0.5039368998259306,seconds,8,1000
80,rank4,1000_iterations,1,0.49102080008015037,seconds,8,1000
80,rank4,1000_iterations,2,0.4984854001086205,seconds,8,1000
80,rank4,1000_iterations,3,0.4701440001372248,seconds,8,1000
80,rank4,1000_iterations,4,0.585561899933964,seconds,8,1000
80,rank4,1000_iterations,5,0.6191521000582725,seconds,8,1000
80,rank4,1000_iterations,6,0.5887349999975413,seconds,8,1000
80,rank4,10000_samples,0,0.06060700002126396,seconds,10000,1
80,rank4,10000_samples,1,0.060470799915492535,seconds,10000,1
80,rank4,10000_samples,2,0.06285230000503361,seconds,10000,1
80,rank4,10000_samples,3,0.060563200153410435,seconds,10000,1
80,rank4,10000_samples,4,0.059560400201007724,seconds,10000,1
80,rank4,10000_samples,5,0.061834000051021576,seconds,10000,1
80,rank4,10000_samples,6,0.061529700178653,seconds,10000,1
80,rank4,peak_memory,0,87.71484375,MiB_peak_RSS,512,20
80,rank4,peak_memory,1,87.71484375,MiB_peak_RSS,512,20
80,rank4,peak_memory,2,87.71484375,MiB_peak_RSS,512,20
80,rank4,peak_memory,3,87.71484375,MiB_peak_RSS,512,20
80,rank4,peak_memory,4,87.71484375,MiB_peak_RSS,512,20
80,rank4,peak_memory,5,87.71484375,MiB_peak_RSS,512,20
80,rank4,peak_memory,6,87.71484375,MiB_peak_RSS,512,20
80,rank8,objective_gradient,0,0.009867799933999777,seconds,512,1
80,rank8,objective_gradient,1,0.009233900113031268,seconds,512,1
80,rank8,objective_gradient,2,0.008633200079202652,seconds,512,1
80,rank8,objective_gradient,3,0.010179399978369474,seconds,512,1
80,rank8,objective_gradient,4,0.0094822000246495,seconds,512,1
80,rank8,objective_gradient,5,0.00992260011844337,seconds,512,1
80,rank8,objective_gradient,6,0.008840400027111173,seconds,512,1
80,rank8,1000_iterations,0,0.584715100005269,seconds,8,1000
80,rank8,1000_iterations,1,0.548875099979341,seconds,8,1000
80,rank8,1000_iterations,2,0.4956336000468582,seconds,8,1000
80,rank8,1000_iterations,3,0.4964195000939071,seconds,8,1000
80,rank8,1000_iterations,4,0.5419844000134617,seconds,8,1000
80,rank8,1000_iterations,5,0.5536972000263631,seconds,8,1000
80,rank8,1000_iterations,6,0.4694769000634551,seconds,8,1000
80,rank8,10000_samples,0,0.06136920000426471,seconds,10000,1
80,rank8,10000_samples,1,0.062413200037553906,seconds,10000,1
80,rank8,10000_samples,2,0.06257369997911155,seconds,10000,1
80,rank8,10000_samples,3,0.06445379997603595,seconds,10000,1
80,rank8,10000_samples,4,0.06544859986752272,seconds,10000,1
80,rank8,10000_samples,5,0.05937370005995035,seconds,10000,1
80,rank8,10000_samples,6,0.06314350012689829,seconds,10000,1
80,rank8,peak_memory,0,87.77734375,MiB_peak_RSS,512,20
80,rank8,peak_memory,1,87.77734375,MiB_peak_RSS,512,20
80,rank8,peak_memory,2,87.77734375,MiB_peak_RSS,512,20
80,rank8,peak_memory,3,87.77734375,MiB_peak_RSS,512,20
80,rank8,peak_memory,4,87.77734375,MiB_peak_RSS,512,20
80,rank8,peak_memory,5,87.77734375,MiB_peak_RSS,512,20
80,rank8,peak_memory,6,87.77734375,MiB_peak_RSS,512,20
80,full,objective_gradient,0,0.008999799843877554,seconds,512,1
80,full,objective_gradient,1,0.009376199916005135,seconds,512,1
80,full,objective_gradient,2,0.009400899987667799,seconds,512,1
80,full,objective_gradient,3,0.010088999988511205,seconds,512,1
80,full,objective_gradient,4,0.00914600002579391,seconds,512,1
80,full,objective_gradient,5,0.009917999850586057,seconds,512,1
80,full,objective_gradient,6,0.009252199903130531,seconds,512,1
80,full,1000_iterations,0,0.9993861999828368,seconds,8,1000
80,full,1000_iterations,1,1.0707385998684913,seconds,8,1000
80,full,1000_iterations,2,1.3863101999741048,seconds,8,1000
80,full,1000_iterations,3,1.0184444999322295,seconds,8,1000
80,full,1000_iterations,4,0.9366230999585241,seconds,8,1000
80,full,1000_iterations,5,0.9519074999261647,seconds,8,1000
80,full,1000_iterations,6,1.27630229992792,seconds,8,1000
80,full,10000_samples,0,0.06637230003252625,seconds,10000,1
80,full,10000_samples,1,0.0565247000195086,seconds,10000,1
80,full,10000_samples,2,0.054226200096309185,seconds,10000,1
80,full,10000_samples,3,0.0529596998821944,seconds,10000,1
80,full,10000_samples,4,0.05634639994241297,seconds,10000,1
80,full,10000_samples,5,0.0533330999314785,seconds,10000,1
80,full,10000_samples,6,0.05865750019438565,seconds,10000,1
80,full,peak_memory,0,88.140625,MiB_peak_RSS,512,20
80,full,peak_memory,1,88.140625,MiB_peak_RSS,512,20
80,full,peak_memory,2,88.140625,MiB_peak_RSS,512,20
80,full,peak_memory,3,88.140625,MiB_peak_RSS,512,20
80,full,peak_memory,4,88.140625,MiB_peak_RSS,512,20
80,full,peak_memory,5,88.140625,MiB_peak_RSS,512,20
80,full,peak_memory,6,88.140625,MiB_peak_RSS,512,20
160,shared,posterior_construction,0,0.053824400063604116,seconds,0,1
160,shared,posterior_construction,1,0.062267000088468194,seconds,0,1
160,shared,posterior_construction,2,0.06777910003438592,seconds,0,1
160,shared,posterior_construction,3,0.06694230018183589,seconds,0,1
160,shared,posterior_construction,4,0.06581040006130934,seconds,0,1
160,shared,posterior_construction,5,0.07349080010317266,seconds,0,1
160,shared,posterior_construction,6,0.06847700010985136,seconds,0,1
160,shared,target_factorization,0,0.004439900163561106,seconds,0,1
160,shared,target_factorization,1,0.0029466000851243734,seconds,0,1
160,shared,target_factorization,2,0.0026940000243484974,seconds,0,1
160,shared,target_factorization,3,0.0030779000371694565,seconds,0,1
160,shared,target_factorization,4,0.0031870000530034304,seconds,0,1
160,shared,target_factorization,5,0.003906800178810954,seconds,0,1
160,shared,target_factorization,6,0.0030489000491797924,seconds,0,1
160,diag,objective_gradient,0,0.01798369991593063,seconds,512,1
160,diag,objective_gradient,1,0.019859400112181902,seconds,512,1
160,diag,objective_gradient,2,0.018903099931776524,seconds,512,1
160,diag,objective_gradient,3,0.018840899923816323,seconds,512,1
160,diag,objective_gradient,4,0.02013329998590052,seconds,512,1
160,diag,objective_gradient,5,0.022794899996370077,seconds,512,1
160,diag,objective_gradient,6,0.019804400159046054,seconds,512,1
160,diag,1000_iterations,0,0.9830654000397772,seconds,8,1000
160,diag,1000_iterations,1,1.0326819999609143,seconds,8,1000
160,diag,1000_iterations,2,1.1521517999935895,seconds,8,1000
160,diag,1000_iterations,3,1.0438896999694407,seconds,8,1000
160,diag,1000_iterations,4,1.0516456998884678,seconds,8,1000
160,diag,1000_iterations,5,1.0008469999302179,seconds,8,1000
160,diag,1000_iterations,6,1.0200195999350399,seconds,8,1000
160,diag,10000_samples,0,0.08822420006617904,seconds,10000,1
160,diag,10000_samples,1,0.0998021000996232,seconds,10000,1
160,diag,10000_samples,2,0.09324480011127889,seconds,10000,1
160,diag,10000_samples,3,0.09303000010550022,seconds,10000,1
160,diag,10000_samples,4,0.0943348000291735,seconds,10000,1
160,diag,10000_samples,5,0.10412289993837476,seconds,10000,1
160,diag,10000_samples,6,0.09375049988739192,seconds,10000,1
160,diag,peak_memory,0,93.19140625,MiB_peak_RSS,512,20
160,diag,peak_memory,1,93.19140625,MiB_peak_RSS,512,20
160,diag,peak_memory,2,93.19140625,MiB_peak_RSS,512,20
160,diag,peak_memory,3,93.19140625,MiB_peak_RSS,512,20
160,diag,peak_memory,4,93.19140625,MiB_peak_RSS,512,20
160,diag,peak_memory,5,93.19140625,MiB_peak_RSS,512,20
160,diag,peak_memory,6,93.19140625,MiB_peak_RSS,512,20
160,rank2,objective_gradient,0,0.021022100001573563,seconds,512,1
160,rank2,objective_gradient,1,0.02106079994700849,seconds,512,1
160,rank2,objective_gradient,2,0.020596599904820323,seconds,512,1
160,rank2,objective_gradient,3,0.019801300019025803,seconds,512,1
160,rank2,objective_gradient,4,0.02054820000194013,seconds,512,1
160,rank2,objective_gradient,5,0.021409800043329597,seconds,512,1
160,rank2,objective_gradient,6,0.021997699979692698,seconds,512,1
160,rank2,1000_iterations,0,1.1588818000163883,seconds,8,1000
160,rank2,1000_iterations,1,1.1610532999038696,seconds,8,1000
160,rank2,1000_iterations,2,1.1572770001366735,seconds,8,1000
160,rank2,1000_iterations,3,1.1707188000436872,seconds,8,1000
160,rank2,1000_iterations,4,1.1615701001137495,seconds,8,1000
160,rank2,1000_iterations,5,1.1532871001400054,seconds,8,1000
160,rank2,1000_iterations,6,1.1740532999392599,seconds,8,1000
160,rank2,10000_samples,0,0.10930530005134642,seconds,10000,1
160,rank2,10000_samples,1,0.1157039999961853,seconds,10000,1
160,rank2,10000_samples,2,0.11886840010993183,seconds,10000,1
160,rank2,10000_samples,3,0.11556349997408688,seconds,10000,1
160,rank2,10000_samples,4,0.11075589992105961,seconds,10000,1
160,rank2,10000_samples,5,0.11295800004154444,seconds,10000,1
160,rank2,10000_samples,6,0.1121541999746114,seconds,10000,1
160,rank2,peak_memory,0,94.59375,MiB_peak_RSS,512,20
160,rank2,peak_memory,1,94.59375,MiB_peak_RSS,512,20
160,rank2,peak_memory,2,94.59375,MiB_peak_RSS,512,20
160,rank2,peak_memory,3,94.59375,MiB_peak_RSS,512,20
160,rank2,peak_memory,4,94.59375,MiB_peak_RSS,512,20
160,rank2,peak_memory,5,94.59375,MiB_peak_RSS,512,20
160,rank2,peak_memory,6,94.59375,MiB_peak_RSS,512,20
160,rank4,objective_gradient,0,0.021021399879828095,seconds,512,1
160,rank4,objective_gradient,1,0.021232900209724903,seconds,512,1
160,rank4,objective_gradient,2,0.022108800010755658,seconds,512,1
160,rank4,objective_gradient,3,0.021596199832856655,seconds,512,1
160,rank4,objective_gradient,4,0.023576100124046206,seconds,512,1
160,rank4,objective_gradient,5,0.023585700197145343,seconds,512,1
160,rank4,objective_gradient,6,0.023887299932539463,seconds,512,1
160,rank4,1000_iterations,0,1.1715693997684866,seconds,8,1000
160,rank4,1000_iterations,1,1.1831026999279857,seconds,8,1000
160,rank4,1000_iterations,2,1.1707419999875128,seconds,8,1000
160,rank4,1000_iterations,3,1.1857773999217898,seconds,8,1000
160,rank4,1000_iterations,4,1.1690197999123484,seconds,8,1000
160,rank4,1000_iterations,5,1.4369699999224395,seconds,8,1000
160,rank4,1000_iterations,6,1.347830899991095,seconds,8,1000
160,rank4,10000_samples,0,0.1205315999686718,seconds,10000,1
160,rank4,10000_samples,1,0.13428250001743436,seconds,10000,1
160,rank4,10000_samples,2,0.12292059999890625,seconds,10000,1
160,rank4,10000_samples,3,0.12329459981992841,seconds,10000,1
160,rank4,10000_samples,4,0.12359059997834265,seconds,10000,1
160,rank4,10000_samples,5,0.12054249993525445,seconds,10000,1
160,rank4,10000_samples,6,0.1361602998804301,seconds,10000,1
160,rank4,peak_memory,0,94.9375,MiB_peak_RSS,512,20
160,rank4,peak_memory,1,94.9375,MiB_peak_RSS,512,20
160,rank4,peak_memory,2,94.9375,MiB_peak_RSS,512,20
160,rank4,peak_memory,3,94.9375,MiB_peak_RSS,512,20
160,rank4,peak_memory,4,94.9375,MiB_peak_RSS,512,20
160,rank4,peak_memory,5,94.9375,MiB_peak_RSS,512,20
160,rank4,peak_memory,6,94.9375,MiB_peak_RSS,512,20
160,rank8,objective_gradient,0,0.02400530013255775,seconds,512,1
160,rank8,objective_gradient,1,0.023141700075939298,seconds,512,1
160,rank8,objective_gradient,2,0.022022099932655692,seconds,512,1
160,rank8,objective_gradient,3,0.02154959994368255,seconds,512,1
160,rank8,objective_gradient,4,0.022143200039863586,seconds,512,1
160,rank8,objective_gradient,5,0.021903600078076124,seconds,512,1
160,rank8,objective_gradient,6,0.02244929992593825,seconds,512,1
160,rank8,1000_iterations,0,1.7533299999777228,seconds,8,1000
160,rank8,1000_iterations,1,1.5073258001357317,seconds,8,1000
160,rank8,1000_iterations,2,1.5975255998782814,seconds,8,1000
160,rank8,1000_iterations,3,1.9593685998115689,seconds,8,1000
160,rank8,1000_iterations,4,1.6722825998440385,seconds,8,1000
160,rank8,1000_iterations,5,1.64607989997603,seconds,8,1000
160,rank8,1000_iterations,6,1.3076949000824243,seconds,8,1000
160,rank8,10000_samples,0,0.0954626000020653,seconds,10000,1
160,rank8,10000_samples,1,0.09946849988773465,seconds,10000,1
160,rank8,10000_samples,2,0.09656150010414422,seconds,10000,1
160,rank8,10000_samples,3,0.09668929991312325,seconds,10000,1
160,rank8,10000_samples,4,0.09751390013843775,seconds,10000,1
160,rank8,10000_samples,5,0.09880769997835159,seconds,10000,1
160,rank8,10000_samples,6,0.10183240007609129,seconds,10000,1
160,rank8,peak_memory,0,94.20703125,MiB_peak_RSS,512,20
160,rank8,peak_memory,1,94.20703125,MiB_peak_RSS,512,20
160,rank8,peak_memory,2,94.20703125,MiB_peak_RSS,512,20
160,rank8,peak_memory,3,94.20703125,MiB_peak_RSS,512,20
160,rank8,peak_memory,4,94.20703125,MiB_peak_RSS,512,20
160,rank8,peak_memory,5,94.20703125,MiB_peak_RSS,512,20
160,rank8,peak_memory,6,94.20703125,MiB_peak_RSS,512,20
